ISO-10303-21;
HEADER;
FILE_DESCRIPTION(('FreeCAD Model'),'2;1');
FILE_NAME('Open CASCADE Shape Model','2026-08-31T16:03:05',('FreeCAD'),(
    'FreeCAD'),'Open CASCADE STEP processor 7.8','FreeCAD','Unknown');
FILE_SCHEMA(('AUTOMOTIVE_DESIGN { 1 0 10303 214 1 1 1 1 }'));
ENDSEC;
DATA;
#1 = APPLICATION_PROTOCOL_DEFINITION('international standard',
  'automotive_design',2000,#2);
#2 = APPLICATION_CONTEXT(
  'core data for automotive mechanical design processes');
#3 = SHAPE_DEFINITION_REPRESENTATION(#4,#10);
#4 = PRODUCT_DEFINITION_SHAPE('','',#5);
#5 = PRODUCT_DEFINITION('design','',#6,#9);
#6 = PRODUCT_DEFINITION_FORMATION('','',#7);
#7 = PRODUCT('Open CASCADE STEP translator 7.8 1',
  'Open CASCADE STEP translator 7.8 1','',(#8));
#8 = PRODUCT_CONTEXT('',#2,'mechanical');
#9 = PRODUCT_DEFINITION_CONTEXT('part definition',#2,'design');
#10 = SHAPE_REPRESENTATION('',(#11,#15,#231,#447,#805,#1163,#2405,#3647,
    #3933,#4428,#4530,#6192,#7067,#7909,#8183,#8857,#9531),#10373);
#11 = AXIS2_PLACEMENT_3D('',#12,#13,#14);
#12 = CARTESIAN_POINT('',(0.,0.,0.));
#13 = DIRECTION('',(0.,0.,1.));
#14 = DIRECTION('',(1.,0.,-0.));
#15 = MANIFOLD_SOLID_BREP('',#16);
#16 = CLOSED_SHELL('',(#17,#73,#104,#128,#152,#176,#200,#217));
#17 = ADVANCED_FACE('',(#18),#68,.F.);
#18 = FACE_BOUND('',#19,.F.);
#19 = EDGE_LOOP('',(#20,#30,#38,#46,#54,#62));
#20 = ORIENTED_EDGE('',*,*,#21,.F.);
#21 = EDGE_CURVE('',#22,#24,#26,.T.);
#22 = VERTEX_POINT('',#23);
#23 = CARTESIAN_POINT('',(0.,285.,210.));
#24 = VERTEX_POINT('',#25);
#25 = CARTESIAN_POINT('',(0.,292.75735931288,210.));
#26 = LINE('',#27,#28);
#27 = CARTESIAN_POINT('',(0.,285.,210.));
#28 = VECTOR('',#29,1.);
#29 = DIRECTION('',(0.,1.,0.));
#30 = ORIENTED_EDGE('',*,*,#31,.F.);
#31 = EDGE_CURVE('',#32,#22,#34,.T.);
#32 = VERTEX_POINT('',#33);
#33 = CARTESIAN_POINT('',(0.,285.,0.));
#34 = LINE('',#35,#36);
#35 = CARTESIAN_POINT('',(0.,285.,0.));
#36 = VECTOR('',#37,1.);
#37 = DIRECTION('',(0.,0.,1.));
#38 = ORIENTED_EDGE('',*,*,#39,.T.);
#39 = EDGE_CURVE('',#32,#40,#42,.T.);
#40 = VERTEX_POINT('',#41);
#41 = CARTESIAN_POINT('',(0.,292.75735931288,0.));
#42 = LINE('',#43,#44);
#43 = CARTESIAN_POINT('',(0.,285.,0.));
#44 = VECTOR('',#45,1.);
#45 = DIRECTION('',(0.,1.,0.));
#46 = ORIENTED_EDGE('',*,*,#47,.T.);
#47 = EDGE_CURVE('',#40,#48,#50,.T.);
#48 = VERTEX_POINT('',#49);
#49 = CARTESIAN_POINT('',(0.,297.,4.242640687119));
#50 = LINE('',#51,#52);
#51 = CARTESIAN_POINT('',(4.440892098501E-16,289.40380592228,
    -3.353553390593));
#52 = VECTOR('',#53,1.);
#53 = DIRECTION('',(0.,0.707106781187,0.707106781187));
#54 = ORIENTED_EDGE('',*,*,#55,.T.);
#55 = EDGE_CURVE('',#48,#56,#58,.T.);
#56 = VERTEX_POINT('',#57);
#57 = CARTESIAN_POINT('',(0.,297.,205.75735931288));
#58 = LINE('',#59,#60);
#59 = CARTESIAN_POINT('',(0.,297.,0.));
#60 = VECTOR('',#61,1.);
#61 = DIRECTION('',(0.,0.,1.));
#62 = ORIENTED_EDGE('',*,*,#63,.T.);
#63 = EDGE_CURVE('',#56,#24,#64,.T.);
#64 = LINE('',#65,#66);
#65 = CARTESIAN_POINT('',(4.440892098501E-16,345.43933982822,
    157.31801948466));
#66 = VECTOR('',#67,1.);
#67 = DIRECTION('',(0.,-0.707106781187,0.707106781187));
#68 = PLANE('',#69);
#69 = AXIS2_PLACEMENT_3D('',#70,#71,#72);
#70 = CARTESIAN_POINT('',(0.,285.,0.));
#71 = DIRECTION('',(1.,0.,0.));
#72 = DIRECTION('',(0.,0.,1.));
#73 = ADVANCED_FACE('',(#74),#99,.T.);
#74 = FACE_BOUND('',#75,.T.);
#75 = EDGE_LOOP('',(#76,#77,#85,#93));
#76 = ORIENTED_EDGE('',*,*,#21,.F.);
#77 = ORIENTED_EDGE('',*,*,#78,.T.);
#78 = EDGE_CURVE('',#22,#79,#81,.T.);
#79 = VERTEX_POINT('',#80);
#80 = CARTESIAN_POINT('',(180.,285.,210.));
#81 = LINE('',#82,#83);
#82 = CARTESIAN_POINT('',(0.,285.,210.));
#83 = VECTOR('',#84,1.);
#84 = DIRECTION('',(1.,0.,0.));
#85 = ORIENTED_EDGE('',*,*,#86,.T.);
#86 = EDGE_CURVE('',#79,#87,#89,.T.);
#87 = VERTEX_POINT('',#88);
#88 = CARTESIAN_POINT('',(180.,292.75735931288,210.));
#89 = LINE('',#90,#91);
#90 = CARTESIAN_POINT('',(180.,285.,210.));
#91 = VECTOR('',#92,1.);
#92 = DIRECTION('',(0.,1.,0.));
#93 = ORIENTED_EDGE('',*,*,#94,.T.);
#94 = EDGE_CURVE('',#87,#24,#95,.T.);
#95 = LINE('',#96,#97);
#96 = CARTESIAN_POINT('',(-2.5,292.75735931288,210.));
#97 = VECTOR('',#98,1.);
#98 = DIRECTION('',(-1.,0.,0.));
#99 = PLANE('',#100);
#100 = AXIS2_PLACEMENT_3D('',#101,#102,#103);
#101 = CARTESIAN_POINT('',(0.,285.,210.));
#102 = DIRECTION('',(0.,0.,1.));
#103 = DIRECTION('',(1.,0.,0.));
#104 = ADVANCED_FACE('',(#105),#123,.T.);
#105 = FACE_BOUND('',#106,.T.);
#106 = EDGE_LOOP('',(#107,#115,#116,#117));
#107 = ORIENTED_EDGE('',*,*,#108,.F.);
#108 = EDGE_CURVE('',#56,#109,#111,.T.);
#109 = VERTEX_POINT('',#110);
#110 = CARTESIAN_POINT('',(180.,297.,205.75735931288));
#111 = LINE('',#112,#113);
#112 = CARTESIAN_POINT('',(-5.,297.,205.75735931288));
#113 = VECTOR('',#114,1.);
#114 = DIRECTION('',(1.,0.,0.));
#115 = ORIENTED_EDGE('',*,*,#63,.T.);
#116 = ORIENTED_EDGE('',*,*,#94,.F.);
#117 = ORIENTED_EDGE('',*,*,#118,.F.);
#118 = EDGE_CURVE('',#109,#87,#119,.T.);
#119 = LINE('',#120,#121);
#120 = CARTESIAN_POINT('',(180.,345.43933982822,157.31801948466));
#121 = VECTOR('',#122,1.);
#122 = DIRECTION('',(0.,-0.707106781187,0.707106781187));
#123 = PLANE('',#124);
#124 = AXIS2_PLACEMENT_3D('',#125,#126,#127);
#125 = CARTESIAN_POINT('',(-5.,297.,205.75735931288));
#126 = DIRECTION('',(0.,0.707106781187,0.707106781187));
#127 = DIRECTION('',(0.,-0.707106781187,0.707106781187));
#128 = ADVANCED_FACE('',(#129),#147,.T.);
#129 = FACE_BOUND('',#130,.T.);
#130 = EDGE_LOOP('',(#131,#139,#145,#146));
#131 = ORIENTED_EDGE('',*,*,#132,.F.);
#132 = EDGE_CURVE('',#133,#109,#135,.T.);
#133 = VERTEX_POINT('',#134);
#134 = CARTESIAN_POINT('',(180.,297.,4.242640687119));
#135 = LINE('',#136,#137);
#136 = CARTESIAN_POINT('',(180.,297.,0.));
#137 = VECTOR('',#138,1.);
#138 = DIRECTION('',(0.,0.,1.));
#139 = ORIENTED_EDGE('',*,*,#140,.F.);
#140 = EDGE_CURVE('',#48,#133,#141,.T.);
#141 = LINE('',#142,#143);
#142 = CARTESIAN_POINT('',(-5.,297.,4.242640687119));
#143 = VECTOR('',#144,1.);
#144 = DIRECTION('',(1.,0.,0.));
#145 = ORIENTED_EDGE('',*,*,#55,.T.);
#146 = ORIENTED_EDGE('',*,*,#108,.T.);
#147 = PLANE('',#148);
#148 = AXIS2_PLACEMENT_3D('',#149,#150,#151);
#149 = CARTESIAN_POINT('',(0.,297.,0.));
#150 = DIRECTION('',(0.,1.,0.));
#151 = DIRECTION('',(0.,0.,1.));
#152 = ADVANCED_FACE('',(#153),#171,.T.);
#153 = FACE_BOUND('',#154,.T.);
#154 = EDGE_LOOP('',(#155,#156,#164,#170));
#155 = ORIENTED_EDGE('',*,*,#140,.T.);
#156 = ORIENTED_EDGE('',*,*,#157,.F.);
#157 = EDGE_CURVE('',#158,#133,#160,.T.);
#158 = VERTEX_POINT('',#159);
#159 = CARTESIAN_POINT('',(180.,292.75735931288,0.));
#160 = LINE('',#161,#162);
#161 = CARTESIAN_POINT('',(180.,289.40380592228,-3.353553390593));
#162 = VECTOR('',#163,1.);
#163 = DIRECTION('',(0.,0.707106781187,0.707106781187));
#164 = ORIENTED_EDGE('',*,*,#165,.T.);
#165 = EDGE_CURVE('',#158,#40,#166,.T.);
#166 = LINE('',#167,#168);
#167 = CARTESIAN_POINT('',(-2.5,292.75735931288,4.440892098501E-16));
#168 = VECTOR('',#169,1.);
#169 = DIRECTION('',(-1.,0.,0.));
#170 = ORIENTED_EDGE('',*,*,#47,.T.);
#171 = PLANE('',#172);
#172 = AXIS2_PLACEMENT_3D('',#173,#174,#175);
#173 = CARTESIAN_POINT('',(-5.,289.92893218813,-2.828427124746));
#174 = DIRECTION('',(0.,0.707106781187,-0.707106781187));
#175 = DIRECTION('',(0.,0.707106781187,0.707106781187));
#176 = ADVANCED_FACE('',(#177),#195,.F.);
#177 = FACE_BOUND('',#178,.F.);
#178 = EDGE_LOOP('',(#179,#180,#188,#194));
#179 = ORIENTED_EDGE('',*,*,#39,.F.);
#180 = ORIENTED_EDGE('',*,*,#181,.T.);
#181 = EDGE_CURVE('',#32,#182,#184,.T.);
#182 = VERTEX_POINT('',#183);
#183 = CARTESIAN_POINT('',(180.,285.,0.));
#184 = LINE('',#185,#186);
#185 = CARTESIAN_POINT('',(0.,285.,0.));
#186 = VECTOR('',#187,1.);
#187 = DIRECTION('',(1.,0.,0.));
#188 = ORIENTED_EDGE('',*,*,#189,.T.);
#189 = EDGE_CURVE('',#182,#158,#190,.T.);
#190 = LINE('',#191,#192);
#191 = CARTESIAN_POINT('',(180.,285.,0.));
#192 = VECTOR('',#193,1.);
#193 = DIRECTION('',(0.,1.,0.));
#194 = ORIENTED_EDGE('',*,*,#165,.T.);
#195 = PLANE('',#196);
#196 = AXIS2_PLACEMENT_3D('',#197,#198,#199);
#197 = CARTESIAN_POINT('',(0.,285.,0.));
#198 = DIRECTION('',(0.,0.,1.));
#199 = DIRECTION('',(1.,0.,0.));
#200 = ADVANCED_FACE('',(#201),#212,.F.);
#201 = FACE_BOUND('',#202,.F.);
#202 = EDGE_LOOP('',(#203,#204,#205,#206));
#203 = ORIENTED_EDGE('',*,*,#181,.F.);
#204 = ORIENTED_EDGE('',*,*,#31,.T.);
#205 = ORIENTED_EDGE('',*,*,#78,.T.);
#206 = ORIENTED_EDGE('',*,*,#207,.F.);
#207 = EDGE_CURVE('',#182,#79,#208,.T.);
#208 = LINE('',#209,#210);
#209 = CARTESIAN_POINT('',(180.,285.,0.));
#210 = VECTOR('',#211,1.);
#211 = DIRECTION('',(0.,0.,1.));
#212 = PLANE('',#213);
#213 = AXIS2_PLACEMENT_3D('',#214,#215,#216);
#214 = CARTESIAN_POINT('',(0.,285.,0.));
#215 = DIRECTION('',(0.,1.,0.));
#216 = DIRECTION('',(0.,0.,1.));
#217 = ADVANCED_FACE('',(#218),#226,.T.);
#218 = FACE_BOUND('',#219,.T.);
#219 = EDGE_LOOP('',(#220,#221,#222,#223,#224,#225));
#220 = ORIENTED_EDGE('',*,*,#86,.F.);
#221 = ORIENTED_EDGE('',*,*,#207,.F.);
#222 = ORIENTED_EDGE('',*,*,#189,.T.);
#223 = ORIENTED_EDGE('',*,*,#157,.T.);
#224 = ORIENTED_EDGE('',*,*,#132,.T.);
#225 = ORIENTED_EDGE('',*,*,#118,.T.);
#226 = PLANE('',#227);
#227 = AXIS2_PLACEMENT_3D('',#228,#229,#230);
#228 = CARTESIAN_POINT('',(180.,285.,0.));
#229 = DIRECTION('',(1.,0.,0.));
#230 = DIRECTION('',(0.,0.,1.));
#231 = MANIFOLD_SOLID_BREP('',#232);
#232 = CLOSED_SHELL('',(#233,#289,#320,#344,#368,#392,#416,#433));
#233 = ADVANCED_FACE('',(#234),#284,.F.);
#234 = FACE_BOUND('',#235,.F.);
#235 = EDGE_LOOP('',(#236,#246,#254,#262,#270,#278));
#236 = ORIENTED_EDGE('',*,*,#237,.F.);
#237 = EDGE_CURVE('',#238,#240,#242,.T.);
#238 = VERTEX_POINT('',#239);
#239 = CARTESIAN_POINT('',(0.,0.,4.242640687119));
#240 = VERTEX_POINT('',#241);
#241 = CARTESIAN_POINT('',(0.,0.,205.75735931288));
#242 = LINE('',#243,#244);
#243 = CARTESIAN_POINT('',(0.,0.,0.));
#244 = VECTOR('',#245,1.);
#245 = DIRECTION('',(0.,0.,1.));
#246 = ORIENTED_EDGE('',*,*,#247,.F.);
#247 = EDGE_CURVE('',#248,#238,#250,.T.);
#248 = VERTEX_POINT('',#249);
#249 = CARTESIAN_POINT('',(0.,4.242640687119,0.));
#250 = LINE('',#251,#252);
#251 = CARTESIAN_POINT('',(4.440892098501E-16,4.596194077713,
    -0.353553390593));
#252 = VECTOR('',#253,1.);
#253 = DIRECTION('',(0.,-0.707106781187,0.707106781187));
#254 = ORIENTED_EDGE('',*,*,#255,.T.);
#255 = EDGE_CURVE('',#248,#256,#258,.T.);
#256 = VERTEX_POINT('',#257);
#257 = CARTESIAN_POINT('',(0.,12.,0.));
#258 = LINE('',#259,#260);
#259 = CARTESIAN_POINT('',(0.,0.,0.));
#260 = VECTOR('',#261,1.);
#261 = DIRECTION('',(0.,1.,0.));
#262 = ORIENTED_EDGE('',*,*,#263,.T.);
#263 = EDGE_CURVE('',#256,#264,#266,.T.);
#264 = VERTEX_POINT('',#265);
#265 = CARTESIAN_POINT('',(0.,12.,210.));
#266 = LINE('',#267,#268);
#267 = CARTESIAN_POINT('',(0.,12.,0.));
#268 = VECTOR('',#269,1.);
#269 = DIRECTION('',(0.,0.,1.));
#270 = ORIENTED_EDGE('',*,*,#271,.F.);
#271 = EDGE_CURVE('',#272,#264,#274,.T.);
#272 = VERTEX_POINT('',#273);
#273 = CARTESIAN_POINT('',(0.,4.242640687119,210.));
#274 = LINE('',#275,#276);
#275 = CARTESIAN_POINT('',(0.,0.,210.));
#276 = VECTOR('',#277,1.);
#277 = DIRECTION('',(0.,1.,0.));
#278 = ORIENTED_EDGE('',*,*,#279,.F.);
#279 = EDGE_CURVE('',#240,#272,#280,.T.);
#280 = LINE('',#281,#282);
#281 = CARTESIAN_POINT('',(4.440892098501E-16,-51.43933982822,
    154.31801948466));
#282 = VECTOR('',#283,1.);
#283 = DIRECTION('',(0.,0.707106781187,0.707106781187));
#284 = PLANE('',#285);
#285 = AXIS2_PLACEMENT_3D('',#286,#287,#288);
#286 = CARTESIAN_POINT('',(0.,0.,0.));
#287 = DIRECTION('',(1.,0.,0.));
#288 = DIRECTION('',(0.,0.,1.));
#289 = ADVANCED_FACE('',(#290),#315,.F.);
#290 = FACE_BOUND('',#291,.F.);
#291 = EDGE_LOOP('',(#292,#302,#308,#309));
#292 = ORIENTED_EDGE('',*,*,#293,.F.);
#293 = EDGE_CURVE('',#294,#296,#298,.T.);
#294 = VERTEX_POINT('',#295);
#295 = CARTESIAN_POINT('',(180.,0.,4.242640687119));
#296 = VERTEX_POINT('',#297);
#297 = CARTESIAN_POINT('',(180.,0.,205.75735931288));
#298 = LINE('',#299,#300);
#299 = CARTESIAN_POINT('',(180.,0.,0.));
#300 = VECTOR('',#301,1.);
#301 = DIRECTION('',(0.,0.,1.));
#302 = ORIENTED_EDGE('',*,*,#303,.F.);
#303 = EDGE_CURVE('',#238,#294,#304,.T.);
#304 = LINE('',#305,#306);
#305 = CARTESIAN_POINT('',(-5.,0.,4.242640687119));
#306 = VECTOR('',#307,1.);
#307 = DIRECTION('',(1.,0.,0.));
#308 = ORIENTED_EDGE('',*,*,#237,.T.);
#309 = ORIENTED_EDGE('',*,*,#310,.T.);
#310 = EDGE_CURVE('',#240,#296,#311,.T.);
#311 = LINE('',#312,#313);
#312 = CARTESIAN_POINT('',(-5.,0.,205.75735931288));
#313 = VECTOR('',#314,1.);
#314 = DIRECTION('',(1.,0.,0.));
#315 = PLANE('',#316);
#316 = AXIS2_PLACEMENT_3D('',#317,#318,#319);
#317 = CARTESIAN_POINT('',(0.,0.,0.));
#318 = DIRECTION('',(0.,1.,0.));
#319 = DIRECTION('',(0.,0.,1.));
#320 = ADVANCED_FACE('',(#321),#339,.F.);
#321 = FACE_BOUND('',#322,.F.);
#322 = EDGE_LOOP('',(#323,#324,#325,#333));
#323 = ORIENTED_EDGE('',*,*,#310,.F.);
#324 = ORIENTED_EDGE('',*,*,#279,.T.);
#325 = ORIENTED_EDGE('',*,*,#326,.F.);
#326 = EDGE_CURVE('',#327,#272,#329,.T.);
#327 = VERTEX_POINT('',#328);
#328 = CARTESIAN_POINT('',(180.,4.242640687119,210.));
#329 = LINE('',#330,#331);
#330 = CARTESIAN_POINT('',(-2.5,4.242640687119,210.));
#331 = VECTOR('',#332,1.);
#332 = DIRECTION('',(-1.,0.,0.));
#333 = ORIENTED_EDGE('',*,*,#334,.F.);
#334 = EDGE_CURVE('',#296,#327,#335,.T.);
#335 = LINE('',#336,#337);
#336 = CARTESIAN_POINT('',(180.,-51.43933982822,154.31801948466));
#337 = VECTOR('',#338,1.);
#338 = DIRECTION('',(0.,0.707106781187,0.707106781187));
#339 = PLANE('',#340);
#340 = AXIS2_PLACEMENT_3D('',#341,#342,#343);
#341 = CARTESIAN_POINT('',(-5.,0.,205.75735931288));
#342 = DIRECTION('',(0.,0.707106781187,-0.707106781187));
#343 = DIRECTION('',(0.,0.707106781187,0.707106781187));
#344 = ADVANCED_FACE('',(#345),#363,.T.);
#345 = FACE_BOUND('',#346,.T.);
#346 = EDGE_LOOP('',(#347,#348,#349,#357));
#347 = ORIENTED_EDGE('',*,*,#271,.F.);
#348 = ORIENTED_EDGE('',*,*,#326,.F.);
#349 = ORIENTED_EDGE('',*,*,#350,.T.);
#350 = EDGE_CURVE('',#327,#351,#353,.T.);
#351 = VERTEX_POINT('',#352);
#352 = CARTESIAN_POINT('',(180.,12.,210.));
#353 = LINE('',#354,#355);
#354 = CARTESIAN_POINT('',(180.,0.,210.));
#355 = VECTOR('',#356,1.);
#356 = DIRECTION('',(0.,1.,0.));
#357 = ORIENTED_EDGE('',*,*,#358,.F.);
#358 = EDGE_CURVE('',#264,#351,#359,.T.);
#359 = LINE('',#360,#361);
#360 = CARTESIAN_POINT('',(0.,12.,210.));
#361 = VECTOR('',#362,1.);
#362 = DIRECTION('',(1.,0.,0.));
#363 = PLANE('',#364);
#364 = AXIS2_PLACEMENT_3D('',#365,#366,#367);
#365 = CARTESIAN_POINT('',(0.,0.,210.));
#366 = DIRECTION('',(0.,0.,1.));
#367 = DIRECTION('',(1.,0.,0.));
#368 = ADVANCED_FACE('',(#369),#387,.T.);
#369 = FACE_BOUND('',#370,.T.);
#370 = EDGE_LOOP('',(#371,#379,#380,#381));
#371 = ORIENTED_EDGE('',*,*,#372,.F.);
#372 = EDGE_CURVE('',#256,#373,#375,.T.);
#373 = VERTEX_POINT('',#374);
#374 = CARTESIAN_POINT('',(180.,12.,0.));
#375 = LINE('',#376,#377);
#376 = CARTESIAN_POINT('',(0.,12.,0.));
#377 = VECTOR('',#378,1.);
#378 = DIRECTION('',(1.,0.,0.));
#379 = ORIENTED_EDGE('',*,*,#263,.T.);
#380 = ORIENTED_EDGE('',*,*,#358,.T.);
#381 = ORIENTED_EDGE('',*,*,#382,.F.);
#382 = EDGE_CURVE('',#373,#351,#383,.T.);
#383 = LINE('',#384,#385);
#384 = CARTESIAN_POINT('',(180.,12.,0.));
#385 = VECTOR('',#386,1.);
#386 = DIRECTION('',(0.,0.,1.));
#387 = PLANE('',#388);
#388 = AXIS2_PLACEMENT_3D('',#389,#390,#391);
#389 = CARTESIAN_POINT('',(0.,12.,0.));
#390 = DIRECTION('',(0.,1.,0.));
#391 = DIRECTION('',(0.,0.,1.));
#392 = ADVANCED_FACE('',(#393),#411,.F.);
#393 = FACE_BOUND('',#394,.F.);
#394 = EDGE_LOOP('',(#395,#396,#404,#410));
#395 = ORIENTED_EDGE('',*,*,#255,.F.);
#396 = ORIENTED_EDGE('',*,*,#397,.F.);
#397 = EDGE_CURVE('',#398,#248,#400,.T.);
#398 = VERTEX_POINT('',#399);
#399 = CARTESIAN_POINT('',(180.,4.242640687119,0.));
#400 = LINE('',#401,#402);
#401 = CARTESIAN_POINT('',(-2.5,4.242640687119,4.440892098501E-16));
#402 = VECTOR('',#403,1.);
#403 = DIRECTION('',(-1.,0.,0.));
#404 = ORIENTED_EDGE('',*,*,#405,.T.);
#405 = EDGE_CURVE('',#398,#373,#406,.T.);
#406 = LINE('',#407,#408);
#407 = CARTESIAN_POINT('',(180.,0.,0.));
#408 = VECTOR('',#409,1.);
#409 = DIRECTION('',(0.,1.,0.));
#410 = ORIENTED_EDGE('',*,*,#372,.F.);
#411 = PLANE('',#412);
#412 = AXIS2_PLACEMENT_3D('',#413,#414,#415);
#413 = CARTESIAN_POINT('',(0.,0.,0.));
#414 = DIRECTION('',(0.,0.,1.));
#415 = DIRECTION('',(1.,0.,0.));
#416 = ADVANCED_FACE('',(#417),#428,.F.);
#417 = FACE_BOUND('',#418,.F.);
#418 = EDGE_LOOP('',(#419,#420,#426,#427));
#419 = ORIENTED_EDGE('',*,*,#303,.T.);
#420 = ORIENTED_EDGE('',*,*,#421,.F.);
#421 = EDGE_CURVE('',#398,#294,#422,.T.);
#422 = LINE('',#423,#424);
#423 = CARTESIAN_POINT('',(180.,4.596194077713,-0.353553390593));
#424 = VECTOR('',#425,1.);
#425 = DIRECTION('',(0.,-0.707106781187,0.707106781187));
#426 = ORIENTED_EDGE('',*,*,#397,.T.);
#427 = ORIENTED_EDGE('',*,*,#247,.T.);
#428 = PLANE('',#429);
#429 = AXIS2_PLACEMENT_3D('',#430,#431,#432);
#430 = CARTESIAN_POINT('',(-5.,7.071067811865,-2.828427124746));
#431 = DIRECTION('',(0.,0.707106781187,0.707106781187));
#432 = DIRECTION('',(0.,-0.707106781187,0.707106781187));
#433 = ADVANCED_FACE('',(#434),#442,.T.);
#434 = FACE_BOUND('',#435,.T.);
#435 = EDGE_LOOP('',(#436,#437,#438,#439,#440,#441));
#436 = ORIENTED_EDGE('',*,*,#293,.F.);
#437 = ORIENTED_EDGE('',*,*,#421,.F.);
#438 = ORIENTED_EDGE('',*,*,#405,.T.);
#439 = ORIENTED_EDGE('',*,*,#382,.T.);
#440 = ORIENTED_EDGE('',*,*,#350,.F.);
#441 = ORIENTED_EDGE('',*,*,#334,.F.);
#442 = PLANE('',#443);
#443 = AXIS2_PLACEMENT_3D('',#444,#445,#446);
#444 = CARTESIAN_POINT('',(180.,0.,0.));
#445 = DIRECTION('',(1.,0.,0.));
#446 = DIRECTION('',(0.,0.,1.));
#447 = MANIFOLD_SOLID_BREP('',#448);
#448 = CLOSED_SHELL('',(#449,#489,#536,#560,#600,#617,#634,#685,#697,
    #728,#752,#776,#793));
#449 = ADVANCED_FACE('',(#450),#484,.F.);
#450 = FACE_BOUND('',#451,.F.);
#451 = EDGE_LOOP('',(#452,#462,#470,#478));
#452 = ORIENTED_EDGE('',*,*,#453,.F.);
#453 = EDGE_CURVE('',#454,#456,#458,.T.);
#454 = VERTEX_POINT('',#455);
#455 = CARTESIAN_POINT('',(0.,12.,4.242640687119));
#456 = VERTEX_POINT('',#457);
#457 = CARTESIAN_POINT('',(0.,12.,205.75735931288));
#458 = LINE('',#459,#460);
#459 = CARTESIAN_POINT('',(0.,12.,0.));
#460 = VECTOR('',#461,1.);
#461 = DIRECTION('',(0.,0.,1.));
#462 = ORIENTED_EDGE('',*,*,#463,.F.);
#463 = EDGE_CURVE('',#464,#454,#466,.T.);
#464 = VERTEX_POINT('',#465);
#465 = CARTESIAN_POINT('',(0.,285.,4.242640687119));
#466 = LINE('',#467,#468);
#467 = CARTESIAN_POINT('',(4.440892098501E-16,3.5,4.242640687119));
#468 = VECTOR('',#469,1.);
#469 = DIRECTION('',(0.,-1.,0.));
#470 = ORIENTED_EDGE('',*,*,#471,.T.);
#471 = EDGE_CURVE('',#464,#472,#474,.T.);
#472 = VERTEX_POINT('',#473);
#473 = CARTESIAN_POINT('',(0.,285.,205.75735931288));
#474 = LINE('',#475,#476);
#475 = CARTESIAN_POINT('',(0.,285.,0.));
#476 = VECTOR('',#477,1.);
#477 = DIRECTION('',(0.,0.,1.));
#478 = ORIENTED_EDGE('',*,*,#479,.T.);
#479 = EDGE_CURVE('',#472,#456,#480,.T.);
#480 = LINE('',#481,#482);
#481 = CARTESIAN_POINT('',(4.440892098501E-16,3.5,205.75735931288));
#482 = VECTOR('',#483,1.);
#483 = DIRECTION('',(0.,-1.,0.));
#484 = PLANE('',#485);
#485 = AXIS2_PLACEMENT_3D('',#486,#487,#488);
#486 = CARTESIAN_POINT('',(0.,12.,0.));
#487 = DIRECTION('',(1.,0.,0.));
#488 = DIRECTION('',(0.,0.,1.));
#489 = ADVANCED_FACE('',(#490),#531,.F.);
#490 = FACE_BOUND('',#491,.F.);
#491 = EDGE_LOOP('',(#492,#502,#508,#509,#517,#525));
#492 = ORIENTED_EDGE('',*,*,#493,.F.);
#493 = EDGE_CURVE('',#494,#496,#498,.T.);
#494 = VERTEX_POINT('',#495);
#495 = CARTESIAN_POINT('',(4.242640687119,12.,0.));
#496 = VERTEX_POINT('',#497);
#497 = CARTESIAN_POINT('',(12.,12.,0.));
#498 = LINE('',#499,#500);
#499 = CARTESIAN_POINT('',(0.,12.,0.));
#500 = VECTOR('',#501,1.);
#501 = DIRECTION('',(1.,0.,0.));
#502 = ORIENTED_EDGE('',*,*,#503,.F.);
#503 = EDGE_CURVE('',#454,#494,#504,.T.);
#504 = LINE('',#505,#506);
#505 = CARTESIAN_POINT('',(-0.353553390593,12.,4.596194077713));
#506 = VECTOR('',#507,1.);
#507 = DIRECTION('',(0.707106781187,0.,-0.707106781187));
#508 = ORIENTED_EDGE('',*,*,#453,.T.);
#509 = ORIENTED_EDGE('',*,*,#510,.T.);
#510 = EDGE_CURVE('',#456,#511,#513,.T.);
#511 = VERTEX_POINT('',#512);
#512 = CARTESIAN_POINT('',(4.242640687119,12.,210.));
#513 = LINE('',#514,#515);
#514 = CARTESIAN_POINT('',(-52.85355339059,12.,152.90380592228));
#515 = VECTOR('',#516,1.);
#516 = DIRECTION('',(0.707106781187,0.,0.707106781187));
#517 = ORIENTED_EDGE('',*,*,#518,.T.);
#518 = EDGE_CURVE('',#511,#519,#521,.T.);
#519 = VERTEX_POINT('',#520);
#520 = CARTESIAN_POINT('',(12.,12.,210.));
#521 = LINE('',#522,#523);
#522 = CARTESIAN_POINT('',(0.,12.,210.));
#523 = VECTOR('',#524,1.);
#524 = DIRECTION('',(1.,0.,0.));
#525 = ORIENTED_EDGE('',*,*,#526,.F.);
#526 = EDGE_CURVE('',#496,#519,#527,.T.);
#527 = LINE('',#528,#529);
#528 = CARTESIAN_POINT('',(12.,12.,0.));
#529 = VECTOR('',#530,1.);
#530 = DIRECTION('',(0.,0.,1.));
#531 = PLANE('',#532);
#532 = AXIS2_PLACEMENT_3D('',#533,#534,#535);
#533 = CARTESIAN_POINT('',(0.,12.,0.));
#534 = DIRECTION('',(0.,1.,0.));
#535 = DIRECTION('',(0.,0.,1.));
#536 = ADVANCED_FACE('',(#537),#555,.T.);
#537 = FACE_BOUND('',#538,.T.);
#538 = EDGE_LOOP('',(#539,#547,#553,#554));
#539 = ORIENTED_EDGE('',*,*,#540,.T.);
#540 = EDGE_CURVE('',#511,#541,#543,.T.);
#541 = VERTEX_POINT('',#542);
#542 = CARTESIAN_POINT('',(4.242640687119,285.,210.));
#543 = LINE('',#544,#545);
#544 = CARTESIAN_POINT('',(4.242640687119,-5.,210.));
#545 = VECTOR('',#546,1.);
#546 = DIRECTION('',(0.,1.,0.));
#547 = ORIENTED_EDGE('',*,*,#548,.F.);
#548 = EDGE_CURVE('',#472,#541,#549,.T.);
#549 = LINE('',#550,#551);
#550 = CARTESIAN_POINT('',(-52.85355339059,285.,152.90380592228));
#551 = VECTOR('',#552,1.);
#552 = DIRECTION('',(0.707106781187,0.,0.707106781187));
#553 = ORIENTED_EDGE('',*,*,#479,.T.);
#554 = ORIENTED_EDGE('',*,*,#510,.T.);
#555 = PLANE('',#556);
#556 = AXIS2_PLACEMENT_3D('',#557,#558,#559);
#557 = CARTESIAN_POINT('',(-2.828427124746,-5.,202.92893218813));
#558 = DIRECTION('',(-0.707106781187,0.,0.707106781187));
#559 = DIRECTION('',(0.707106781187,0.,0.707106781187));
#560 = ADVANCED_FACE('',(#561),#595,.T.);
#561 = FACE_BOUND('',#562,.T.);
#562 = EDGE_LOOP('',(#563,#573,#579,#580,#581,#589));
#563 = ORIENTED_EDGE('',*,*,#564,.F.);
#564 = EDGE_CURVE('',#565,#567,#569,.T.);
#565 = VERTEX_POINT('',#566);
#566 = CARTESIAN_POINT('',(4.242640687119,285.,0.));
#567 = VERTEX_POINT('',#568);
#568 = CARTESIAN_POINT('',(12.,285.,0.));
#569 = LINE('',#570,#571);
#570 = CARTESIAN_POINT('',(0.,285.,0.));
#571 = VECTOR('',#572,1.);
#572 = DIRECTION('',(1.,0.,0.));
#573 = ORIENTED_EDGE('',*,*,#574,.F.);
#574 = EDGE_CURVE('',#464,#565,#575,.T.);
#575 = LINE('',#576,#577);
#576 = CARTESIAN_POINT('',(-0.353553390593,285.,4.596194077713));
#577 = VECTOR('',#578,1.);
#578 = DIRECTION('',(0.707106781187,0.,-0.707106781187));
#579 = ORIENTED_EDGE('',*,*,#471,.T.);
#580 = ORIENTED_EDGE('',*,*,#548,.T.);
#581 = ORIENTED_EDGE('',*,*,#582,.T.);
#582 = EDGE_CURVE('',#541,#583,#585,.T.);
#583 = VERTEX_POINT('',#584);
#584 = CARTESIAN_POINT('',(12.,285.,210.));
#585 = LINE('',#586,#587);
#586 = CARTESIAN_POINT('',(0.,285.,210.));
#587 = VECTOR('',#588,1.);
#588 = DIRECTION('',(1.,0.,0.));
#589 = ORIENTED_EDGE('',*,*,#590,.F.);
#590 = EDGE_CURVE('',#567,#583,#591,.T.);
#591 = LINE('',#592,#593);
#592 = CARTESIAN_POINT('',(12.,285.,0.));
#593 = VECTOR('',#594,1.);
#594 = DIRECTION('',(0.,0.,1.));
#595 = PLANE('',#596);
#596 = AXIS2_PLACEMENT_3D('',#597,#598,#599);
#597 = CARTESIAN_POINT('',(0.,285.,0.));
#598 = DIRECTION('',(0.,1.,0.));
#599 = DIRECTION('',(0.,0.,1.));
#600 = ADVANCED_FACE('',(#601),#612,.F.);
#601 = FACE_BOUND('',#602,.F.);
#602 = EDGE_LOOP('',(#603,#609,#610,#611));
#603 = ORIENTED_EDGE('',*,*,#604,.T.);
#604 = EDGE_CURVE('',#494,#565,#605,.T.);
#605 = LINE('',#606,#607);
#606 = CARTESIAN_POINT('',(4.242640687119,-5.,0.));
#607 = VECTOR('',#608,1.);
#608 = DIRECTION('',(0.,1.,0.));
#609 = ORIENTED_EDGE('',*,*,#574,.F.);
#610 = ORIENTED_EDGE('',*,*,#463,.T.);
#611 = ORIENTED_EDGE('',*,*,#503,.T.);
#612 = PLANE('',#613);
#613 = AXIS2_PLACEMENT_3D('',#614,#615,#616);
#614 = CARTESIAN_POINT('',(-2.828427124746,-5.,7.071067811865));
#615 = DIRECTION('',(0.707106781187,0.,0.707106781187));
#616 = DIRECTION('',(0.707106781187,0.,-0.707106781187));
#617 = ADVANCED_FACE('',(#618),#629,.F.);
#618 = FACE_BOUND('',#619,.F.);
#619 = EDGE_LOOP('',(#620,#621,#622,#623));
#620 = ORIENTED_EDGE('',*,*,#564,.F.);
#621 = ORIENTED_EDGE('',*,*,#604,.F.);
#622 = ORIENTED_EDGE('',*,*,#493,.T.);
#623 = ORIENTED_EDGE('',*,*,#624,.T.);
#624 = EDGE_CURVE('',#496,#567,#625,.T.);
#625 = LINE('',#626,#627);
#626 = CARTESIAN_POINT('',(12.,12.,0.));
#627 = VECTOR('',#628,1.);
#628 = DIRECTION('',(0.,1.,0.));
#629 = PLANE('',#630);
#630 = AXIS2_PLACEMENT_3D('',#631,#632,#633);
#631 = CARTESIAN_POINT('',(0.,12.,0.));
#632 = DIRECTION('',(0.,0.,1.));
#633 = DIRECTION('',(1.,0.,0.));
#634 = ADVANCED_FACE('',(#635,#646),#680,.T.);
#635 = FACE_BOUND('',#636,.T.);
#636 = EDGE_LOOP('',(#637,#638,#639,#640));
#637 = ORIENTED_EDGE('',*,*,#526,.F.);
#638 = ORIENTED_EDGE('',*,*,#624,.T.);
#639 = ORIENTED_EDGE('',*,*,#590,.T.);
#640 = ORIENTED_EDGE('',*,*,#641,.F.);
#641 = EDGE_CURVE('',#519,#583,#642,.T.);
#642 = LINE('',#643,#644);
#643 = CARTESIAN_POINT('',(12.,12.,210.));
#644 = VECTOR('',#645,1.);
#645 = DIRECTION('',(0.,1.,0.));
#646 = FACE_BOUND('',#647,.T.);
#647 = EDGE_LOOP('',(#648,#658,#666,#674));
#648 = ORIENTED_EDGE('',*,*,#649,.F.);
#649 = EDGE_CURVE('',#650,#652,#654,.T.);
#650 = VERTEX_POINT('',#651);
#651 = CARTESIAN_POINT('',(12.,169.,28.));
#652 = VERTEX_POINT('',#653);
#653 = CARTESIAN_POINT('',(12.,181.,28.));
#654 = LINE('',#655,#656);
#655 = CARTESIAN_POINT('',(12.,169.,28.));
#656 = VECTOR('',#657,1.);
#657 = DIRECTION('',(0.,1.,0.));
#658 = ORIENTED_EDGE('',*,*,#659,.T.);
#659 = EDGE_CURVE('',#650,#660,#662,.T.);
#660 = VERTEX_POINT('',#661);
#661 = CARTESIAN_POINT('',(12.,169.,182.));
#662 = LINE('',#663,#664);
#663 = CARTESIAN_POINT('',(12.,169.,28.));
#664 = VECTOR('',#665,1.);
#665 = DIRECTION('',(0.,0.,1.));
#666 = ORIENTED_EDGE('',*,*,#667,.T.);
#667 = EDGE_CURVE('',#660,#668,#670,.T.);
#668 = VERTEX_POINT('',#669);
#669 = CARTESIAN_POINT('',(12.,181.,182.));
#670 = LINE('',#671,#672);
#671 = CARTESIAN_POINT('',(12.,169.,182.));
#672 = VECTOR('',#673,1.);
#673 = DIRECTION('',(0.,1.,0.));
#674 = ORIENTED_EDGE('',*,*,#675,.F.);
#675 = EDGE_CURVE('',#652,#668,#676,.T.);
#676 = LINE('',#677,#678);
#677 = CARTESIAN_POINT('',(12.,181.,28.));
#678 = VECTOR('',#679,1.);
#679 = DIRECTION('',(0.,0.,1.));
#680 = PLANE('',#681);
#681 = AXIS2_PLACEMENT_3D('',#682,#683,#684);
#682 = CARTESIAN_POINT('',(12.,12.,0.));
#683 = DIRECTION('',(1.,0.,0.));
#684 = DIRECTION('',(0.,0.,1.));
#685 = ADVANCED_FACE('',(#686),#692,.T.);
#686 = FACE_BOUND('',#687,.T.);
#687 = EDGE_LOOP('',(#688,#689,#690,#691));
#688 = ORIENTED_EDGE('',*,*,#582,.F.);
#689 = ORIENTED_EDGE('',*,*,#540,.F.);
#690 = ORIENTED_EDGE('',*,*,#518,.T.);
#691 = ORIENTED_EDGE('',*,*,#641,.T.);
#692 = PLANE('',#693);
#693 = AXIS2_PLACEMENT_3D('',#694,#695,#696);
#694 = CARTESIAN_POINT('',(0.,12.,210.));
#695 = DIRECTION('',(0.,0.,1.));
#696 = DIRECTION('',(1.,0.,0.));
#697 = ADVANCED_FACE('',(#698),#723,.T.);
#698 = FACE_BOUND('',#699,.T.);
#699 = EDGE_LOOP('',(#700,#710,#716,#717));
#700 = ORIENTED_EDGE('',*,*,#701,.F.);
#701 = EDGE_CURVE('',#702,#704,#706,.T.);
#702 = VERTEX_POINT('',#703);
#703 = CARTESIAN_POINT('',(9.,169.,28.));
#704 = VERTEX_POINT('',#705);
#705 = CARTESIAN_POINT('',(9.,181.,28.));
#706 = LINE('',#707,#708);
#707 = CARTESIAN_POINT('',(9.,169.,28.));
#708 = VECTOR('',#709,1.);
#709 = DIRECTION('',(0.,1.,0.));
#710 = ORIENTED_EDGE('',*,*,#711,.T.);
#711 = EDGE_CURVE('',#702,#650,#712,.T.);
#712 = LINE('',#713,#714);
#713 = CARTESIAN_POINT('',(9.,169.,28.));
#714 = VECTOR('',#715,1.);
#715 = DIRECTION('',(1.,0.,0.));
#716 = ORIENTED_EDGE('',*,*,#649,.T.);
#717 = ORIENTED_EDGE('',*,*,#718,.F.);
#718 = EDGE_CURVE('',#704,#652,#719,.T.);
#719 = LINE('',#720,#721);
#720 = CARTESIAN_POINT('',(9.,181.,28.));
#721 = VECTOR('',#722,1.);
#722 = DIRECTION('',(1.,0.,0.));
#723 = PLANE('',#724);
#724 = AXIS2_PLACEMENT_3D('',#725,#726,#727);
#725 = CARTESIAN_POINT('',(9.,169.,28.));
#726 = DIRECTION('',(0.,0.,1.));
#727 = DIRECTION('',(1.,0.,0.));
#728 = ADVANCED_FACE('',(#729),#747,.F.);
#729 = FACE_BOUND('',#730,.F.);
#730 = EDGE_LOOP('',(#731,#732,#740,#746));
#731 = ORIENTED_EDGE('',*,*,#718,.F.);
#732 = ORIENTED_EDGE('',*,*,#733,.T.);
#733 = EDGE_CURVE('',#704,#734,#736,.T.);
#734 = VERTEX_POINT('',#735);
#735 = CARTESIAN_POINT('',(9.,181.,182.));
#736 = LINE('',#737,#738);
#737 = CARTESIAN_POINT('',(9.,181.,28.));
#738 = VECTOR('',#739,1.);
#739 = DIRECTION('',(0.,0.,1.));
#740 = ORIENTED_EDGE('',*,*,#741,.T.);
#741 = EDGE_CURVE('',#734,#668,#742,.T.);
#742 = LINE('',#743,#744);
#743 = CARTESIAN_POINT('',(9.,181.,182.));
#744 = VECTOR('',#745,1.);
#745 = DIRECTION('',(1.,0.,0.));
#746 = ORIENTED_EDGE('',*,*,#675,.F.);
#747 = PLANE('',#748);
#748 = AXIS2_PLACEMENT_3D('',#749,#750,#751);
#749 = CARTESIAN_POINT('',(9.,181.,28.));
#750 = DIRECTION('',(0.,1.,0.));
#751 = DIRECTION('',(0.,0.,1.));
#752 = ADVANCED_FACE('',(#753),#771,.F.);
#753 = FACE_BOUND('',#754,.F.);
#754 = EDGE_LOOP('',(#755,#763,#769,#770));
#755 = ORIENTED_EDGE('',*,*,#756,.F.);
#756 = EDGE_CURVE('',#757,#734,#759,.T.);
#757 = VERTEX_POINT('',#758);
#758 = CARTESIAN_POINT('',(9.,169.,182.));
#759 = LINE('',#760,#761);
#760 = CARTESIAN_POINT('',(9.,169.,182.));
#761 = VECTOR('',#762,1.);
#762 = DIRECTION('',(0.,1.,0.));
#763 = ORIENTED_EDGE('',*,*,#764,.T.);
#764 = EDGE_CURVE('',#757,#660,#765,.T.);
#765 = LINE('',#766,#767);
#766 = CARTESIAN_POINT('',(9.,169.,182.));
#767 = VECTOR('',#768,1.);
#768 = DIRECTION('',(1.,0.,0.));
#769 = ORIENTED_EDGE('',*,*,#667,.T.);
#770 = ORIENTED_EDGE('',*,*,#741,.F.);
#771 = PLANE('',#772);
#772 = AXIS2_PLACEMENT_3D('',#773,#774,#775);
#773 = CARTESIAN_POINT('',(9.,169.,182.));
#774 = DIRECTION('',(0.,0.,1.));
#775 = DIRECTION('',(1.,0.,0.));
#776 = ADVANCED_FACE('',(#777),#788,.T.);
#777 = FACE_BOUND('',#778,.T.);
#778 = EDGE_LOOP('',(#779,#780,#786,#787));
#779 = ORIENTED_EDGE('',*,*,#711,.F.);
#780 = ORIENTED_EDGE('',*,*,#781,.T.);
#781 = EDGE_CURVE('',#702,#757,#782,.T.);
#782 = LINE('',#783,#784);
#783 = CARTESIAN_POINT('',(9.,169.,28.));
#784 = VECTOR('',#785,1.);
#785 = DIRECTION('',(0.,0.,1.));
#786 = ORIENTED_EDGE('',*,*,#764,.T.);
#787 = ORIENTED_EDGE('',*,*,#659,.F.);
#788 = PLANE('',#789);
#789 = AXIS2_PLACEMENT_3D('',#790,#791,#792);
#790 = CARTESIAN_POINT('',(9.,169.,28.));
#791 = DIRECTION('',(0.,1.,0.));
#792 = DIRECTION('',(0.,0.,1.));
#793 = ADVANCED_FACE('',(#794),#800,.T.);
#794 = FACE_BOUND('',#795,.T.);
#795 = EDGE_LOOP('',(#796,#797,#798,#799));
#796 = ORIENTED_EDGE('',*,*,#781,.F.);
#797 = ORIENTED_EDGE('',*,*,#701,.T.);
#798 = ORIENTED_EDGE('',*,*,#733,.T.);
#799 = ORIENTED_EDGE('',*,*,#756,.F.);
#800 = PLANE('',#801);
#801 = AXIS2_PLACEMENT_3D('',#802,#803,#804);
#802 = CARTESIAN_POINT('',(9.,169.,28.));
#803 = DIRECTION('',(1.,0.,0.));
#804 = DIRECTION('',(0.,0.,1.));
#805 = MANIFOLD_SOLID_BREP('',#806);
#806 = CLOSED_SHELL('',(#807,#881,#928,#952,#976,#1009,#1040,#1064,#1088
    ,#1105,#1122,#1139,#1151));
#807 = ADVANCED_FACE('',(#808,#842),#876,.F.);
#808 = FACE_BOUND('',#809,.F.);
#809 = EDGE_LOOP('',(#810,#820,#828,#836));
#810 = ORIENTED_EDGE('',*,*,#811,.F.);
#811 = EDGE_CURVE('',#812,#814,#816,.T.);
#812 = VERTEX_POINT('',#813);
#813 = CARTESIAN_POINT('',(168.,12.,0.));
#814 = VERTEX_POINT('',#815);
#815 = CARTESIAN_POINT('',(168.,12.,210.));
#816 = LINE('',#817,#818);
#817 = CARTESIAN_POINT('',(168.,12.,0.));
#818 = VECTOR('',#819,1.);
#819 = DIRECTION('',(0.,0.,1.));
#820 = ORIENTED_EDGE('',*,*,#821,.T.);
#821 = EDGE_CURVE('',#812,#822,#824,.T.);
#822 = VERTEX_POINT('',#823);
#823 = CARTESIAN_POINT('',(168.,285.,0.));
#824 = LINE('',#825,#826);
#825 = CARTESIAN_POINT('',(168.,12.,0.));
#826 = VECTOR('',#827,1.);
#827 = DIRECTION('',(0.,1.,0.));
#828 = ORIENTED_EDGE('',*,*,#829,.T.);
#829 = EDGE_CURVE('',#822,#830,#832,.T.);
#830 = VERTEX_POINT('',#831);
#831 = CARTESIAN_POINT('',(168.,285.,210.));
#832 = LINE('',#833,#834);
#833 = CARTESIAN_POINT('',(168.,285.,0.));
#834 = VECTOR('',#835,1.);
#835 = DIRECTION('',(0.,0.,1.));
#836 = ORIENTED_EDGE('',*,*,#837,.F.);
#837 = EDGE_CURVE('',#814,#830,#838,.T.);
#838 = LINE('',#839,#840);
#839 = CARTESIAN_POINT('',(168.,12.,210.));
#840 = VECTOR('',#841,1.);
#841 = DIRECTION('',(0.,1.,0.));
#842 = FACE_BOUND('',#843,.F.);
#843 = EDGE_LOOP('',(#844,#854,#862,#870));
#844 = ORIENTED_EDGE('',*,*,#845,.F.);
#845 = EDGE_CURVE('',#846,#848,#850,.T.);
#846 = VERTEX_POINT('',#847);
#847 = CARTESIAN_POINT('',(168.,169.,28.));
#848 = VERTEX_POINT('',#849);
#849 = CARTESIAN_POINT('',(168.,181.,28.));
#850 = LINE('',#851,#852);
#851 = CARTESIAN_POINT('',(168.,169.,28.));
#852 = VECTOR('',#853,1.);
#853 = DIRECTION('',(0.,1.,0.));
#854 = ORIENTED_EDGE('',*,*,#855,.T.);
#855 = EDGE_CURVE('',#846,#856,#858,.T.);
#856 = VERTEX_POINT('',#857);
#857 = CARTESIAN_POINT('',(168.,169.,182.));
#858 = LINE('',#859,#860);
#859 = CARTESIAN_POINT('',(168.,169.,28.));
#860 = VECTOR('',#861,1.);
#861 = DIRECTION('',(0.,0.,1.));
#862 = ORIENTED_EDGE('',*,*,#863,.T.);
#863 = EDGE_CURVE('',#856,#864,#866,.T.);
#864 = VERTEX_POINT('',#865);
#865 = CARTESIAN_POINT('',(168.,181.,182.));
#866 = LINE('',#867,#868);
#867 = CARTESIAN_POINT('',(168.,169.,182.));
#868 = VECTOR('',#869,1.);
#869 = DIRECTION('',(0.,1.,0.));
#870 = ORIENTED_EDGE('',*,*,#871,.F.);
#871 = EDGE_CURVE('',#848,#864,#872,.T.);
#872 = LINE('',#873,#874);
#873 = CARTESIAN_POINT('',(168.,181.,28.));
#874 = VECTOR('',#875,1.);
#875 = DIRECTION('',(0.,0.,1.));
#876 = PLANE('',#877);
#877 = AXIS2_PLACEMENT_3D('',#878,#879,#880);
#878 = CARTESIAN_POINT('',(168.,12.,0.));
#879 = DIRECTION('',(1.,0.,0.));
#880 = DIRECTION('',(0.,0.,1.));
#881 = ADVANCED_FACE('',(#882),#923,.F.);
#882 = FACE_BOUND('',#883,.F.);
#883 = EDGE_LOOP('',(#884,#892,#893,#901,#909,#917));
#884 = ORIENTED_EDGE('',*,*,#885,.F.);
#885 = EDGE_CURVE('',#812,#886,#888,.T.);
#886 = VERTEX_POINT('',#887);
#887 = CARTESIAN_POINT('',(175.75735931288,12.,0.));
#888 = LINE('',#889,#890);
#889 = CARTESIAN_POINT('',(168.,12.,0.));
#890 = VECTOR('',#891,1.);
#891 = DIRECTION('',(1.,0.,0.));
#892 = ORIENTED_EDGE('',*,*,#811,.T.);
#893 = ORIENTED_EDGE('',*,*,#894,.T.);
#894 = EDGE_CURVE('',#814,#895,#897,.T.);
#895 = VERTEX_POINT('',#896);
#896 = CARTESIAN_POINT('',(175.75735931288,12.,210.));
#897 = LINE('',#898,#899);
#898 = CARTESIAN_POINT('',(168.,12.,210.));
#899 = VECTOR('',#900,1.);
#900 = DIRECTION('',(1.,0.,0.));
#901 = ORIENTED_EDGE('',*,*,#902,.T.);
#902 = EDGE_CURVE('',#895,#903,#905,.T.);
#903 = VERTEX_POINT('',#904);
#904 = CARTESIAN_POINT('',(180.,12.,205.75735931288));
#905 = LINE('',#906,#907);
#906 = CARTESIAN_POINT('',(226.31801948466,12.,159.43933982822));
#907 = VECTOR('',#908,1.);
#908 = DIRECTION('',(0.707106781187,0.,-0.707106781187));
#909 = ORIENTED_EDGE('',*,*,#910,.F.);
#910 = EDGE_CURVE('',#911,#903,#913,.T.);
#911 = VERTEX_POINT('',#912);
#912 = CARTESIAN_POINT('',(180.,12.,4.242640687119));
#913 = LINE('',#914,#915);
#914 = CARTESIAN_POINT('',(180.,12.,0.));
#915 = VECTOR('',#916,1.);
#916 = DIRECTION('',(0.,0.,1.));
#917 = ORIENTED_EDGE('',*,*,#918,.F.);
#918 = EDGE_CURVE('',#886,#911,#919,.T.);
#919 = LINE('',#920,#921);
#920 = CARTESIAN_POINT('',(173.81801948466,12.,-1.93933982822));
#921 = VECTOR('',#922,1.);
#922 = DIRECTION('',(0.707106781187,0.,0.707106781187));
#923 = PLANE('',#924);
#924 = AXIS2_PLACEMENT_3D('',#925,#926,#927);
#925 = CARTESIAN_POINT('',(168.,12.,0.));
#926 = DIRECTION('',(0.,1.,0.));
#927 = DIRECTION('',(0.,0.,1.));
#928 = ADVANCED_FACE('',(#929),#947,.T.);
#929 = FACE_BOUND('',#930,.T.);
#930 = EDGE_LOOP('',(#931,#939,#940,#941));
#931 = ORIENTED_EDGE('',*,*,#932,.F.);
#932 = EDGE_CURVE('',#830,#933,#935,.T.);
#933 = VERTEX_POINT('',#934);
#934 = CARTESIAN_POINT('',(175.75735931288,285.,210.));
#935 = LINE('',#936,#937);
#936 = CARTESIAN_POINT('',(168.,285.,210.));
#937 = VECTOR('',#938,1.);
#938 = DIRECTION('',(1.,0.,0.));
#939 = ORIENTED_EDGE('',*,*,#837,.F.);
#940 = ORIENTED_EDGE('',*,*,#894,.T.);
#941 = ORIENTED_EDGE('',*,*,#942,.T.);
#942 = EDGE_CURVE('',#895,#933,#943,.T.);
#943 = LINE('',#944,#945);
#944 = CARTESIAN_POINT('',(175.75735931288,-5.,210.));
#945 = VECTOR('',#946,1.);
#946 = DIRECTION('',(0.,1.,0.));
#947 = PLANE('',#948);
#948 = AXIS2_PLACEMENT_3D('',#949,#950,#951);
#949 = CARTESIAN_POINT('',(168.,12.,210.));
#950 = DIRECTION('',(0.,0.,1.));
#951 = DIRECTION('',(1.,0.,0.));
#952 = ADVANCED_FACE('',(#953),#971,.F.);
#953 = FACE_BOUND('',#954,.F.);
#954 = EDGE_LOOP('',(#955,#963,#964,#965));
#955 = ORIENTED_EDGE('',*,*,#956,.F.);
#956 = EDGE_CURVE('',#822,#957,#959,.T.);
#957 = VERTEX_POINT('',#958);
#958 = CARTESIAN_POINT('',(175.75735931288,285.,0.));
#959 = LINE('',#960,#961);
#960 = CARTESIAN_POINT('',(168.,285.,0.));
#961 = VECTOR('',#962,1.);
#962 = DIRECTION('',(1.,0.,0.));
#963 = ORIENTED_EDGE('',*,*,#821,.F.);
#964 = ORIENTED_EDGE('',*,*,#885,.T.);
#965 = ORIENTED_EDGE('',*,*,#966,.T.);
#966 = EDGE_CURVE('',#886,#957,#967,.T.);
#967 = LINE('',#968,#969);
#968 = CARTESIAN_POINT('',(175.75735931288,-5.,0.));
#969 = VECTOR('',#970,1.);
#970 = DIRECTION('',(0.,1.,0.));
#971 = PLANE('',#972);
#972 = AXIS2_PLACEMENT_3D('',#973,#974,#975);
#973 = CARTESIAN_POINT('',(168.,12.,0.));
#974 = DIRECTION('',(0.,0.,1.));
#975 = DIRECTION('',(1.,0.,0.));
#976 = ADVANCED_FACE('',(#977),#1004,.T.);
#977 = FACE_BOUND('',#978,.T.);
#978 = EDGE_LOOP('',(#979,#980,#981,#982,#990,#998));
#979 = ORIENTED_EDGE('',*,*,#956,.F.);
#980 = ORIENTED_EDGE('',*,*,#829,.T.);
#981 = ORIENTED_EDGE('',*,*,#932,.T.);
#982 = ORIENTED_EDGE('',*,*,#983,.T.);
#983 = EDGE_CURVE('',#933,#984,#986,.T.);
#984 = VERTEX_POINT('',#985);
#985 = CARTESIAN_POINT('',(180.,285.,205.75735931288));
#986 = LINE('',#987,#988);
#987 = CARTESIAN_POINT('',(226.31801948466,285.,159.43933982822));
#988 = VECTOR('',#989,1.);
#989 = DIRECTION('',(0.707106781187,0.,-0.707106781187));
#990 = ORIENTED_EDGE('',*,*,#991,.F.);
#991 = EDGE_CURVE('',#992,#984,#994,.T.);
#992 = VERTEX_POINT('',#993);
#993 = CARTESIAN_POINT('',(180.,285.,4.242640687119));
#994 = LINE('',#995,#996);
#995 = CARTESIAN_POINT('',(180.,285.,0.));
#996 = VECTOR('',#997,1.);
#997 = DIRECTION('',(0.,0.,1.));
#998 = ORIENTED_EDGE('',*,*,#999,.F.);
#999 = EDGE_CURVE('',#957,#992,#1000,.T.);
#1000 = LINE('',#1001,#1002);
#1001 = CARTESIAN_POINT('',(173.81801948466,285.,-1.93933982822));
#1002 = VECTOR('',#1003,1.);
#1003 = DIRECTION('',(0.707106781187,0.,0.707106781187));
#1004 = PLANE('',#1005);
#1005 = AXIS2_PLACEMENT_3D('',#1006,#1007,#1008);
#1006 = CARTESIAN_POINT('',(168.,285.,0.));
#1007 = DIRECTION('',(0.,1.,0.));
#1008 = DIRECTION('',(0.,0.,1.));
#1009 = ADVANCED_FACE('',(#1010),#1035,.T.);
#1010 = FACE_BOUND('',#1011,.T.);
#1011 = EDGE_LOOP('',(#1012,#1013,#1021,#1029));
#1012 = ORIENTED_EDGE('',*,*,#845,.F.);
#1013 = ORIENTED_EDGE('',*,*,#1014,.T.);
#1014 = EDGE_CURVE('',#846,#1015,#1017,.T.);
#1015 = VERTEX_POINT('',#1016);
#1016 = CARTESIAN_POINT('',(171.,169.,28.));
#1017 = LINE('',#1018,#1019);
#1018 = CARTESIAN_POINT('',(168.,169.,28.));
#1019 = VECTOR('',#1020,1.);
#1020 = DIRECTION('',(1.,0.,0.));
#1021 = ORIENTED_EDGE('',*,*,#1022,.T.);
#1022 = EDGE_CURVE('',#1015,#1023,#1025,.T.);
#1023 = VERTEX_POINT('',#1024);
#1024 = CARTESIAN_POINT('',(171.,181.,28.));
#1025 = LINE('',#1026,#1027);
#1026 = CARTESIAN_POINT('',(171.,169.,28.));
#1027 = VECTOR('',#1028,1.);
#1028 = DIRECTION('',(0.,1.,0.));
#1029 = ORIENTED_EDGE('',*,*,#1030,.F.);
#1030 = EDGE_CURVE('',#848,#1023,#1031,.T.);
#1031 = LINE('',#1032,#1033);
#1032 = CARTESIAN_POINT('',(168.,181.,28.));
#1033 = VECTOR('',#1034,1.);
#1034 = DIRECTION('',(1.,0.,0.));
#1035 = PLANE('',#1036);
#1036 = AXIS2_PLACEMENT_3D('',#1037,#1038,#1039);
#1037 = CARTESIAN_POINT('',(168.,169.,28.));
#1038 = DIRECTION('',(0.,0.,1.));
#1039 = DIRECTION('',(1.,0.,0.));
#1040 = ADVANCED_FACE('',(#1041),#1059,.F.);
#1041 = FACE_BOUND('',#1042,.F.);
#1042 = EDGE_LOOP('',(#1043,#1044,#1045,#1053));
#1043 = ORIENTED_EDGE('',*,*,#1030,.F.);
#1044 = ORIENTED_EDGE('',*,*,#871,.T.);
#1045 = ORIENTED_EDGE('',*,*,#1046,.T.);
#1046 = EDGE_CURVE('',#864,#1047,#1049,.T.);
#1047 = VERTEX_POINT('',#1048);
#1048 = CARTESIAN_POINT('',(171.,181.,182.));
#1049 = LINE('',#1050,#1051);
#1050 = CARTESIAN_POINT('',(168.,181.,182.));
#1051 = VECTOR('',#1052,1.);
#1052 = DIRECTION('',(1.,0.,0.));
#1053 = ORIENTED_EDGE('',*,*,#1054,.F.);
#1054 = EDGE_CURVE('',#1023,#1047,#1055,.T.);
#1055 = LINE('',#1056,#1057);
#1056 = CARTESIAN_POINT('',(171.,181.,28.));
#1057 = VECTOR('',#1058,1.);
#1058 = DIRECTION('',(0.,0.,1.));
#1059 = PLANE('',#1060);
#1060 = AXIS2_PLACEMENT_3D('',#1061,#1062,#1063);
#1061 = CARTESIAN_POINT('',(168.,181.,28.));
#1062 = DIRECTION('',(0.,1.,0.));
#1063 = DIRECTION('',(0.,0.,1.));
#1064 = ADVANCED_FACE('',(#1065),#1083,.F.);
#1065 = FACE_BOUND('',#1066,.F.);
#1066 = EDGE_LOOP('',(#1067,#1068,#1076,#1082));
#1067 = ORIENTED_EDGE('',*,*,#863,.F.);
#1068 = ORIENTED_EDGE('',*,*,#1069,.T.);
#1069 = EDGE_CURVE('',#856,#1070,#1072,.T.);
#1070 = VERTEX_POINT('',#1071);
#1071 = CARTESIAN_POINT('',(171.,169.,182.));
#1072 = LINE('',#1073,#1074);
#1073 = CARTESIAN_POINT('',(168.,169.,182.));
#1074 = VECTOR('',#1075,1.);
#1075 = DIRECTION('',(1.,0.,0.));
#1076 = ORIENTED_EDGE('',*,*,#1077,.T.);
#1077 = EDGE_CURVE('',#1070,#1047,#1078,.T.);
#1078 = LINE('',#1079,#1080);
#1079 = CARTESIAN_POINT('',(171.,169.,182.));
#1080 = VECTOR('',#1081,1.);
#1081 = DIRECTION('',(0.,1.,0.));
#1082 = ORIENTED_EDGE('',*,*,#1046,.F.);
#1083 = PLANE('',#1084);
#1084 = AXIS2_PLACEMENT_3D('',#1085,#1086,#1087);
#1085 = CARTESIAN_POINT('',(168.,169.,182.));
#1086 = DIRECTION('',(0.,0.,1.));
#1087 = DIRECTION('',(1.,0.,0.));
#1088 = ADVANCED_FACE('',(#1089),#1100,.T.);
#1089 = FACE_BOUND('',#1090,.T.);
#1090 = EDGE_LOOP('',(#1091,#1092,#1093,#1094));
#1091 = ORIENTED_EDGE('',*,*,#1014,.F.);
#1092 = ORIENTED_EDGE('',*,*,#855,.T.);
#1093 = ORIENTED_EDGE('',*,*,#1069,.T.);
#1094 = ORIENTED_EDGE('',*,*,#1095,.F.);
#1095 = EDGE_CURVE('',#1015,#1070,#1096,.T.);
#1096 = LINE('',#1097,#1098);
#1097 = CARTESIAN_POINT('',(171.,169.,28.));
#1098 = VECTOR('',#1099,1.);
#1099 = DIRECTION('',(0.,0.,1.));
#1100 = PLANE('',#1101);
#1101 = AXIS2_PLACEMENT_3D('',#1102,#1103,#1104);
#1102 = CARTESIAN_POINT('',(168.,169.,28.));
#1103 = DIRECTION('',(0.,1.,0.));
#1104 = DIRECTION('',(0.,0.,1.));
#1105 = ADVANCED_FACE('',(#1106),#1117,.F.);
#1106 = FACE_BOUND('',#1107,.F.);
#1107 = EDGE_LOOP('',(#1108,#1109,#1110,#1116));
#1108 = ORIENTED_EDGE('',*,*,#966,.F.);
#1109 = ORIENTED_EDGE('',*,*,#918,.T.);
#1110 = ORIENTED_EDGE('',*,*,#1111,.F.);
#1111 = EDGE_CURVE('',#992,#911,#1112,.T.);
#1112 = LINE('',#1113,#1114);
#1113 = CARTESIAN_POINT('',(180.,3.5,4.242640687119));
#1114 = VECTOR('',#1115,1.);
#1115 = DIRECTION('',(0.,-1.,0.));
#1116 = ORIENTED_EDGE('',*,*,#999,.F.);
#1117 = PLANE('',#1118);
#1118 = AXIS2_PLACEMENT_3D('',#1119,#1120,#1121);
#1119 = CARTESIAN_POINT('',(175.75735931288,-5.,0.));
#1120 = DIRECTION('',(-0.707106781187,0.,0.707106781187));
#1121 = DIRECTION('',(0.707106781187,0.,0.707106781187));
#1122 = ADVANCED_FACE('',(#1123),#1134,.T.);
#1123 = FACE_BOUND('',#1124,.T.);
#1124 = EDGE_LOOP('',(#1125,#1126,#1127,#1128));
#1125 = ORIENTED_EDGE('',*,*,#910,.F.);
#1126 = ORIENTED_EDGE('',*,*,#1111,.F.);
#1127 = ORIENTED_EDGE('',*,*,#991,.T.);
#1128 = ORIENTED_EDGE('',*,*,#1129,.T.);
#1129 = EDGE_CURVE('',#984,#903,#1130,.T.);
#1130 = LINE('',#1131,#1132);
#1131 = CARTESIAN_POINT('',(180.,3.5,205.75735931288));
#1132 = VECTOR('',#1133,1.);
#1133 = DIRECTION('',(0.,-1.,0.));
#1134 = PLANE('',#1135);
#1135 = AXIS2_PLACEMENT_3D('',#1136,#1137,#1138);
#1136 = CARTESIAN_POINT('',(180.,12.,0.));
#1137 = DIRECTION('',(1.,0.,0.));
#1138 = DIRECTION('',(0.,0.,1.));
#1139 = ADVANCED_FACE('',(#1140),#1146,.T.);
#1140 = FACE_BOUND('',#1141,.T.);
#1141 = EDGE_LOOP('',(#1142,#1143,#1144,#1145));
#1142 = ORIENTED_EDGE('',*,*,#942,.F.);
#1143 = ORIENTED_EDGE('',*,*,#902,.T.);
#1144 = ORIENTED_EDGE('',*,*,#1129,.F.);
#1145 = ORIENTED_EDGE('',*,*,#983,.F.);
#1146 = PLANE('',#1147);
#1147 = AXIS2_PLACEMENT_3D('',#1148,#1149,#1150);
#1148 = CARTESIAN_POINT('',(175.75735931288,-5.,210.));
#1149 = DIRECTION('',(0.707106781187,0.,0.707106781187));
#1150 = DIRECTION('',(0.707106781187,0.,-0.707106781187));
#1151 = ADVANCED_FACE('',(#1152),#1158,.F.);
#1152 = FACE_BOUND('',#1153,.F.);
#1153 = EDGE_LOOP('',(#1154,#1155,#1156,#1157));
#1154 = ORIENTED_EDGE('',*,*,#1095,.F.);
#1155 = ORIENTED_EDGE('',*,*,#1022,.T.);
#1156 = ORIENTED_EDGE('',*,*,#1054,.T.);
#1157 = ORIENTED_EDGE('',*,*,#1077,.F.);
#1158 = PLANE('',#1159);
#1159 = AXIS2_PLACEMENT_3D('',#1160,#1161,#1162);
#1160 = CARTESIAN_POINT('',(171.,169.,28.));
#1161 = DIRECTION('',(1.,0.,0.));
#1162 = DIRECTION('',(0.,0.,1.));
#1163 = MANIFOLD_SOLID_BREP('',#1164);
#1164 = CLOSED_SHELL('',(#1165,#1205,#1236,#1400,#1424,#1713,#1725,#1747
    ,#1764,#1781,#1798,#1815,#1832,#1849,#1861,#1883,#1900,#1917,#1934,
    #1951,#1968,#1985,#1997,#2022,#2047,#2072,#2097,#2122,#2147,#2172,
    #2197,#2222,#2247,#2272,#2297,#2306,#2315,#2324,#2333,#2342,#2351,
    #2360,#2369,#2378,#2387,#2396));
#1165 = ADVANCED_FACE('',(#1166),#1200,.F.);
#1166 = FACE_BOUND('',#1167,.F.);
#1167 = EDGE_LOOP('',(#1168,#1178,#1186,#1194));
#1168 = ORIENTED_EDGE('',*,*,#1169,.F.);
#1169 = EDGE_CURVE('',#1170,#1172,#1174,.T.);
#1170 = VERTEX_POINT('',#1171);
#1171 = CARTESIAN_POINT('',(12.,12.,16.));
#1172 = VERTEX_POINT('',#1173);
#1173 = CARTESIAN_POINT('',(12.,12.,28.));
#1174 = LINE('',#1175,#1176);
#1175 = CARTESIAN_POINT('',(12.,12.,16.));
#1176 = VECTOR('',#1177,1.);
#1177 = DIRECTION('',(0.,0.,1.));
#1178 = ORIENTED_EDGE('',*,*,#1179,.T.);
#1179 = EDGE_CURVE('',#1170,#1180,#1182,.T.);
#1180 = VERTEX_POINT('',#1181);
#1181 = CARTESIAN_POINT('',(12.,285.,16.));
#1182 = LINE('',#1183,#1184);
#1183 = CARTESIAN_POINT('',(12.,12.,16.));
#1184 = VECTOR('',#1185,1.);
#1185 = DIRECTION('',(0.,1.,0.));
#1186 = ORIENTED_EDGE('',*,*,#1187,.T.);
#1187 = EDGE_CURVE('',#1180,#1188,#1190,.T.);
#1188 = VERTEX_POINT('',#1189);
#1189 = CARTESIAN_POINT('',(12.,285.,28.));
#1190 = LINE('',#1191,#1192);
#1191 = CARTESIAN_POINT('',(12.,285.,16.));
#1192 = VECTOR('',#1193,1.);
#1193 = DIRECTION('',(0.,0.,1.));
#1194 = ORIENTED_EDGE('',*,*,#1195,.F.);
#1195 = EDGE_CURVE('',#1172,#1188,#1196,.T.);
#1196 = LINE('',#1197,#1198);
#1197 = CARTESIAN_POINT('',(12.,12.,28.));
#1198 = VECTOR('',#1199,1.);
#1199 = DIRECTION('',(0.,1.,0.));
#1200 = PLANE('',#1201);
#1201 = AXIS2_PLACEMENT_3D('',#1202,#1203,#1204);
#1202 = CARTESIAN_POINT('',(12.,12.,16.));
#1203 = DIRECTION('',(1.,0.,0.));
#1204 = DIRECTION('',(0.,0.,1.));
#1205 = ADVANCED_FACE('',(#1206),#1231,.F.);
#1206 = FACE_BOUND('',#1207,.F.);
#1207 = EDGE_LOOP('',(#1208,#1216,#1217,#1225));
#1208 = ORIENTED_EDGE('',*,*,#1209,.F.);
#1209 = EDGE_CURVE('',#1170,#1210,#1212,.T.);
#1210 = VERTEX_POINT('',#1211);
#1211 = CARTESIAN_POINT('',(168.,12.,16.));
#1212 = LINE('',#1213,#1214);
#1213 = CARTESIAN_POINT('',(12.,12.,16.));
#1214 = VECTOR('',#1215,1.);
#1215 = DIRECTION('',(1.,0.,0.));
#1216 = ORIENTED_EDGE('',*,*,#1169,.T.);
#1217 = ORIENTED_EDGE('',*,*,#1218,.T.);
#1218 = EDGE_CURVE('',#1172,#1219,#1221,.T.);
#1219 = VERTEX_POINT('',#1220);
#1220 = CARTESIAN_POINT('',(168.,12.,28.));
#1221 = LINE('',#1222,#1223);
#1222 = CARTESIAN_POINT('',(12.,12.,28.));
#1223 = VECTOR('',#1224,1.);
#1224 = DIRECTION('',(1.,0.,0.));
#1225 = ORIENTED_EDGE('',*,*,#1226,.F.);
#1226 = EDGE_CURVE('',#1210,#1219,#1227,.T.);
#1227 = LINE('',#1228,#1229);
#1228 = CARTESIAN_POINT('',(168.,12.,16.));
#1229 = VECTOR('',#1230,1.);
#1230 = DIRECTION('',(0.,0.,1.));
#1231 = PLANE('',#1232);
#1232 = AXIS2_PLACEMENT_3D('',#1233,#1234,#1235);
#1233 = CARTESIAN_POINT('',(12.,12.,16.));
#1234 = DIRECTION('',(0.,1.,0.));
#1235 = DIRECTION('',(0.,0.,1.));
#1236 = ADVANCED_FACE('',(#1237,#1255,#1325),#1395,.T.);
#1237 = FACE_BOUND('',#1238,.T.);
#1238 = EDGE_LOOP('',(#1239,#1240,#1241,#1249));
#1239 = ORIENTED_EDGE('',*,*,#1195,.F.);
#1240 = ORIENTED_EDGE('',*,*,#1218,.T.);
#1241 = ORIENTED_EDGE('',*,*,#1242,.T.);
#1242 = EDGE_CURVE('',#1219,#1243,#1245,.T.);
#1243 = VERTEX_POINT('',#1244);
#1244 = CARTESIAN_POINT('',(168.,285.,28.));
#1245 = LINE('',#1246,#1247);
#1246 = CARTESIAN_POINT('',(168.,12.,28.));
#1247 = VECTOR('',#1248,1.);
#1248 = DIRECTION('',(0.,1.,0.));
#1249 = ORIENTED_EDGE('',*,*,#1250,.F.);
#1250 = EDGE_CURVE('',#1188,#1243,#1251,.T.);
#1251 = LINE('',#1252,#1253);
#1252 = CARTESIAN_POINT('',(12.,285.,28.));
#1253 = VECTOR('',#1254,1.);
#1254 = DIRECTION('',(1.,0.,0.));
#1255 = FACE_BOUND('',#1256,.T.);
#1256 = EDGE_LOOP('',(#1257,#1268,#1276,#1285,#1293,#1302,#1310,#1319));
#1257 = ORIENTED_EDGE('',*,*,#1258,.T.);
#1258 = EDGE_CURVE('',#1259,#1261,#1263,.T.);
#1259 = VERTEX_POINT('',#1260);
#1260 = CARTESIAN_POINT('',(150.,38.,28.));
#1261 = VERTEX_POINT('',#1262);
#1262 = CARTESIAN_POINT('',(144.,32.,28.));
#1263 = CIRCLE('',#1264,6.);
#1264 = AXIS2_PLACEMENT_3D('',#1265,#1266,#1267);
#1265 = CARTESIAN_POINT('',(144.,38.,28.));
#1266 = DIRECTION('',(-0.,-0.,-1.));
#1267 = DIRECTION('',(0.,-1.,0.));
#1268 = ORIENTED_EDGE('',*,*,#1269,.T.);
#1269 = EDGE_CURVE('',#1261,#1270,#1272,.T.);
#1270 = VERTEX_POINT('',#1271);
#1271 = CARTESIAN_POINT('',(36.,32.,28.));
#1272 = LINE('',#1273,#1274);
#1273 = CARTESIAN_POINT('',(24.,32.,28.));
#1274 = VECTOR('',#1275,1.);
#1275 = DIRECTION('',(-1.,0.,0.));
#1276 = ORIENTED_EDGE('',*,*,#1277,.T.);
#1277 = EDGE_CURVE('',#1270,#1278,#1280,.T.);
#1278 = VERTEX_POINT('',#1279);
#1279 = CARTESIAN_POINT('',(30.,38.,28.));
#1280 = CIRCLE('',#1281,6.);
#1281 = AXIS2_PLACEMENT_3D('',#1282,#1283,#1284);
#1282 = CARTESIAN_POINT('',(36.,38.,28.));
#1283 = DIRECTION('',(0.,0.,-1.));
#1284 = DIRECTION('',(-1.,0.,0.));
#1285 = ORIENTED_EDGE('',*,*,#1286,.T.);
#1286 = EDGE_CURVE('',#1278,#1287,#1289,.T.);
#1287 = VERTEX_POINT('',#1288);
#1288 = CARTESIAN_POINT('',(30.,137.,28.));
#1289 = LINE('',#1290,#1291);
#1290 = CARTESIAN_POINT('',(30.,74.5,28.));
#1291 = VECTOR('',#1292,1.);
#1292 = DIRECTION('',(0.,1.,0.));
#1293 = ORIENTED_EDGE('',*,*,#1294,.T.);
#1294 = EDGE_CURVE('',#1287,#1295,#1297,.T.);
#1295 = VERTEX_POINT('',#1296);
#1296 = CARTESIAN_POINT('',(36.,143.,28.));
#1297 = CIRCLE('',#1298,6.);
#1298 = AXIS2_PLACEMENT_3D('',#1299,#1300,#1301);
#1299 = CARTESIAN_POINT('',(36.,137.,28.));
#1300 = DIRECTION('',(0.,0.,-1.));
#1301 = DIRECTION('',(0.,1.,0.));
#1302 = ORIENTED_EDGE('',*,*,#1303,.T.);
#1303 = EDGE_CURVE('',#1295,#1304,#1306,.T.);
#1304 = VERTEX_POINT('',#1305);
#1305 = CARTESIAN_POINT('',(144.,143.,28.));
#1306 = LINE('',#1307,#1308);
#1307 = CARTESIAN_POINT('',(78.,143.,28.));
#1308 = VECTOR('',#1309,1.);
#1309 = DIRECTION('',(1.,0.,0.));
#1310 = ORIENTED_EDGE('',*,*,#1311,.T.);
#1311 = EDGE_CURVE('',#1304,#1312,#1314,.T.);
#1312 = VERTEX_POINT('',#1313);
#1313 = CARTESIAN_POINT('',(150.,137.,28.));
#1314 = CIRCLE('',#1315,6.);
#1315 = AXIS2_PLACEMENT_3D('',#1316,#1317,#1318);
#1316 = CARTESIAN_POINT('',(144.,137.,28.));
#1317 = DIRECTION('',(0.,0.,-1.));
#1318 = DIRECTION('',(1.,0.,0.));
#1319 = ORIENTED_EDGE('',*,*,#1320,.T.);
#1320 = EDGE_CURVE('',#1312,#1259,#1321,.T.);
#1321 = LINE('',#1322,#1323);
#1322 = CARTESIAN_POINT('',(150.,25.,28.));
#1323 = VECTOR('',#1324,1.);
#1324 = DIRECTION('',(0.,-1.,0.));
#1325 = FACE_BOUND('',#1326,.T.);
#1326 = EDGE_LOOP('',(#1327,#1338,#1346,#1355,#1363,#1372,#1380,#1389));
#1327 = ORIENTED_EDGE('',*,*,#1328,.T.);
#1328 = EDGE_CURVE('',#1329,#1331,#1333,.T.);
#1329 = VERTEX_POINT('',#1330);
#1330 = CARTESIAN_POINT('',(150.,213.,28.));
#1331 = VERTEX_POINT('',#1332);
#1332 = CARTESIAN_POINT('',(144.,207.,28.));
#1333 = CIRCLE('',#1334,6.);
#1334 = AXIS2_PLACEMENT_3D('',#1335,#1336,#1337);
#1335 = CARTESIAN_POINT('',(144.,213.,28.));
#1336 = DIRECTION('',(-0.,-0.,-1.));
#1337 = DIRECTION('',(0.,-1.,0.));
#1338 = ORIENTED_EDGE('',*,*,#1339,.T.);
#1339 = EDGE_CURVE('',#1331,#1340,#1342,.T.);
#1340 = VERTEX_POINT('',#1341);
#1341 = CARTESIAN_POINT('',(36.,207.,28.));
#1342 = LINE('',#1343,#1344);
#1343 = CARTESIAN_POINT('',(24.,207.,28.));
#1344 = VECTOR('',#1345,1.);
#1345 = DIRECTION('',(-1.,0.,0.));
#1346 = ORIENTED_EDGE('',*,*,#1347,.T.);
#1347 = EDGE_CURVE('',#1340,#1348,#1350,.T.);
#1348 = VERTEX_POINT('',#1349);
#1349 = CARTESIAN_POINT('',(30.,213.,28.));
#1350 = CIRCLE('',#1351,6.);
#1351 = AXIS2_PLACEMENT_3D('',#1352,#1353,#1354);
#1352 = CARTESIAN_POINT('',(36.,213.,28.));
#1353 = DIRECTION('',(-0.,0.,-1.));
#1354 = DIRECTION('',(-1.,-5.921189464668E-16,0.));
#1355 = ORIENTED_EDGE('',*,*,#1356,.T.);
#1356 = EDGE_CURVE('',#1348,#1357,#1359,.T.);
#1357 = VERTEX_POINT('',#1358);
#1358 = CARTESIAN_POINT('',(30.,259.,28.));
#1359 = LINE('',#1360,#1361);
#1360 = CARTESIAN_POINT('',(30.,135.5,28.));
#1361 = VECTOR('',#1362,1.);
#1362 = DIRECTION('',(0.,1.,0.));
#1363 = ORIENTED_EDGE('',*,*,#1364,.T.);
#1364 = EDGE_CURVE('',#1357,#1365,#1367,.T.);
#1365 = VERTEX_POINT('',#1366);
#1366 = CARTESIAN_POINT('',(36.,265.,28.));
#1367 = CIRCLE('',#1368,6.);
#1368 = AXIS2_PLACEMENT_3D('',#1369,#1370,#1371);
#1369 = CARTESIAN_POINT('',(36.,259.,28.));
#1370 = DIRECTION('',(0.,0.,-1.));
#1371 = DIRECTION('',(0.,1.,0.));
#1372 = ORIENTED_EDGE('',*,*,#1373,.T.);
#1373 = EDGE_CURVE('',#1365,#1374,#1376,.T.);
#1374 = VERTEX_POINT('',#1375);
#1375 = CARTESIAN_POINT('',(144.,265.,28.));
#1376 = LINE('',#1377,#1378);
#1377 = CARTESIAN_POINT('',(78.,265.,28.));
#1378 = VECTOR('',#1379,1.);
#1379 = DIRECTION('',(1.,0.,0.));
#1380 = ORIENTED_EDGE('',*,*,#1381,.T.);
#1381 = EDGE_CURVE('',#1374,#1382,#1384,.T.);
#1382 = VERTEX_POINT('',#1383);
#1383 = CARTESIAN_POINT('',(150.,259.,28.));
#1384 = CIRCLE('',#1385,6.);
#1385 = AXIS2_PLACEMENT_3D('',#1386,#1387,#1388);
#1386 = CARTESIAN_POINT('',(144.,259.,28.));
#1387 = DIRECTION('',(0.,0.,-1.));
#1388 = DIRECTION('',(1.,5.921189464668E-16,0.));
#1389 = ORIENTED_EDGE('',*,*,#1390,.T.);
#1390 = EDGE_CURVE('',#1382,#1329,#1391,.T.);
#1391 = LINE('',#1392,#1393);
#1392 = CARTESIAN_POINT('',(150.,112.5,28.));
#1393 = VECTOR('',#1394,1.);
#1394 = DIRECTION('',(0.,-1.,0.));
#1395 = PLANE('',#1396);
#1396 = AXIS2_PLACEMENT_3D('',#1397,#1398,#1399);
#1397 = CARTESIAN_POINT('',(12.,12.,28.));
#1398 = DIRECTION('',(0.,0.,1.));
#1399 = DIRECTION('',(1.,0.,0.));
#1400 = ADVANCED_FACE('',(#1401),#1419,.T.);
#1401 = FACE_BOUND('',#1402,.T.);
#1402 = EDGE_LOOP('',(#1403,#1411,#1412,#1413));
#1403 = ORIENTED_EDGE('',*,*,#1404,.F.);
#1404 = EDGE_CURVE('',#1180,#1405,#1407,.T.);
#1405 = VERTEX_POINT('',#1406);
#1406 = CARTESIAN_POINT('',(168.,285.,16.));
#1407 = LINE('',#1408,#1409);
#1408 = CARTESIAN_POINT('',(12.,285.,16.));
#1409 = VECTOR('',#1410,1.);
#1410 = DIRECTION('',(1.,0.,0.));
#1411 = ORIENTED_EDGE('',*,*,#1187,.T.);
#1412 = ORIENTED_EDGE('',*,*,#1250,.T.);
#1413 = ORIENTED_EDGE('',*,*,#1414,.F.);
#1414 = EDGE_CURVE('',#1405,#1243,#1415,.T.);
#1415 = LINE('',#1416,#1417);
#1416 = CARTESIAN_POINT('',(168.,285.,16.));
#1417 = VECTOR('',#1418,1.);
#1418 = DIRECTION('',(0.,0.,1.));
#1419 = PLANE('',#1420);
#1420 = AXIS2_PLACEMENT_3D('',#1421,#1422,#1423);
#1421 = CARTESIAN_POINT('',(12.,285.,16.));
#1422 = DIRECTION('',(0.,1.,0.));
#1423 = DIRECTION('',(0.,0.,1.));
#1424 = ADVANCED_FACE('',(#1425,#1436,#1447,#1458,#1469,#1539,#1550,
    #1561,#1572,#1583,#1594,#1605,#1616,#1686,#1697),#1708,.F.);
#1425 = FACE_BOUND('',#1426,.F.);
#1426 = EDGE_LOOP('',(#1427,#1428,#1429,#1435));
#1427 = ORIENTED_EDGE('',*,*,#1179,.F.);
#1428 = ORIENTED_EDGE('',*,*,#1209,.T.);
#1429 = ORIENTED_EDGE('',*,*,#1430,.T.);
#1430 = EDGE_CURVE('',#1210,#1405,#1431,.T.);
#1431 = LINE('',#1432,#1433);
#1432 = CARTESIAN_POINT('',(168.,12.,16.));
#1433 = VECTOR('',#1434,1.);
#1434 = DIRECTION('',(0.,1.,0.));
#1435 = ORIENTED_EDGE('',*,*,#1404,.F.);
#1436 = FACE_BOUND('',#1437,.F.);
#1437 = EDGE_LOOP('',(#1438));
#1438 = ORIENTED_EDGE('',*,*,#1439,.F.);
#1439 = EDGE_CURVE('',#1440,#1440,#1442,.T.);
#1440 = VERTEX_POINT('',#1441);
#1441 = CARTESIAN_POINT('',(23.9,22.,16.));
#1442 = CIRCLE('',#1443,2.9);
#1443 = AXIS2_PLACEMENT_3D('',#1444,#1445,#1446);
#1444 = CARTESIAN_POINT('',(21.,22.,16.));
#1445 = DIRECTION('',(0.,0.,1.));
#1446 = DIRECTION('',(1.,0.,0.));
#1447 = FACE_BOUND('',#1448,.F.);
#1448 = EDGE_LOOP('',(#1449));
#1449 = ORIENTED_EDGE('',*,*,#1450,.F.);
#1450 = EDGE_CURVE('',#1451,#1451,#1453,.T.);
#1451 = VERTEX_POINT('',#1452);
#1452 = CARTESIAN_POINT('',(23.9,90.5,16.));
#1453 = CIRCLE('',#1454,2.9);
#1454 = AXIS2_PLACEMENT_3D('',#1455,#1456,#1457);
#1455 = CARTESIAN_POINT('',(21.,90.5,16.));
#1456 = DIRECTION('',(0.,0.,1.));
#1457 = DIRECTION('',(1.,0.,0.));
#1458 = FACE_BOUND('',#1459,.F.);
#1459 = EDGE_LOOP('',(#1460));
#1460 = ORIENTED_EDGE('',*,*,#1461,.F.);
#1461 = EDGE_CURVE('',#1462,#1462,#1464,.T.);
#1462 = VERTEX_POINT('',#1463);
#1463 = CARTESIAN_POINT('',(161.9,22.,16.));
#1464 = CIRCLE('',#1465,2.9);
#1465 = AXIS2_PLACEMENT_3D('',#1466,#1467,#1468);
#1466 = CARTESIAN_POINT('',(159.,22.,16.));
#1467 = DIRECTION('',(0.,0.,1.));
#1468 = DIRECTION('',(1.,0.,0.));
#1469 = FACE_BOUND('',#1470,.F.);
#1470 = EDGE_LOOP('',(#1471,#1482,#1490,#1499,#1507,#1516,#1524,#1533));
#1471 = ORIENTED_EDGE('',*,*,#1472,.T.);
#1472 = EDGE_CURVE('',#1473,#1475,#1477,.T.);
#1473 = VERTEX_POINT('',#1474);
#1474 = CARTESIAN_POINT('',(150.,38.,16.));
#1475 = VERTEX_POINT('',#1476);
#1476 = CARTESIAN_POINT('',(144.,32.,16.));
#1477 = CIRCLE('',#1478,6.);
#1478 = AXIS2_PLACEMENT_3D('',#1479,#1480,#1481);
#1479 = CARTESIAN_POINT('',(144.,38.,16.));
#1480 = DIRECTION('',(-0.,-0.,-1.));
#1481 = DIRECTION('',(0.,-1.,0.));
#1482 = ORIENTED_EDGE('',*,*,#1483,.T.);
#1483 = EDGE_CURVE('',#1475,#1484,#1486,.T.);
#1484 = VERTEX_POINT('',#1485);
#1485 = CARTESIAN_POINT('',(36.,32.,16.));
#1486 = LINE('',#1487,#1488);
#1487 = CARTESIAN_POINT('',(24.,32.,16.));
#1488 = VECTOR('',#1489,1.);
#1489 = DIRECTION('',(-1.,0.,0.));
#1490 = ORIENTED_EDGE('',*,*,#1491,.T.);
#1491 = EDGE_CURVE('',#1484,#1492,#1494,.T.);
#1492 = VERTEX_POINT('',#1493);
#1493 = CARTESIAN_POINT('',(30.,38.,16.));
#1494 = CIRCLE('',#1495,6.);
#1495 = AXIS2_PLACEMENT_3D('',#1496,#1497,#1498);
#1496 = CARTESIAN_POINT('',(36.,38.,16.));
#1497 = DIRECTION('',(0.,0.,-1.));
#1498 = DIRECTION('',(-1.,0.,0.));
#1499 = ORIENTED_EDGE('',*,*,#1500,.T.);
#1500 = EDGE_CURVE('',#1492,#1501,#1503,.T.);
#1501 = VERTEX_POINT('',#1502);
#1502 = CARTESIAN_POINT('',(30.,137.,16.));
#1503 = LINE('',#1504,#1505);
#1504 = CARTESIAN_POINT('',(30.,74.5,16.));
#1505 = VECTOR('',#1506,1.);
#1506 = DIRECTION('',(0.,1.,0.));
#1507 = ORIENTED_EDGE('',*,*,#1508,.T.);
#1508 = EDGE_CURVE('',#1501,#1509,#1511,.T.);
#1509 = VERTEX_POINT('',#1510);
#1510 = CARTESIAN_POINT('',(36.,143.,16.));
#1511 = CIRCLE('',#1512,6.);
#1512 = AXIS2_PLACEMENT_3D('',#1513,#1514,#1515);
#1513 = CARTESIAN_POINT('',(36.,137.,16.));
#1514 = DIRECTION('',(0.,0.,-1.));
#1515 = DIRECTION('',(0.,1.,0.));
#1516 = ORIENTED_EDGE('',*,*,#1517,.T.);
#1517 = EDGE_CURVE('',#1509,#1518,#1520,.T.);
#1518 = VERTEX_POINT('',#1519);
#1519 = CARTESIAN_POINT('',(144.,143.,16.));
#1520 = LINE('',#1521,#1522);
#1521 = CARTESIAN_POINT('',(78.,143.,16.));
#1522 = VECTOR('',#1523,1.);
#1523 = DIRECTION('',(1.,0.,0.));
#1524 = ORIENTED_EDGE('',*,*,#1525,.T.);
#1525 = EDGE_CURVE('',#1518,#1526,#1528,.T.);
#1526 = VERTEX_POINT('',#1527);
#1527 = CARTESIAN_POINT('',(150.,137.,16.));
#1528 = CIRCLE('',#1529,6.);
#1529 = AXIS2_PLACEMENT_3D('',#1530,#1531,#1532);
#1530 = CARTESIAN_POINT('',(144.,137.,16.));
#1531 = DIRECTION('',(0.,0.,-1.));
#1532 = DIRECTION('',(1.,0.,0.));
#1533 = ORIENTED_EDGE('',*,*,#1534,.T.);
#1534 = EDGE_CURVE('',#1526,#1473,#1535,.T.);
#1535 = LINE('',#1536,#1537);
#1536 = CARTESIAN_POINT('',(150.,25.,16.));
#1537 = VECTOR('',#1538,1.);
#1538 = DIRECTION('',(0.,-1.,0.));
#1539 = FACE_BOUND('',#1540,.F.);
#1540 = EDGE_LOOP('',(#1541));
#1541 = ORIENTED_EDGE('',*,*,#1542,.F.);
#1542 = EDGE_CURVE('',#1543,#1543,#1545,.T.);
#1543 = VERTEX_POINT('',#1544);
#1544 = CARTESIAN_POINT('',(161.9,90.5,16.));
#1545 = CIRCLE('',#1546,2.9);
#1546 = AXIS2_PLACEMENT_3D('',#1547,#1548,#1549);
#1547 = CARTESIAN_POINT('',(159.,90.5,16.));
#1548 = DIRECTION('',(0.,0.,1.));
#1549 = DIRECTION('',(1.,0.,0.));
#1550 = FACE_BOUND('',#1551,.F.);
#1551 = EDGE_LOOP('',(#1552));
#1552 = ORIENTED_EDGE('',*,*,#1553,.F.);
#1553 = EDGE_CURVE('',#1554,#1554,#1556,.T.);
#1554 = VERTEX_POINT('',#1555);
#1555 = CARTESIAN_POINT('',(23.9,159.,16.));
#1556 = CIRCLE('',#1557,2.9);
#1557 = AXIS2_PLACEMENT_3D('',#1558,#1559,#1560);
#1558 = CARTESIAN_POINT('',(21.,159.,16.));
#1559 = DIRECTION('',(0.,0.,1.));
#1560 = DIRECTION('',(1.,0.,0.));
#1561 = FACE_BOUND('',#1562,.F.);
#1562 = EDGE_LOOP('',(#1563));
#1563 = ORIENTED_EDGE('',*,*,#1564,.F.);
#1564 = EDGE_CURVE('',#1565,#1565,#1567,.T.);
#1565 = VERTEX_POINT('',#1566);
#1566 = CARTESIAN_POINT('',(23.9,191.,16.));
#1567 = CIRCLE('',#1568,2.9);
#1568 = AXIS2_PLACEMENT_3D('',#1569,#1570,#1571);
#1569 = CARTESIAN_POINT('',(21.,191.,16.));
#1570 = DIRECTION('',(0.,0.,1.));
#1571 = DIRECTION('',(1.,0.,0.));
#1572 = FACE_BOUND('',#1573,.F.);
#1573 = EDGE_LOOP('',(#1574));
#1574 = ORIENTED_EDGE('',*,*,#1575,.F.);
#1575 = EDGE_CURVE('',#1576,#1576,#1578,.T.);
#1576 = VERTEX_POINT('',#1577);
#1577 = CARTESIAN_POINT('',(23.9,233.,16.));
#1578 = CIRCLE('',#1579,2.9);
#1579 = AXIS2_PLACEMENT_3D('',#1580,#1581,#1582);
#1580 = CARTESIAN_POINT('',(21.,233.,16.));
#1581 = DIRECTION('',(0.,0.,1.));
#1582 = DIRECTION('',(1.,0.,0.));
#1583 = FACE_BOUND('',#1584,.F.);
#1584 = EDGE_LOOP('',(#1585));
#1585 = ORIENTED_EDGE('',*,*,#1586,.F.);
#1586 = EDGE_CURVE('',#1587,#1587,#1589,.T.);
#1587 = VERTEX_POINT('',#1588);
#1588 = CARTESIAN_POINT('',(23.9,275.,16.));
#1589 = CIRCLE('',#1590,2.9);
#1590 = AXIS2_PLACEMENT_3D('',#1591,#1592,#1593);
#1591 = CARTESIAN_POINT('',(21.,275.,16.));
#1592 = DIRECTION('',(0.,0.,1.));
#1593 = DIRECTION('',(1.,0.,0.));
#1594 = FACE_BOUND('',#1595,.F.);
#1595 = EDGE_LOOP('',(#1596));
#1596 = ORIENTED_EDGE('',*,*,#1597,.F.);
#1597 = EDGE_CURVE('',#1598,#1598,#1600,.T.);
#1598 = VERTEX_POINT('',#1599);
#1599 = CARTESIAN_POINT('',(161.9,159.,16.));
#1600 = CIRCLE('',#1601,2.9);
#1601 = AXIS2_PLACEMENT_3D('',#1602,#1603,#1604);
#1602 = CARTESIAN_POINT('',(159.,159.,16.));
#1603 = DIRECTION('',(0.,0.,1.));
#1604 = DIRECTION('',(1.,0.,0.));
#1605 = FACE_BOUND('',#1606,.F.);
#1606 = EDGE_LOOP('',(#1607));
#1607 = ORIENTED_EDGE('',*,*,#1608,.F.);
#1608 = EDGE_CURVE('',#1609,#1609,#1611,.T.);
#1609 = VERTEX_POINT('',#1610);
#1610 = CARTESIAN_POINT('',(161.9,191.,16.));
#1611 = CIRCLE('',#1612,2.9);
#1612 = AXIS2_PLACEMENT_3D('',#1613,#1614,#1615);
#1613 = CARTESIAN_POINT('',(159.,191.,16.));
#1614 = DIRECTION('',(0.,0.,1.));
#1615 = DIRECTION('',(1.,0.,0.));
#1616 = FACE_BOUND('',#1617,.F.);
#1617 = EDGE_LOOP('',(#1618,#1629,#1637,#1646,#1654,#1663,#1671,#1680));
#1618 = ORIENTED_EDGE('',*,*,#1619,.T.);
#1619 = EDGE_CURVE('',#1620,#1622,#1624,.T.);
#1620 = VERTEX_POINT('',#1621);
#1621 = CARTESIAN_POINT('',(150.,213.,16.));
#1622 = VERTEX_POINT('',#1623);
#1623 = CARTESIAN_POINT('',(144.,207.,16.));
#1624 = CIRCLE('',#1625,6.);
#1625 = AXIS2_PLACEMENT_3D('',#1626,#1627,#1628);
#1626 = CARTESIAN_POINT('',(144.,213.,16.));
#1627 = DIRECTION('',(-0.,-0.,-1.));
#1628 = DIRECTION('',(0.,-1.,0.));
#1629 = ORIENTED_EDGE('',*,*,#1630,.T.);
#1630 = EDGE_CURVE('',#1622,#1631,#1633,.T.);
#1631 = VERTEX_POINT('',#1632);
#1632 = CARTESIAN_POINT('',(36.,207.,16.));
#1633 = LINE('',#1634,#1635);
#1634 = CARTESIAN_POINT('',(24.,207.,16.));
#1635 = VECTOR('',#1636,1.);
#1636 = DIRECTION('',(-1.,0.,0.));
#1637 = ORIENTED_EDGE('',*,*,#1638,.T.);
#1638 = EDGE_CURVE('',#1631,#1639,#1641,.T.);
#1639 = VERTEX_POINT('',#1640);
#1640 = CARTESIAN_POINT('',(30.,213.,16.));
#1641 = CIRCLE('',#1642,6.);
#1642 = AXIS2_PLACEMENT_3D('',#1643,#1644,#1645);
#1643 = CARTESIAN_POINT('',(36.,213.,16.));
#1644 = DIRECTION('',(-0.,0.,-1.));
#1645 = DIRECTION('',(-1.,-5.921189464668E-16,0.));
#1646 = ORIENTED_EDGE('',*,*,#1647,.T.);
#1647 = EDGE_CURVE('',#1639,#1648,#1650,.T.);
#1648 = VERTEX_POINT('',#1649);
#1649 = CARTESIAN_POINT('',(30.,259.,16.));
#1650 = LINE('',#1651,#1652);
#1651 = CARTESIAN_POINT('',(30.,135.5,16.));
#1652 = VECTOR('',#1653,1.);
#1653 = DIRECTION('',(0.,1.,0.));
#1654 = ORIENTED_EDGE('',*,*,#1655,.T.);
#1655 = EDGE_CURVE('',#1648,#1656,#1658,.T.);
#1656 = VERTEX_POINT('',#1657);
#1657 = CARTESIAN_POINT('',(36.,265.,16.));
#1658 = CIRCLE('',#1659,6.);
#1659 = AXIS2_PLACEMENT_3D('',#1660,#1661,#1662);
#1660 = CARTESIAN_POINT('',(36.,259.,16.));
#1661 = DIRECTION('',(0.,0.,-1.));
#1662 = DIRECTION('',(0.,1.,0.));
#1663 = ORIENTED_EDGE('',*,*,#1664,.T.);
#1664 = EDGE_CURVE('',#1656,#1665,#1667,.T.);
#1665 = VERTEX_POINT('',#1666);
#1666 = CARTESIAN_POINT('',(144.,265.,16.));
#1667 = LINE('',#1668,#1669);
#1668 = CARTESIAN_POINT('',(78.,265.,16.));
#1669 = VECTOR('',#1670,1.);
#1670 = DIRECTION('',(1.,0.,0.));
#1671 = ORIENTED_EDGE('',*,*,#1672,.T.);
#1672 = EDGE_CURVE('',#1665,#1673,#1675,.T.);
#1673 = VERTEX_POINT('',#1674);
#1674 = CARTESIAN_POINT('',(150.,259.,16.));
#1675 = CIRCLE('',#1676,6.);
#1676 = AXIS2_PLACEMENT_3D('',#1677,#1678,#1679);
#1677 = CARTESIAN_POINT('',(144.,259.,16.));
#1678 = DIRECTION('',(0.,0.,-1.));
#1679 = DIRECTION('',(1.,5.921189464668E-16,0.));
#1680 = ORIENTED_EDGE('',*,*,#1681,.T.);
#1681 = EDGE_CURVE('',#1673,#1620,#1682,.T.);
#1682 = LINE('',#1683,#1684);
#1683 = CARTESIAN_POINT('',(150.,112.5,16.));
#1684 = VECTOR('',#1685,1.);
#1685 = DIRECTION('',(0.,-1.,0.));
#1686 = FACE_BOUND('',#1687,.F.);
#1687 = EDGE_LOOP('',(#1688));
#1688 = ORIENTED_EDGE('',*,*,#1689,.F.);
#1689 = EDGE_CURVE('',#1690,#1690,#1692,.T.);
#1690 = VERTEX_POINT('',#1691);
#1691 = CARTESIAN_POINT('',(161.9,233.,16.));
#1692 = CIRCLE('',#1693,2.9);
#1693 = AXIS2_PLACEMENT_3D('',#1694,#1695,#1696);
#1694 = CARTESIAN_POINT('',(159.,233.,16.));
#1695 = DIRECTION('',(0.,0.,1.));
#1696 = DIRECTION('',(1.,0.,0.));
#1697 = FACE_BOUND('',#1698,.F.);
#1698 = EDGE_LOOP('',(#1699));
#1699 = ORIENTED_EDGE('',*,*,#1700,.F.);
#1700 = EDGE_CURVE('',#1701,#1701,#1703,.T.);
#1701 = VERTEX_POINT('',#1702);
#1702 = CARTESIAN_POINT('',(161.9,275.,16.));
#1703 = CIRCLE('',#1704,2.9);
#1704 = AXIS2_PLACEMENT_3D('',#1705,#1706,#1707);
#1705 = CARTESIAN_POINT('',(159.,275.,16.));
#1706 = DIRECTION('',(0.,0.,1.));
#1707 = DIRECTION('',(1.,0.,0.));
#1708 = PLANE('',#1709);
#1709 = AXIS2_PLACEMENT_3D('',#1710,#1711,#1712);
#1710 = CARTESIAN_POINT('',(12.,12.,16.));
#1711 = DIRECTION('',(0.,0.,1.));
#1712 = DIRECTION('',(1.,0.,0.));
#1713 = ADVANCED_FACE('',(#1714),#1720,.T.);
#1714 = FACE_BOUND('',#1715,.T.);
#1715 = EDGE_LOOP('',(#1716,#1717,#1718,#1719));
#1716 = ORIENTED_EDGE('',*,*,#1226,.F.);
#1717 = ORIENTED_EDGE('',*,*,#1430,.T.);
#1718 = ORIENTED_EDGE('',*,*,#1414,.T.);
#1719 = ORIENTED_EDGE('',*,*,#1242,.F.);
#1720 = PLANE('',#1721);
#1721 = AXIS2_PLACEMENT_3D('',#1722,#1723,#1724);
#1722 = CARTESIAN_POINT('',(168.,12.,16.));
#1723 = DIRECTION('',(1.,0.,0.));
#1724 = DIRECTION('',(0.,0.,1.));
#1725 = ADVANCED_FACE('',(#1726),#1742,.F.);
#1726 = FACE_BOUND('',#1727,.T.);
#1727 = EDGE_LOOP('',(#1728,#1729,#1735,#1736));
#1728 = ORIENTED_EDGE('',*,*,#1472,.T.);
#1729 = ORIENTED_EDGE('',*,*,#1730,.T.);
#1730 = EDGE_CURVE('',#1475,#1261,#1731,.T.);
#1731 = LINE('',#1732,#1733);
#1732 = CARTESIAN_POINT('',(144.,32.,15.));
#1733 = VECTOR('',#1734,1.);
#1734 = DIRECTION('',(0.,0.,1.));
#1735 = ORIENTED_EDGE('',*,*,#1258,.F.);
#1736 = ORIENTED_EDGE('',*,*,#1737,.F.);
#1737 = EDGE_CURVE('',#1473,#1259,#1738,.T.);
#1738 = LINE('',#1739,#1740);
#1739 = CARTESIAN_POINT('',(150.,38.,15.));
#1740 = VECTOR('',#1741,1.);
#1741 = DIRECTION('',(0.,0.,1.));
#1742 = CYLINDRICAL_SURFACE('',#1743,6.);
#1743 = AXIS2_PLACEMENT_3D('',#1744,#1745,#1746);
#1744 = CARTESIAN_POINT('',(144.,38.,15.));
#1745 = DIRECTION('',(-0.,-0.,-1.));
#1746 = DIRECTION('',(0.,-1.,0.));
#1747 = ADVANCED_FACE('',(#1748),#1759,.T.);
#1748 = FACE_BOUND('',#1749,.T.);
#1749 = EDGE_LOOP('',(#1750,#1751,#1752,#1753));
#1750 = ORIENTED_EDGE('',*,*,#1534,.T.);
#1751 = ORIENTED_EDGE('',*,*,#1737,.T.);
#1752 = ORIENTED_EDGE('',*,*,#1320,.F.);
#1753 = ORIENTED_EDGE('',*,*,#1754,.F.);
#1754 = EDGE_CURVE('',#1526,#1312,#1755,.T.);
#1755 = LINE('',#1756,#1757);
#1756 = CARTESIAN_POINT('',(150.,137.,15.));
#1757 = VECTOR('',#1758,1.);
#1758 = DIRECTION('',(0.,0.,1.));
#1759 = PLANE('',#1760);
#1760 = AXIS2_PLACEMENT_3D('',#1761,#1762,#1763);
#1761 = CARTESIAN_POINT('',(150.,38.,15.));
#1762 = DIRECTION('',(-1.,0.,0.));
#1763 = DIRECTION('',(0.,1.,0.));
#1764 = ADVANCED_FACE('',(#1765),#1776,.F.);
#1765 = FACE_BOUND('',#1766,.T.);
#1766 = EDGE_LOOP('',(#1767,#1768,#1769,#1770));
#1767 = ORIENTED_EDGE('',*,*,#1525,.T.);
#1768 = ORIENTED_EDGE('',*,*,#1754,.T.);
#1769 = ORIENTED_EDGE('',*,*,#1311,.F.);
#1770 = ORIENTED_EDGE('',*,*,#1771,.F.);
#1771 = EDGE_CURVE('',#1518,#1304,#1772,.T.);
#1772 = LINE('',#1773,#1774);
#1773 = CARTESIAN_POINT('',(144.,143.,15.));
#1774 = VECTOR('',#1775,1.);
#1775 = DIRECTION('',(0.,0.,1.));
#1776 = CYLINDRICAL_SURFACE('',#1777,6.);
#1777 = AXIS2_PLACEMENT_3D('',#1778,#1779,#1780);
#1778 = CARTESIAN_POINT('',(144.,137.,15.));
#1779 = DIRECTION('',(-0.,-0.,-1.));
#1780 = DIRECTION('',(1.,0.,0.));
#1781 = ADVANCED_FACE('',(#1782),#1793,.T.);
#1782 = FACE_BOUND('',#1783,.T.);
#1783 = EDGE_LOOP('',(#1784,#1785,#1786,#1787));
#1784 = ORIENTED_EDGE('',*,*,#1517,.T.);
#1785 = ORIENTED_EDGE('',*,*,#1771,.T.);
#1786 = ORIENTED_EDGE('',*,*,#1303,.F.);
#1787 = ORIENTED_EDGE('',*,*,#1788,.F.);
#1788 = EDGE_CURVE('',#1509,#1295,#1789,.T.);
#1789 = LINE('',#1790,#1791);
#1790 = CARTESIAN_POINT('',(36.,143.,15.));
#1791 = VECTOR('',#1792,1.);
#1792 = DIRECTION('',(0.,0.,1.));
#1793 = PLANE('',#1794);
#1794 = AXIS2_PLACEMENT_3D('',#1795,#1796,#1797);
#1795 = CARTESIAN_POINT('',(144.,143.,15.));
#1796 = DIRECTION('',(0.,-1.,0.));
#1797 = DIRECTION('',(-1.,0.,0.));
#1798 = ADVANCED_FACE('',(#1799),#1810,.F.);
#1799 = FACE_BOUND('',#1800,.T.);
#1800 = EDGE_LOOP('',(#1801,#1802,#1803,#1804));
#1801 = ORIENTED_EDGE('',*,*,#1508,.T.);
#1802 = ORIENTED_EDGE('',*,*,#1788,.T.);
#1803 = ORIENTED_EDGE('',*,*,#1294,.F.);
#1804 = ORIENTED_EDGE('',*,*,#1805,.F.);
#1805 = EDGE_CURVE('',#1501,#1287,#1806,.T.);
#1806 = LINE('',#1807,#1808);
#1807 = CARTESIAN_POINT('',(30.,137.,15.));
#1808 = VECTOR('',#1809,1.);
#1809 = DIRECTION('',(0.,0.,1.));
#1810 = CYLINDRICAL_SURFACE('',#1811,6.);
#1811 = AXIS2_PLACEMENT_3D('',#1812,#1813,#1814);
#1812 = CARTESIAN_POINT('',(36.,137.,15.));
#1813 = DIRECTION('',(0.,0.,-1.));
#1814 = DIRECTION('',(0.,1.,0.));
#1815 = ADVANCED_FACE('',(#1816),#1827,.T.);
#1816 = FACE_BOUND('',#1817,.T.);
#1817 = EDGE_LOOP('',(#1818,#1819,#1820,#1821));
#1818 = ORIENTED_EDGE('',*,*,#1500,.T.);
#1819 = ORIENTED_EDGE('',*,*,#1805,.T.);
#1820 = ORIENTED_EDGE('',*,*,#1286,.F.);
#1821 = ORIENTED_EDGE('',*,*,#1822,.F.);
#1822 = EDGE_CURVE('',#1492,#1278,#1823,.T.);
#1823 = LINE('',#1824,#1825);
#1824 = CARTESIAN_POINT('',(30.,38.,15.));
#1825 = VECTOR('',#1826,1.);
#1826 = DIRECTION('',(0.,0.,1.));
#1827 = PLANE('',#1828);
#1828 = AXIS2_PLACEMENT_3D('',#1829,#1830,#1831);
#1829 = CARTESIAN_POINT('',(30.,137.,15.));
#1830 = DIRECTION('',(1.,0.,0.));
#1831 = DIRECTION('',(0.,-1.,0.));
#1832 = ADVANCED_FACE('',(#1833),#1844,.F.);
#1833 = FACE_BOUND('',#1834,.T.);
#1834 = EDGE_LOOP('',(#1835,#1836,#1837,#1838));
#1835 = ORIENTED_EDGE('',*,*,#1491,.T.);
#1836 = ORIENTED_EDGE('',*,*,#1822,.T.);
#1837 = ORIENTED_EDGE('',*,*,#1277,.F.);
#1838 = ORIENTED_EDGE('',*,*,#1839,.F.);
#1839 = EDGE_CURVE('',#1484,#1270,#1840,.T.);
#1840 = LINE('',#1841,#1842);
#1841 = CARTESIAN_POINT('',(36.,32.,15.));
#1842 = VECTOR('',#1843,1.);
#1843 = DIRECTION('',(0.,0.,1.));
#1844 = CYLINDRICAL_SURFACE('',#1845,6.);
#1845 = AXIS2_PLACEMENT_3D('',#1846,#1847,#1848);
#1846 = CARTESIAN_POINT('',(36.,38.,15.));
#1847 = DIRECTION('',(-0.,-0.,-1.));
#1848 = DIRECTION('',(-1.,0.,0.));
#1849 = ADVANCED_FACE('',(#1850),#1856,.T.);
#1850 = FACE_BOUND('',#1851,.T.);
#1851 = EDGE_LOOP('',(#1852,#1853,#1854,#1855));
#1852 = ORIENTED_EDGE('',*,*,#1483,.T.);
#1853 = ORIENTED_EDGE('',*,*,#1839,.T.);
#1854 = ORIENTED_EDGE('',*,*,#1269,.F.);
#1855 = ORIENTED_EDGE('',*,*,#1730,.F.);
#1856 = PLANE('',#1857);
#1857 = AXIS2_PLACEMENT_3D('',#1858,#1859,#1860);
#1858 = CARTESIAN_POINT('',(36.,32.,15.));
#1859 = DIRECTION('',(0.,1.,0.));
#1860 = DIRECTION('',(1.,0.,0.));
#1861 = ADVANCED_FACE('',(#1862),#1878,.F.);
#1862 = FACE_BOUND('',#1863,.T.);
#1863 = EDGE_LOOP('',(#1864,#1865,#1871,#1872));
#1864 = ORIENTED_EDGE('',*,*,#1619,.T.);
#1865 = ORIENTED_EDGE('',*,*,#1866,.T.);
#1866 = EDGE_CURVE('',#1622,#1331,#1867,.T.);
#1867 = LINE('',#1868,#1869);
#1868 = CARTESIAN_POINT('',(144.,207.,15.));
#1869 = VECTOR('',#1870,1.);
#1870 = DIRECTION('',(0.,0.,1.));
#1871 = ORIENTED_EDGE('',*,*,#1328,.F.);
#1872 = ORIENTED_EDGE('',*,*,#1873,.F.);
#1873 = EDGE_CURVE('',#1620,#1329,#1874,.T.);
#1874 = LINE('',#1875,#1876);
#1875 = CARTESIAN_POINT('',(150.,213.,15.));
#1876 = VECTOR('',#1877,1.);
#1877 = DIRECTION('',(0.,0.,1.));
#1878 = CYLINDRICAL_SURFACE('',#1879,6.);
#1879 = AXIS2_PLACEMENT_3D('',#1880,#1881,#1882);
#1880 = CARTESIAN_POINT('',(144.,213.,15.));
#1881 = DIRECTION('',(-0.,-0.,-1.));
#1882 = DIRECTION('',(0.,-1.,0.));
#1883 = ADVANCED_FACE('',(#1884),#1895,.T.);
#1884 = FACE_BOUND('',#1885,.T.);
#1885 = EDGE_LOOP('',(#1886,#1887,#1888,#1889));
#1886 = ORIENTED_EDGE('',*,*,#1681,.T.);
#1887 = ORIENTED_EDGE('',*,*,#1873,.T.);
#1888 = ORIENTED_EDGE('',*,*,#1390,.F.);
#1889 = ORIENTED_EDGE('',*,*,#1890,.F.);
#1890 = EDGE_CURVE('',#1673,#1382,#1891,.T.);
#1891 = LINE('',#1892,#1893);
#1892 = CARTESIAN_POINT('',(150.,259.,15.));
#1893 = VECTOR('',#1894,1.);
#1894 = DIRECTION('',(0.,0.,1.));
#1895 = PLANE('',#1896);
#1896 = AXIS2_PLACEMENT_3D('',#1897,#1898,#1899);
#1897 = CARTESIAN_POINT('',(150.,213.,15.));
#1898 = DIRECTION('',(-1.,0.,0.));
#1899 = DIRECTION('',(0.,1.,0.));
#1900 = ADVANCED_FACE('',(#1901),#1912,.T.);
#1901 = FACE_BOUND('',#1902,.T.);
#1902 = EDGE_LOOP('',(#1903,#1904,#1910,#1911));
#1903 = ORIENTED_EDGE('',*,*,#1630,.T.);
#1904 = ORIENTED_EDGE('',*,*,#1905,.T.);
#1905 = EDGE_CURVE('',#1631,#1340,#1906,.T.);
#1906 = LINE('',#1907,#1908);
#1907 = CARTESIAN_POINT('',(36.,207.,15.));
#1908 = VECTOR('',#1909,1.);
#1909 = DIRECTION('',(0.,0.,1.));
#1910 = ORIENTED_EDGE('',*,*,#1339,.F.);
#1911 = ORIENTED_EDGE('',*,*,#1866,.F.);
#1912 = PLANE('',#1913);
#1913 = AXIS2_PLACEMENT_3D('',#1914,#1915,#1916);
#1914 = CARTESIAN_POINT('',(36.,207.,15.));
#1915 = DIRECTION('',(0.,1.,0.));
#1916 = DIRECTION('',(1.,0.,0.));
#1917 = ADVANCED_FACE('',(#1918),#1929,.F.);
#1918 = FACE_BOUND('',#1919,.T.);
#1919 = EDGE_LOOP('',(#1920,#1921,#1922,#1923));
#1920 = ORIENTED_EDGE('',*,*,#1672,.T.);
#1921 = ORIENTED_EDGE('',*,*,#1890,.T.);
#1922 = ORIENTED_EDGE('',*,*,#1381,.F.);
#1923 = ORIENTED_EDGE('',*,*,#1924,.F.);
#1924 = EDGE_CURVE('',#1665,#1374,#1925,.T.);
#1925 = LINE('',#1926,#1927);
#1926 = CARTESIAN_POINT('',(144.,265.,15.));
#1927 = VECTOR('',#1928,1.);
#1928 = DIRECTION('',(0.,0.,1.));
#1929 = CYLINDRICAL_SURFACE('',#1930,6.);
#1930 = AXIS2_PLACEMENT_3D('',#1931,#1932,#1933);
#1931 = CARTESIAN_POINT('',(144.,259.,15.));
#1932 = DIRECTION('',(-0.,-0.,-1.));
#1933 = DIRECTION('',(1.,5.921189464668E-16,0.));
#1934 = ADVANCED_FACE('',(#1935),#1946,.F.);
#1935 = FACE_BOUND('',#1936,.T.);
#1936 = EDGE_LOOP('',(#1937,#1938,#1944,#1945));
#1937 = ORIENTED_EDGE('',*,*,#1638,.T.);
#1938 = ORIENTED_EDGE('',*,*,#1939,.T.);
#1939 = EDGE_CURVE('',#1639,#1348,#1940,.T.);
#1940 = LINE('',#1941,#1942);
#1941 = CARTESIAN_POINT('',(30.,213.,15.));
#1942 = VECTOR('',#1943,1.);
#1943 = DIRECTION('',(0.,0.,1.));
#1944 = ORIENTED_EDGE('',*,*,#1347,.F.);
#1945 = ORIENTED_EDGE('',*,*,#1905,.F.);
#1946 = CYLINDRICAL_SURFACE('',#1947,6.);
#1947 = AXIS2_PLACEMENT_3D('',#1948,#1949,#1950);
#1948 = CARTESIAN_POINT('',(36.,213.,15.));
#1949 = DIRECTION('',(-0.,-0.,-1.));
#1950 = DIRECTION('',(-1.,-5.921189464668E-16,0.));
#1951 = ADVANCED_FACE('',(#1952),#1963,.T.);
#1952 = FACE_BOUND('',#1953,.T.);
#1953 = EDGE_LOOP('',(#1954,#1955,#1956,#1957));
#1954 = ORIENTED_EDGE('',*,*,#1664,.T.);
#1955 = ORIENTED_EDGE('',*,*,#1924,.T.);
#1956 = ORIENTED_EDGE('',*,*,#1373,.F.);
#1957 = ORIENTED_EDGE('',*,*,#1958,.F.);
#1958 = EDGE_CURVE('',#1656,#1365,#1959,.T.);
#1959 = LINE('',#1960,#1961);
#1960 = CARTESIAN_POINT('',(36.,265.,15.));
#1961 = VECTOR('',#1962,1.);
#1962 = DIRECTION('',(0.,0.,1.));
#1963 = PLANE('',#1964);
#1964 = AXIS2_PLACEMENT_3D('',#1965,#1966,#1967);
#1965 = CARTESIAN_POINT('',(144.,265.,15.));
#1966 = DIRECTION('',(0.,-1.,0.));
#1967 = DIRECTION('',(-1.,0.,0.));
#1968 = ADVANCED_FACE('',(#1969),#1980,.T.);
#1969 = FACE_BOUND('',#1970,.T.);
#1970 = EDGE_LOOP('',(#1971,#1972,#1978,#1979));
#1971 = ORIENTED_EDGE('',*,*,#1647,.T.);
#1972 = ORIENTED_EDGE('',*,*,#1973,.T.);
#1973 = EDGE_CURVE('',#1648,#1357,#1974,.T.);
#1974 = LINE('',#1975,#1976);
#1975 = CARTESIAN_POINT('',(30.,259.,15.));
#1976 = VECTOR('',#1977,1.);
#1977 = DIRECTION('',(0.,0.,1.));
#1978 = ORIENTED_EDGE('',*,*,#1356,.F.);
#1979 = ORIENTED_EDGE('',*,*,#1939,.F.);
#1980 = PLANE('',#1981);
#1981 = AXIS2_PLACEMENT_3D('',#1982,#1983,#1984);
#1982 = CARTESIAN_POINT('',(30.,259.,15.));
#1983 = DIRECTION('',(1.,0.,0.));
#1984 = DIRECTION('',(0.,-1.,0.));
#1985 = ADVANCED_FACE('',(#1986),#1992,.F.);
#1986 = FACE_BOUND('',#1987,.T.);
#1987 = EDGE_LOOP('',(#1988,#1989,#1990,#1991));
#1988 = ORIENTED_EDGE('',*,*,#1655,.T.);
#1989 = ORIENTED_EDGE('',*,*,#1958,.T.);
#1990 = ORIENTED_EDGE('',*,*,#1364,.F.);
#1991 = ORIENTED_EDGE('',*,*,#1973,.F.);
#1992 = CYLINDRICAL_SURFACE('',#1993,6.);
#1993 = AXIS2_PLACEMENT_3D('',#1994,#1995,#1996);
#1994 = CARTESIAN_POINT('',(36.,259.,15.));
#1995 = DIRECTION('',(0.,0.,-1.));
#1996 = DIRECTION('',(0.,1.,0.));
#1997 = ADVANCED_FACE('',(#1998),#2017,.F.);
#1998 = FACE_BOUND('',#1999,.F.);
#1999 = EDGE_LOOP('',(#2000,#2008,#2015,#2016));
#2000 = ORIENTED_EDGE('',*,*,#2001,.T.);
#2001 = EDGE_CURVE('',#1440,#2002,#2004,.T.);
#2002 = VERTEX_POINT('',#2003);
#2003 = CARTESIAN_POINT('',(23.9,22.,24.9));
#2004 = LINE('',#2005,#2006);
#2005 = CARTESIAN_POINT('',(23.9,22.,15.9));
#2006 = VECTOR('',#2007,1.);
#2007 = DIRECTION('',(0.,0.,1.));
#2008 = ORIENTED_EDGE('',*,*,#2009,.F.);
#2009 = EDGE_CURVE('',#2002,#2002,#2010,.T.);
#2010 = CIRCLE('',#2011,2.9);
#2011 = AXIS2_PLACEMENT_3D('',#2012,#2013,#2014);
#2012 = CARTESIAN_POINT('',(21.,22.,24.9));
#2013 = DIRECTION('',(0.,0.,1.));
#2014 = DIRECTION('',(1.,0.,0.));
#2015 = ORIENTED_EDGE('',*,*,#2001,.F.);
#2016 = ORIENTED_EDGE('',*,*,#1439,.T.);
#2017 = CYLINDRICAL_SURFACE('',#2018,2.9);
#2018 = AXIS2_PLACEMENT_3D('',#2019,#2020,#2021);
#2019 = CARTESIAN_POINT('',(21.,22.,15.9));
#2020 = DIRECTION('',(0.,0.,1.));
#2021 = DIRECTION('',(1.,0.,0.));
#2022 = ADVANCED_FACE('',(#2023),#2042,.F.);
#2023 = FACE_BOUND('',#2024,.F.);
#2024 = EDGE_LOOP('',(#2025,#2033,#2040,#2041));
#2025 = ORIENTED_EDGE('',*,*,#2026,.T.);
#2026 = EDGE_CURVE('',#1451,#2027,#2029,.T.);
#2027 = VERTEX_POINT('',#2028);
#2028 = CARTESIAN_POINT('',(23.9,90.5,24.9));
#2029 = LINE('',#2030,#2031);
#2030 = CARTESIAN_POINT('',(23.9,90.5,15.9));
#2031 = VECTOR('',#2032,1.);
#2032 = DIRECTION('',(0.,0.,1.));
#2033 = ORIENTED_EDGE('',*,*,#2034,.F.);
#2034 = EDGE_CURVE('',#2027,#2027,#2035,.T.);
#2035 = CIRCLE('',#2036,2.9);
#2036 = AXIS2_PLACEMENT_3D('',#2037,#2038,#2039);
#2037 = CARTESIAN_POINT('',(21.,90.5,24.9));
#2038 = DIRECTION('',(0.,0.,1.));
#2039 = DIRECTION('',(1.,0.,0.));
#2040 = ORIENTED_EDGE('',*,*,#2026,.F.);
#2041 = ORIENTED_EDGE('',*,*,#1450,.T.);
#2042 = CYLINDRICAL_SURFACE('',#2043,2.9);
#2043 = AXIS2_PLACEMENT_3D('',#2044,#2045,#2046);
#2044 = CARTESIAN_POINT('',(21.,90.5,15.9));
#2045 = DIRECTION('',(0.,0.,1.));
#2046 = DIRECTION('',(1.,0.,0.));
#2047 = ADVANCED_FACE('',(#2048),#2067,.F.);
#2048 = FACE_BOUND('',#2049,.F.);
#2049 = EDGE_LOOP('',(#2050,#2058,#2065,#2066));
#2050 = ORIENTED_EDGE('',*,*,#2051,.T.);
#2051 = EDGE_CURVE('',#1462,#2052,#2054,.T.);
#2052 = VERTEX_POINT('',#2053);
#2053 = CARTESIAN_POINT('',(161.9,22.,24.9));
#2054 = LINE('',#2055,#2056);
#2055 = CARTESIAN_POINT('',(161.9,22.,15.9));
#2056 = VECTOR('',#2057,1.);
#2057 = DIRECTION('',(0.,0.,1.));
#2058 = ORIENTED_EDGE('',*,*,#2059,.F.);
#2059 = EDGE_CURVE('',#2052,#2052,#2060,.T.);
#2060 = CIRCLE('',#2061,2.9);
#2061 = AXIS2_PLACEMENT_3D('',#2062,#2063,#2064);
#2062 = CARTESIAN_POINT('',(159.,22.,24.9));
#2063 = DIRECTION('',(0.,0.,1.));
#2064 = DIRECTION('',(1.,0.,0.));
#2065 = ORIENTED_EDGE('',*,*,#2051,.F.);
#2066 = ORIENTED_EDGE('',*,*,#1461,.T.);
#2067 = CYLINDRICAL_SURFACE('',#2068,2.9);
#2068 = AXIS2_PLACEMENT_3D('',#2069,#2070,#2071);
#2069 = CARTESIAN_POINT('',(159.,22.,15.9));
#2070 = DIRECTION('',(0.,0.,1.));
#2071 = DIRECTION('',(1.,0.,0.));
#2072 = ADVANCED_FACE('',(#2073),#2092,.F.);
#2073 = FACE_BOUND('',#2074,.F.);
#2074 = EDGE_LOOP('',(#2075,#2083,#2090,#2091));
#2075 = ORIENTED_EDGE('',*,*,#2076,.T.);
#2076 = EDGE_CURVE('',#1543,#2077,#2079,.T.);
#2077 = VERTEX_POINT('',#2078);
#2078 = CARTESIAN_POINT('',(161.9,90.5,24.9));
#2079 = LINE('',#2080,#2081);
#2080 = CARTESIAN_POINT('',(161.9,90.5,15.9));
#2081 = VECTOR('',#2082,1.);
#2082 = DIRECTION('',(0.,0.,1.));
#2083 = ORIENTED_EDGE('',*,*,#2084,.F.);
#2084 = EDGE_CURVE('',#2077,#2077,#2085,.T.);
#2085 = CIRCLE('',#2086,2.9);
#2086 = AXIS2_PLACEMENT_3D('',#2087,#2088,#2089);
#2087 = CARTESIAN_POINT('',(159.,90.5,24.9));
#2088 = DIRECTION('',(0.,0.,1.));
#2089 = DIRECTION('',(1.,0.,0.));
#2090 = ORIENTED_EDGE('',*,*,#2076,.F.);
#2091 = ORIENTED_EDGE('',*,*,#1542,.T.);
#2092 = CYLINDRICAL_SURFACE('',#2093,2.9);
#2093 = AXIS2_PLACEMENT_3D('',#2094,#2095,#2096);
#2094 = CARTESIAN_POINT('',(159.,90.5,15.9));
#2095 = DIRECTION('',(0.,0.,1.));
#2096 = DIRECTION('',(1.,0.,0.));
#2097 = ADVANCED_FACE('',(#2098),#2117,.F.);
#2098 = FACE_BOUND('',#2099,.F.);
#2099 = EDGE_LOOP('',(#2100,#2108,#2115,#2116));
#2100 = ORIENTED_EDGE('',*,*,#2101,.T.);
#2101 = EDGE_CURVE('',#1554,#2102,#2104,.T.);
#2102 = VERTEX_POINT('',#2103);
#2103 = CARTESIAN_POINT('',(23.9,159.,24.9));
#2104 = LINE('',#2105,#2106);
#2105 = CARTESIAN_POINT('',(23.9,159.,15.9));
#2106 = VECTOR('',#2107,1.);
#2107 = DIRECTION('',(0.,0.,1.));
#2108 = ORIENTED_EDGE('',*,*,#2109,.F.);
#2109 = EDGE_CURVE('',#2102,#2102,#2110,.T.);
#2110 = CIRCLE('',#2111,2.9);
#2111 = AXIS2_PLACEMENT_3D('',#2112,#2113,#2114);
#2112 = CARTESIAN_POINT('',(21.,159.,24.9));
#2113 = DIRECTION('',(0.,0.,1.));
#2114 = DIRECTION('',(1.,0.,0.));
#2115 = ORIENTED_EDGE('',*,*,#2101,.F.);
#2116 = ORIENTED_EDGE('',*,*,#1553,.T.);
#2117 = CYLINDRICAL_SURFACE('',#2118,2.9);
#2118 = AXIS2_PLACEMENT_3D('',#2119,#2120,#2121);
#2119 = CARTESIAN_POINT('',(21.,159.,15.9));
#2120 = DIRECTION('',(0.,0.,1.));
#2121 = DIRECTION('',(1.,0.,0.));
#2122 = ADVANCED_FACE('',(#2123),#2142,.F.);
#2123 = FACE_BOUND('',#2124,.F.);
#2124 = EDGE_LOOP('',(#2125,#2133,#2140,#2141));
#2125 = ORIENTED_EDGE('',*,*,#2126,.T.);
#2126 = EDGE_CURVE('',#1565,#2127,#2129,.T.);
#2127 = VERTEX_POINT('',#2128);
#2128 = CARTESIAN_POINT('',(23.9,191.,24.9));
#2129 = LINE('',#2130,#2131);
#2130 = CARTESIAN_POINT('',(23.9,191.,15.9));
#2131 = VECTOR('',#2132,1.);
#2132 = DIRECTION('',(0.,0.,1.));
#2133 = ORIENTED_EDGE('',*,*,#2134,.F.);
#2134 = EDGE_CURVE('',#2127,#2127,#2135,.T.);
#2135 = CIRCLE('',#2136,2.9);
#2136 = AXIS2_PLACEMENT_3D('',#2137,#2138,#2139);
#2137 = CARTESIAN_POINT('',(21.,191.,24.9));
#2138 = DIRECTION('',(0.,0.,1.));
#2139 = DIRECTION('',(1.,0.,0.));
#2140 = ORIENTED_EDGE('',*,*,#2126,.F.);
#2141 = ORIENTED_EDGE('',*,*,#1564,.T.);
#2142 = CYLINDRICAL_SURFACE('',#2143,2.9);
#2143 = AXIS2_PLACEMENT_3D('',#2144,#2145,#2146);
#2144 = CARTESIAN_POINT('',(21.,191.,15.9));
#2145 = DIRECTION('',(0.,0.,1.));
#2146 = DIRECTION('',(1.,0.,0.));
#2147 = ADVANCED_FACE('',(#2148),#2167,.F.);
#2148 = FACE_BOUND('',#2149,.F.);
#2149 = EDGE_LOOP('',(#2150,#2158,#2165,#2166));
#2150 = ORIENTED_EDGE('',*,*,#2151,.T.);
#2151 = EDGE_CURVE('',#1576,#2152,#2154,.T.);
#2152 = VERTEX_POINT('',#2153);
#2153 = CARTESIAN_POINT('',(23.9,233.,24.9));
#2154 = LINE('',#2155,#2156);
#2155 = CARTESIAN_POINT('',(23.9,233.,15.9));
#2156 = VECTOR('',#2157,1.);
#2157 = DIRECTION('',(0.,0.,1.));
#2158 = ORIENTED_EDGE('',*,*,#2159,.F.);
#2159 = EDGE_CURVE('',#2152,#2152,#2160,.T.);
#2160 = CIRCLE('',#2161,2.9);
#2161 = AXIS2_PLACEMENT_3D('',#2162,#2163,#2164);
#2162 = CARTESIAN_POINT('',(21.,233.,24.9));
#2163 = DIRECTION('',(0.,0.,1.));
#2164 = DIRECTION('',(1.,0.,0.));
#2165 = ORIENTED_EDGE('',*,*,#2151,.F.);
#2166 = ORIENTED_EDGE('',*,*,#1575,.T.);
#2167 = CYLINDRICAL_SURFACE('',#2168,2.9);
#2168 = AXIS2_PLACEMENT_3D('',#2169,#2170,#2171);
#2169 = CARTESIAN_POINT('',(21.,233.,15.9));
#2170 = DIRECTION('',(0.,0.,1.));
#2171 = DIRECTION('',(1.,0.,0.));
#2172 = ADVANCED_FACE('',(#2173),#2192,.F.);
#2173 = FACE_BOUND('',#2174,.F.);
#2174 = EDGE_LOOP('',(#2175,#2183,#2190,#2191));
#2175 = ORIENTED_EDGE('',*,*,#2176,.T.);
#2176 = EDGE_CURVE('',#1587,#2177,#2179,.T.);
#2177 = VERTEX_POINT('',#2178);
#2178 = CARTESIAN_POINT('',(23.9,275.,24.9));
#2179 = LINE('',#2180,#2181);
#2180 = CARTESIAN_POINT('',(23.9,275.,15.9));
#2181 = VECTOR('',#2182,1.);
#2182 = DIRECTION('',(0.,0.,1.));
#2183 = ORIENTED_EDGE('',*,*,#2184,.F.);
#2184 = EDGE_CURVE('',#2177,#2177,#2185,.T.);
#2185 = CIRCLE('',#2186,2.9);
#2186 = AXIS2_PLACEMENT_3D('',#2187,#2188,#2189);
#2187 = CARTESIAN_POINT('',(21.,275.,24.9));
#2188 = DIRECTION('',(0.,0.,1.));
#2189 = DIRECTION('',(1.,0.,0.));
#2190 = ORIENTED_EDGE('',*,*,#2176,.F.);
#2191 = ORIENTED_EDGE('',*,*,#1586,.T.);
#2192 = CYLINDRICAL_SURFACE('',#2193,2.9);
#2193 = AXIS2_PLACEMENT_3D('',#2194,#2195,#2196);
#2194 = CARTESIAN_POINT('',(21.,275.,15.9));
#2195 = DIRECTION('',(0.,0.,1.));
#2196 = DIRECTION('',(1.,0.,0.));
#2197 = ADVANCED_FACE('',(#2198),#2217,.F.);
#2198 = FACE_BOUND('',#2199,.F.);
#2199 = EDGE_LOOP('',(#2200,#2208,#2215,#2216));
#2200 = ORIENTED_EDGE('',*,*,#2201,.T.);
#2201 = EDGE_CURVE('',#1598,#2202,#2204,.T.);
#2202 = VERTEX_POINT('',#2203);
#2203 = CARTESIAN_POINT('',(161.9,159.,24.9));
#2204 = LINE('',#2205,#2206);
#2205 = CARTESIAN_POINT('',(161.9,159.,15.9));
#2206 = VECTOR('',#2207,1.);
#2207 = DIRECTION('',(0.,0.,1.));
#2208 = ORIENTED_EDGE('',*,*,#2209,.F.);
#2209 = EDGE_CURVE('',#2202,#2202,#2210,.T.);
#2210 = CIRCLE('',#2211,2.9);
#2211 = AXIS2_PLACEMENT_3D('',#2212,#2213,#2214);
#2212 = CARTESIAN_POINT('',(159.,159.,24.9));
#2213 = DIRECTION('',(0.,0.,1.));
#2214 = DIRECTION('',(1.,0.,0.));
#2215 = ORIENTED_EDGE('',*,*,#2201,.F.);
#2216 = ORIENTED_EDGE('',*,*,#1597,.T.);
#2217 = CYLINDRICAL_SURFACE('',#2218,2.9);
#2218 = AXIS2_PLACEMENT_3D('',#2219,#2220,#2221);
#2219 = CARTESIAN_POINT('',(159.,159.,15.9));
#2220 = DIRECTION('',(0.,0.,1.));
#2221 = DIRECTION('',(1.,0.,0.));
#2222 = ADVANCED_FACE('',(#2223),#2242,.F.);
#2223 = FACE_BOUND('',#2224,.F.);
#2224 = EDGE_LOOP('',(#2225,#2233,#2240,#2241));
#2225 = ORIENTED_EDGE('',*,*,#2226,.T.);
#2226 = EDGE_CURVE('',#1609,#2227,#2229,.T.);
#2227 = VERTEX_POINT('',#2228);
#2228 = CARTESIAN_POINT('',(161.9,191.,24.9));
#2229 = LINE('',#2230,#2231);
#2230 = CARTESIAN_POINT('',(161.9,191.,15.9));
#2231 = VECTOR('',#2232,1.);
#2232 = DIRECTION('',(0.,0.,1.));
#2233 = ORIENTED_EDGE('',*,*,#2234,.F.);
#2234 = EDGE_CURVE('',#2227,#2227,#2235,.T.);
#2235 = CIRCLE('',#2236,2.9);
#2236 = AXIS2_PLACEMENT_3D('',#2237,#2238,#2239);
#2237 = CARTESIAN_POINT('',(159.,191.,24.9));
#2238 = DIRECTION('',(0.,0.,1.));
#2239 = DIRECTION('',(1.,0.,0.));
#2240 = ORIENTED_EDGE('',*,*,#2226,.F.);
#2241 = ORIENTED_EDGE('',*,*,#1608,.T.);
#2242 = CYLINDRICAL_SURFACE('',#2243,2.9);
#2243 = AXIS2_PLACEMENT_3D('',#2244,#2245,#2246);
#2244 = CARTESIAN_POINT('',(159.,191.,15.9));
#2245 = DIRECTION('',(0.,0.,1.));
#2246 = DIRECTION('',(1.,0.,0.));
#2247 = ADVANCED_FACE('',(#2248),#2267,.F.);
#2248 = FACE_BOUND('',#2249,.F.);
#2249 = EDGE_LOOP('',(#2250,#2258,#2265,#2266));
#2250 = ORIENTED_EDGE('',*,*,#2251,.T.);
#2251 = EDGE_CURVE('',#1690,#2252,#2254,.T.);
#2252 = VERTEX_POINT('',#2253);
#2253 = CARTESIAN_POINT('',(161.9,233.,24.9));
#2254 = LINE('',#2255,#2256);
#2255 = CARTESIAN_POINT('',(161.9,233.,15.9));
#2256 = VECTOR('',#2257,1.);
#2257 = DIRECTION('',(0.,0.,1.));
#2258 = ORIENTED_EDGE('',*,*,#2259,.F.);
#2259 = EDGE_CURVE('',#2252,#2252,#2260,.T.);
#2260 = CIRCLE('',#2261,2.9);
#2261 = AXIS2_PLACEMENT_3D('',#2262,#2263,#2264);
#2262 = CARTESIAN_POINT('',(159.,233.,24.9));
#2263 = DIRECTION('',(0.,0.,1.));
#2264 = DIRECTION('',(1.,0.,0.));
#2265 = ORIENTED_EDGE('',*,*,#2251,.F.);
#2266 = ORIENTED_EDGE('',*,*,#1689,.T.);
#2267 = CYLINDRICAL_SURFACE('',#2268,2.9);
#2268 = AXIS2_PLACEMENT_3D('',#2269,#2270,#2271);
#2269 = CARTESIAN_POINT('',(159.,233.,15.9));
#2270 = DIRECTION('',(0.,0.,1.));
#2271 = DIRECTION('',(1.,0.,0.));
#2272 = ADVANCED_FACE('',(#2273),#2292,.F.);
#2273 = FACE_BOUND('',#2274,.F.);
#2274 = EDGE_LOOP('',(#2275,#2283,#2290,#2291));
#2275 = ORIENTED_EDGE('',*,*,#2276,.T.);
#2276 = EDGE_CURVE('',#1701,#2277,#2279,.T.);
#2277 = VERTEX_POINT('',#2278);
#2278 = CARTESIAN_POINT('',(161.9,275.,24.9));
#2279 = LINE('',#2280,#2281);
#2280 = CARTESIAN_POINT('',(161.9,275.,15.9));
#2281 = VECTOR('',#2282,1.);
#2282 = DIRECTION('',(0.,0.,1.));
#2283 = ORIENTED_EDGE('',*,*,#2284,.F.);
#2284 = EDGE_CURVE('',#2277,#2277,#2285,.T.);
#2285 = CIRCLE('',#2286,2.9);
#2286 = AXIS2_PLACEMENT_3D('',#2287,#2288,#2289);
#2287 = CARTESIAN_POINT('',(159.,275.,24.9));
#2288 = DIRECTION('',(0.,0.,1.));
#2289 = DIRECTION('',(1.,0.,0.));
#2290 = ORIENTED_EDGE('',*,*,#2276,.F.);
#2291 = ORIENTED_EDGE('',*,*,#1700,.T.);
#2292 = CYLINDRICAL_SURFACE('',#2293,2.9);
#2293 = AXIS2_PLACEMENT_3D('',#2294,#2295,#2296);
#2294 = CARTESIAN_POINT('',(159.,275.,15.9));
#2295 = DIRECTION('',(0.,0.,1.));
#2296 = DIRECTION('',(1.,0.,0.));
#2297 = ADVANCED_FACE('',(#2298),#2301,.F.);
#2298 = FACE_BOUND('',#2299,.F.);
#2299 = EDGE_LOOP('',(#2300));
#2300 = ORIENTED_EDGE('',*,*,#2009,.T.);
#2301 = PLANE('',#2302);
#2302 = AXIS2_PLACEMENT_3D('',#2303,#2304,#2305);
#2303 = CARTESIAN_POINT('',(21.,22.,24.9));
#2304 = DIRECTION('',(0.,0.,1.));
#2305 = DIRECTION('',(1.,0.,0.));
#2306 = ADVANCED_FACE('',(#2307),#2310,.F.);
#2307 = FACE_BOUND('',#2308,.F.);
#2308 = EDGE_LOOP('',(#2309));
#2309 = ORIENTED_EDGE('',*,*,#2034,.T.);
#2310 = PLANE('',#2311);
#2311 = AXIS2_PLACEMENT_3D('',#2312,#2313,#2314);
#2312 = CARTESIAN_POINT('',(21.,90.5,24.9));
#2313 = DIRECTION('',(0.,0.,1.));
#2314 = DIRECTION('',(1.,0.,0.));
#2315 = ADVANCED_FACE('',(#2316),#2319,.F.);
#2316 = FACE_BOUND('',#2317,.F.);
#2317 = EDGE_LOOP('',(#2318));
#2318 = ORIENTED_EDGE('',*,*,#2059,.T.);
#2319 = PLANE('',#2320);
#2320 = AXIS2_PLACEMENT_3D('',#2321,#2322,#2323);
#2321 = CARTESIAN_POINT('',(159.,22.,24.9));
#2322 = DIRECTION('',(0.,0.,1.));
#2323 = DIRECTION('',(1.,0.,0.));
#2324 = ADVANCED_FACE('',(#2325),#2328,.F.);
#2325 = FACE_BOUND('',#2326,.F.);
#2326 = EDGE_LOOP('',(#2327));
#2327 = ORIENTED_EDGE('',*,*,#2084,.T.);
#2328 = PLANE('',#2329);
#2329 = AXIS2_PLACEMENT_3D('',#2330,#2331,#2332);
#2330 = CARTESIAN_POINT('',(159.,90.5,24.9));
#2331 = DIRECTION('',(0.,0.,1.));
#2332 = DIRECTION('',(1.,0.,0.));
#2333 = ADVANCED_FACE('',(#2334),#2337,.F.);
#2334 = FACE_BOUND('',#2335,.F.);
#2335 = EDGE_LOOP('',(#2336));
#2336 = ORIENTED_EDGE('',*,*,#2109,.T.);
#2337 = PLANE('',#2338);
#2338 = AXIS2_PLACEMENT_3D('',#2339,#2340,#2341);
#2339 = CARTESIAN_POINT('',(21.,159.,24.9));
#2340 = DIRECTION('',(0.,0.,1.));
#2341 = DIRECTION('',(1.,0.,0.));
#2342 = ADVANCED_FACE('',(#2343),#2346,.F.);
#2343 = FACE_BOUND('',#2344,.F.);
#2344 = EDGE_LOOP('',(#2345));
#2345 = ORIENTED_EDGE('',*,*,#2134,.T.);
#2346 = PLANE('',#2347);
#2347 = AXIS2_PLACEMENT_3D('',#2348,#2349,#2350);
#2348 = CARTESIAN_POINT('',(21.,191.,24.9));
#2349 = DIRECTION('',(0.,0.,1.));
#2350 = DIRECTION('',(1.,0.,0.));
#2351 = ADVANCED_FACE('',(#2352),#2355,.F.);
#2352 = FACE_BOUND('',#2353,.F.);
#2353 = EDGE_LOOP('',(#2354));
#2354 = ORIENTED_EDGE('',*,*,#2159,.T.);
#2355 = PLANE('',#2356);
#2356 = AXIS2_PLACEMENT_3D('',#2357,#2358,#2359);
#2357 = CARTESIAN_POINT('',(21.,233.,24.9));
#2358 = DIRECTION('',(0.,0.,1.));
#2359 = DIRECTION('',(1.,0.,0.));
#2360 = ADVANCED_FACE('',(#2361),#2364,.F.);
#2361 = FACE_BOUND('',#2362,.F.);
#2362 = EDGE_LOOP('',(#2363));
#2363 = ORIENTED_EDGE('',*,*,#2184,.T.);
#2364 = PLANE('',#2365);
#2365 = AXIS2_PLACEMENT_3D('',#2366,#2367,#2368);
#2366 = CARTESIAN_POINT('',(21.,275.,24.9));
#2367 = DIRECTION('',(0.,0.,1.));
#2368 = DIRECTION('',(1.,0.,0.));
#2369 = ADVANCED_FACE('',(#2370),#2373,.F.);
#2370 = FACE_BOUND('',#2371,.F.);
#2371 = EDGE_LOOP('',(#2372));
#2372 = ORIENTED_EDGE('',*,*,#2209,.T.);
#2373 = PLANE('',#2374);
#2374 = AXIS2_PLACEMENT_3D('',#2375,#2376,#2377);
#2375 = CARTESIAN_POINT('',(159.,159.,24.9));
#2376 = DIRECTION('',(0.,0.,1.));
#2377 = DIRECTION('',(1.,0.,0.));
#2378 = ADVANCED_FACE('',(#2379),#2382,.F.);
#2379 = FACE_BOUND('',#2380,.F.);
#2380 = EDGE_LOOP('',(#2381));
#2381 = ORIENTED_EDGE('',*,*,#2234,.T.);
#2382 = PLANE('',#2383);
#2383 = AXIS2_PLACEMENT_3D('',#2384,#2385,#2386);
#2384 = CARTESIAN_POINT('',(159.,191.,24.9));
#2385 = DIRECTION('',(0.,0.,1.));
#2386 = DIRECTION('',(1.,0.,0.));
#2387 = ADVANCED_FACE('',(#2388),#2391,.F.);
#2388 = FACE_BOUND('',#2389,.F.);
#2389 = EDGE_LOOP('',(#2390));
#2390 = ORIENTED_EDGE('',*,*,#2259,.T.);
#2391 = PLANE('',#2392);
#2392 = AXIS2_PLACEMENT_3D('',#2393,#2394,#2395);
#2393 = CARTESIAN_POINT('',(159.,233.,24.9));
#2394 = DIRECTION('',(0.,0.,1.));
#2395 = DIRECTION('',(1.,0.,0.));
#2396 = ADVANCED_FACE('',(#2397),#2400,.F.);
#2397 = FACE_BOUND('',#2398,.F.);
#2398 = EDGE_LOOP('',(#2399));
#2399 = ORIENTED_EDGE('',*,*,#2284,.T.);
#2400 = PLANE('',#2401);
#2401 = AXIS2_PLACEMENT_3D('',#2402,#2403,#2404);
#2402 = CARTESIAN_POINT('',(159.,275.,24.9));
#2403 = DIRECTION('',(0.,0.,1.));
#2404 = DIRECTION('',(1.,0.,0.));
#2405 = MANIFOLD_SOLID_BREP('',#2406);
#2406 = CLOSED_SHELL('',(#2407,#2447,#2478,#2774,#2798,#2955,#2967,#2992
    ,#3017,#3042,#3064,#3081,#3098,#3115,#3132,#3149,#3166,#3178,#3203,
    #3228,#3253,#3278,#3303,#3328,#3353,#3375,#3392,#3409,#3426,#3443,
    #3460,#3477,#3489,#3514,#3539,#3548,#3557,#3566,#3575,#3584,#3593,
    #3602,#3611,#3620,#3629,#3638));
#2407 = ADVANCED_FACE('',(#2408),#2442,.F.);
#2408 = FACE_BOUND('',#2409,.F.);
#2409 = EDGE_LOOP('',(#2410,#2420,#2428,#2436));
#2410 = ORIENTED_EDGE('',*,*,#2411,.F.);
#2411 = EDGE_CURVE('',#2412,#2414,#2416,.T.);
#2412 = VERTEX_POINT('',#2413);
#2413 = CARTESIAN_POINT('',(12.,12.,182.));
#2414 = VERTEX_POINT('',#2415);
#2415 = CARTESIAN_POINT('',(12.,12.,194.));
#2416 = LINE('',#2417,#2418);
#2417 = CARTESIAN_POINT('',(12.,12.,182.));
#2418 = VECTOR('',#2419,1.);
#2419 = DIRECTION('',(0.,0.,1.));
#2420 = ORIENTED_EDGE('',*,*,#2421,.T.);
#2421 = EDGE_CURVE('',#2412,#2422,#2424,.T.);
#2422 = VERTEX_POINT('',#2423);
#2423 = CARTESIAN_POINT('',(12.,285.,182.));
#2424 = LINE('',#2425,#2426);
#2425 = CARTESIAN_POINT('',(12.,12.,182.));
#2426 = VECTOR('',#2427,1.);
#2427 = DIRECTION('',(0.,1.,0.));
#2428 = ORIENTED_EDGE('',*,*,#2429,.T.);
#2429 = EDGE_CURVE('',#2422,#2430,#2432,.T.);
#2430 = VERTEX_POINT('',#2431);
#2431 = CARTESIAN_POINT('',(12.,285.,194.));
#2432 = LINE('',#2433,#2434);
#2433 = CARTESIAN_POINT('',(12.,285.,182.));
#2434 = VECTOR('',#2435,1.);
#2435 = DIRECTION('',(0.,0.,1.));
#2436 = ORIENTED_EDGE('',*,*,#2437,.F.);
#2437 = EDGE_CURVE('',#2414,#2430,#2438,.T.);
#2438 = LINE('',#2439,#2440);
#2439 = CARTESIAN_POINT('',(12.,12.,194.));
#2440 = VECTOR('',#2441,1.);
#2441 = DIRECTION('',(0.,1.,0.));
#2442 = PLANE('',#2443);
#2443 = AXIS2_PLACEMENT_3D('',#2444,#2445,#2446);
#2444 = CARTESIAN_POINT('',(12.,12.,182.));
#2445 = DIRECTION('',(1.,0.,0.));
#2446 = DIRECTION('',(0.,0.,1.));
#2447 = ADVANCED_FACE('',(#2448),#2473,.F.);
#2448 = FACE_BOUND('',#2449,.F.);
#2449 = EDGE_LOOP('',(#2450,#2458,#2459,#2467));
#2450 = ORIENTED_EDGE('',*,*,#2451,.F.);
#2451 = EDGE_CURVE('',#2412,#2452,#2454,.T.);
#2452 = VERTEX_POINT('',#2453);
#2453 = CARTESIAN_POINT('',(168.,12.,182.));
#2454 = LINE('',#2455,#2456);
#2455 = CARTESIAN_POINT('',(12.,12.,182.));
#2456 = VECTOR('',#2457,1.);
#2457 = DIRECTION('',(1.,0.,0.));
#2458 = ORIENTED_EDGE('',*,*,#2411,.T.);
#2459 = ORIENTED_EDGE('',*,*,#2460,.T.);
#2460 = EDGE_CURVE('',#2414,#2461,#2463,.T.);
#2461 = VERTEX_POINT('',#2462);
#2462 = CARTESIAN_POINT('',(168.,12.,194.));
#2463 = LINE('',#2464,#2465);
#2464 = CARTESIAN_POINT('',(12.,12.,194.));
#2465 = VECTOR('',#2466,1.);
#2466 = DIRECTION('',(1.,0.,0.));
#2467 = ORIENTED_EDGE('',*,*,#2468,.F.);
#2468 = EDGE_CURVE('',#2452,#2461,#2469,.T.);
#2469 = LINE('',#2470,#2471);
#2470 = CARTESIAN_POINT('',(168.,12.,182.));
#2471 = VECTOR('',#2472,1.);
#2472 = DIRECTION('',(0.,0.,1.));
#2473 = PLANE('',#2474);
#2474 = AXIS2_PLACEMENT_3D('',#2475,#2476,#2477);
#2475 = CARTESIAN_POINT('',(12.,12.,182.));
#2476 = DIRECTION('',(0.,1.,0.));
#2477 = DIRECTION('',(0.,0.,1.));
#2478 = ADVANCED_FACE('',(#2479,#2497,#2508,#2519,#2530,#2600,#2611,
    #2622,#2633,#2644,#2655,#2666,#2677,#2747,#2758),#2769,.T.);
#2479 = FACE_BOUND('',#2480,.T.);
#2480 = EDGE_LOOP('',(#2481,#2482,#2483,#2491));
#2481 = ORIENTED_EDGE('',*,*,#2437,.F.);
#2482 = ORIENTED_EDGE('',*,*,#2460,.T.);
#2483 = ORIENTED_EDGE('',*,*,#2484,.T.);
#2484 = EDGE_CURVE('',#2461,#2485,#2487,.T.);
#2485 = VERTEX_POINT('',#2486);
#2486 = CARTESIAN_POINT('',(168.,285.,194.));
#2487 = LINE('',#2488,#2489);
#2488 = CARTESIAN_POINT('',(168.,12.,194.));
#2489 = VECTOR('',#2490,1.);
#2490 = DIRECTION('',(0.,1.,0.));
#2491 = ORIENTED_EDGE('',*,*,#2492,.F.);
#2492 = EDGE_CURVE('',#2430,#2485,#2493,.T.);
#2493 = LINE('',#2494,#2495);
#2494 = CARTESIAN_POINT('',(12.,285.,194.));
#2495 = VECTOR('',#2496,1.);
#2496 = DIRECTION('',(1.,0.,0.));
#2497 = FACE_BOUND('',#2498,.T.);
#2498 = EDGE_LOOP('',(#2499));
#2499 = ORIENTED_EDGE('',*,*,#2500,.T.);
#2500 = EDGE_CURVE('',#2501,#2501,#2503,.T.);
#2501 = VERTEX_POINT('',#2502);
#2502 = CARTESIAN_POINT('',(18.1,22.,194.));
#2503 = CIRCLE('',#2504,2.9);
#2504 = AXIS2_PLACEMENT_3D('',#2505,#2506,#2507);
#2505 = CARTESIAN_POINT('',(21.,22.,194.));
#2506 = DIRECTION('',(0.,0.,-1.));
#2507 = DIRECTION('',(-1.,0.,0.));
#2508 = FACE_BOUND('',#2509,.T.);
#2509 = EDGE_LOOP('',(#2510));
#2510 = ORIENTED_EDGE('',*,*,#2511,.T.);
#2511 = EDGE_CURVE('',#2512,#2512,#2514,.T.);
#2512 = VERTEX_POINT('',#2513);
#2513 = CARTESIAN_POINT('',(18.1,90.5,194.));
#2514 = CIRCLE('',#2515,2.9);
#2515 = AXIS2_PLACEMENT_3D('',#2516,#2517,#2518);
#2516 = CARTESIAN_POINT('',(21.,90.5,194.));
#2517 = DIRECTION('',(0.,0.,-1.));
#2518 = DIRECTION('',(-1.,0.,0.));
#2519 = FACE_BOUND('',#2520,.T.);
#2520 = EDGE_LOOP('',(#2521));
#2521 = ORIENTED_EDGE('',*,*,#2522,.T.);
#2522 = EDGE_CURVE('',#2523,#2523,#2525,.T.);
#2523 = VERTEX_POINT('',#2524);
#2524 = CARTESIAN_POINT('',(156.1,22.,194.));
#2525 = CIRCLE('',#2526,2.9);
#2526 = AXIS2_PLACEMENT_3D('',#2527,#2528,#2529);
#2527 = CARTESIAN_POINT('',(159.,22.,194.));
#2528 = DIRECTION('',(0.,0.,-1.));
#2529 = DIRECTION('',(-1.,0.,0.));
#2530 = FACE_BOUND('',#2531,.T.);
#2531 = EDGE_LOOP('',(#2532,#2543,#2551,#2560,#2568,#2577,#2585,#2594));
#2532 = ORIENTED_EDGE('',*,*,#2533,.T.);
#2533 = EDGE_CURVE('',#2534,#2536,#2538,.T.);
#2534 = VERTEX_POINT('',#2535);
#2535 = CARTESIAN_POINT('',(150.,38.,194.));
#2536 = VERTEX_POINT('',#2537);
#2537 = CARTESIAN_POINT('',(144.,32.,194.));
#2538 = CIRCLE('',#2539,6.);
#2539 = AXIS2_PLACEMENT_3D('',#2540,#2541,#2542);
#2540 = CARTESIAN_POINT('',(144.,38.,194.));
#2541 = DIRECTION('',(-0.,-0.,-1.));
#2542 = DIRECTION('',(0.,-1.,0.));
#2543 = ORIENTED_EDGE('',*,*,#2544,.T.);
#2544 = EDGE_CURVE('',#2536,#2545,#2547,.T.);
#2545 = VERTEX_POINT('',#2546);
#2546 = CARTESIAN_POINT('',(36.,32.,194.));
#2547 = LINE('',#2548,#2549);
#2548 = CARTESIAN_POINT('',(24.,32.,194.));
#2549 = VECTOR('',#2550,1.);
#2550 = DIRECTION('',(-1.,0.,0.));
#2551 = ORIENTED_EDGE('',*,*,#2552,.T.);
#2552 = EDGE_CURVE('',#2545,#2553,#2555,.T.);
#2553 = VERTEX_POINT('',#2554);
#2554 = CARTESIAN_POINT('',(30.,38.,194.));
#2555 = CIRCLE('',#2556,6.);
#2556 = AXIS2_PLACEMENT_3D('',#2557,#2558,#2559);
#2557 = CARTESIAN_POINT('',(36.,38.,194.));
#2558 = DIRECTION('',(0.,0.,-1.));
#2559 = DIRECTION('',(-1.,0.,0.));
#2560 = ORIENTED_EDGE('',*,*,#2561,.T.);
#2561 = EDGE_CURVE('',#2553,#2562,#2564,.T.);
#2562 = VERTEX_POINT('',#2563);
#2563 = CARTESIAN_POINT('',(30.,137.,194.));
#2564 = LINE('',#2565,#2566);
#2565 = CARTESIAN_POINT('',(30.,74.5,194.));
#2566 = VECTOR('',#2567,1.);
#2567 = DIRECTION('',(0.,1.,0.));
#2568 = ORIENTED_EDGE('',*,*,#2569,.T.);
#2569 = EDGE_CURVE('',#2562,#2570,#2572,.T.);
#2570 = VERTEX_POINT('',#2571);
#2571 = CARTESIAN_POINT('',(36.,143.,194.));
#2572 = CIRCLE('',#2573,6.);
#2573 = AXIS2_PLACEMENT_3D('',#2574,#2575,#2576);
#2574 = CARTESIAN_POINT('',(36.,137.,194.));
#2575 = DIRECTION('',(0.,0.,-1.));
#2576 = DIRECTION('',(0.,1.,0.));
#2577 = ORIENTED_EDGE('',*,*,#2578,.T.);
#2578 = EDGE_CURVE('',#2570,#2579,#2581,.T.);
#2579 = VERTEX_POINT('',#2580);
#2580 = CARTESIAN_POINT('',(144.,143.,194.));
#2581 = LINE('',#2582,#2583);
#2582 = CARTESIAN_POINT('',(78.,143.,194.));
#2583 = VECTOR('',#2584,1.);
#2584 = DIRECTION('',(1.,0.,0.));
#2585 = ORIENTED_EDGE('',*,*,#2586,.T.);
#2586 = EDGE_CURVE('',#2579,#2587,#2589,.T.);
#2587 = VERTEX_POINT('',#2588);
#2588 = CARTESIAN_POINT('',(150.,137.,194.));
#2589 = CIRCLE('',#2590,6.);
#2590 = AXIS2_PLACEMENT_3D('',#2591,#2592,#2593);
#2591 = CARTESIAN_POINT('',(144.,137.,194.));
#2592 = DIRECTION('',(0.,0.,-1.));
#2593 = DIRECTION('',(1.,0.,0.));
#2594 = ORIENTED_EDGE('',*,*,#2595,.T.);
#2595 = EDGE_CURVE('',#2587,#2534,#2596,.T.);
#2596 = LINE('',#2597,#2598);
#2597 = CARTESIAN_POINT('',(150.,25.,194.));
#2598 = VECTOR('',#2599,1.);
#2599 = DIRECTION('',(0.,-1.,0.));
#2600 = FACE_BOUND('',#2601,.T.);
#2601 = EDGE_LOOP('',(#2602));
#2602 = ORIENTED_EDGE('',*,*,#2603,.T.);
#2603 = EDGE_CURVE('',#2604,#2604,#2606,.T.);
#2604 = VERTEX_POINT('',#2605);
#2605 = CARTESIAN_POINT('',(156.1,90.5,194.));
#2606 = CIRCLE('',#2607,2.9);
#2607 = AXIS2_PLACEMENT_3D('',#2608,#2609,#2610);
#2608 = CARTESIAN_POINT('',(159.,90.5,194.));
#2609 = DIRECTION('',(0.,0.,-1.));
#2610 = DIRECTION('',(-1.,0.,0.));
#2611 = FACE_BOUND('',#2612,.T.);
#2612 = EDGE_LOOP('',(#2613));
#2613 = ORIENTED_EDGE('',*,*,#2614,.T.);
#2614 = EDGE_CURVE('',#2615,#2615,#2617,.T.);
#2615 = VERTEX_POINT('',#2616);
#2616 = CARTESIAN_POINT('',(18.1,159.,194.));
#2617 = CIRCLE('',#2618,2.9);
#2618 = AXIS2_PLACEMENT_3D('',#2619,#2620,#2621);
#2619 = CARTESIAN_POINT('',(21.,159.,194.));
#2620 = DIRECTION('',(0.,0.,-1.));
#2621 = DIRECTION('',(-1.,0.,0.));
#2622 = FACE_BOUND('',#2623,.T.);
#2623 = EDGE_LOOP('',(#2624));
#2624 = ORIENTED_EDGE('',*,*,#2625,.T.);
#2625 = EDGE_CURVE('',#2626,#2626,#2628,.T.);
#2626 = VERTEX_POINT('',#2627);
#2627 = CARTESIAN_POINT('',(18.1,191.,194.));
#2628 = CIRCLE('',#2629,2.9);
#2629 = AXIS2_PLACEMENT_3D('',#2630,#2631,#2632);
#2630 = CARTESIAN_POINT('',(21.,191.,194.));
#2631 = DIRECTION('',(0.,0.,-1.));
#2632 = DIRECTION('',(-1.,0.,0.));
#2633 = FACE_BOUND('',#2634,.T.);
#2634 = EDGE_LOOP('',(#2635));
#2635 = ORIENTED_EDGE('',*,*,#2636,.T.);
#2636 = EDGE_CURVE('',#2637,#2637,#2639,.T.);
#2637 = VERTEX_POINT('',#2638);
#2638 = CARTESIAN_POINT('',(18.1,233.,194.));
#2639 = CIRCLE('',#2640,2.9);
#2640 = AXIS2_PLACEMENT_3D('',#2641,#2642,#2643);
#2641 = CARTESIAN_POINT('',(21.,233.,194.));
#2642 = DIRECTION('',(0.,0.,-1.));
#2643 = DIRECTION('',(-1.,0.,0.));
#2644 = FACE_BOUND('',#2645,.T.);
#2645 = EDGE_LOOP('',(#2646));
#2646 = ORIENTED_EDGE('',*,*,#2647,.T.);
#2647 = EDGE_CURVE('',#2648,#2648,#2650,.T.);
#2648 = VERTEX_POINT('',#2649);
#2649 = CARTESIAN_POINT('',(18.1,275.,194.));
#2650 = CIRCLE('',#2651,2.9);
#2651 = AXIS2_PLACEMENT_3D('',#2652,#2653,#2654);
#2652 = CARTESIAN_POINT('',(21.,275.,194.));
#2653 = DIRECTION('',(0.,0.,-1.));
#2654 = DIRECTION('',(-1.,0.,0.));
#2655 = FACE_BOUND('',#2656,.T.);
#2656 = EDGE_LOOP('',(#2657));
#2657 = ORIENTED_EDGE('',*,*,#2658,.T.);
#2658 = EDGE_CURVE('',#2659,#2659,#2661,.T.);
#2659 = VERTEX_POINT('',#2660);
#2660 = CARTESIAN_POINT('',(156.1,159.,194.));
#2661 = CIRCLE('',#2662,2.9);
#2662 = AXIS2_PLACEMENT_3D('',#2663,#2664,#2665);
#2663 = CARTESIAN_POINT('',(159.,159.,194.));
#2664 = DIRECTION('',(0.,0.,-1.));
#2665 = DIRECTION('',(-1.,0.,0.));
#2666 = FACE_BOUND('',#2667,.T.);
#2667 = EDGE_LOOP('',(#2668));
#2668 = ORIENTED_EDGE('',*,*,#2669,.T.);
#2669 = EDGE_CURVE('',#2670,#2670,#2672,.T.);
#2670 = VERTEX_POINT('',#2671);
#2671 = CARTESIAN_POINT('',(156.1,191.,194.));
#2672 = CIRCLE('',#2673,2.9);
#2673 = AXIS2_PLACEMENT_3D('',#2674,#2675,#2676);
#2674 = CARTESIAN_POINT('',(159.,191.,194.));
#2675 = DIRECTION('',(0.,0.,-1.));
#2676 = DIRECTION('',(-1.,0.,0.));
#2677 = FACE_BOUND('',#2678,.T.);
#2678 = EDGE_LOOP('',(#2679,#2690,#2698,#2707,#2715,#2724,#2732,#2741));
#2679 = ORIENTED_EDGE('',*,*,#2680,.T.);
#2680 = EDGE_CURVE('',#2681,#2683,#2685,.T.);
#2681 = VERTEX_POINT('',#2682);
#2682 = CARTESIAN_POINT('',(150.,213.,194.));
#2683 = VERTEX_POINT('',#2684);
#2684 = CARTESIAN_POINT('',(144.,207.,194.));
#2685 = CIRCLE('',#2686,6.);
#2686 = AXIS2_PLACEMENT_3D('',#2687,#2688,#2689);
#2687 = CARTESIAN_POINT('',(144.,213.,194.));
#2688 = DIRECTION('',(-0.,-0.,-1.));
#2689 = DIRECTION('',(0.,-1.,0.));
#2690 = ORIENTED_EDGE('',*,*,#2691,.T.);
#2691 = EDGE_CURVE('',#2683,#2692,#2694,.T.);
#2692 = VERTEX_POINT('',#2693);
#2693 = CARTESIAN_POINT('',(36.,207.,194.));
#2694 = LINE('',#2695,#2696);
#2695 = CARTESIAN_POINT('',(24.,207.,194.));
#2696 = VECTOR('',#2697,1.);
#2697 = DIRECTION('',(-1.,0.,0.));
#2698 = ORIENTED_EDGE('',*,*,#2699,.T.);
#2699 = EDGE_CURVE('',#2692,#2700,#2702,.T.);
#2700 = VERTEX_POINT('',#2701);
#2701 = CARTESIAN_POINT('',(30.,213.,194.));
#2702 = CIRCLE('',#2703,6.);
#2703 = AXIS2_PLACEMENT_3D('',#2704,#2705,#2706);
#2704 = CARTESIAN_POINT('',(36.,213.,194.));
#2705 = DIRECTION('',(-0.,0.,-1.));
#2706 = DIRECTION('',(-1.,-5.921189464668E-16,0.));
#2707 = ORIENTED_EDGE('',*,*,#2708,.T.);
#2708 = EDGE_CURVE('',#2700,#2709,#2711,.T.);
#2709 = VERTEX_POINT('',#2710);
#2710 = CARTESIAN_POINT('',(30.,259.,194.));
#2711 = LINE('',#2712,#2713);
#2712 = CARTESIAN_POINT('',(30.,135.5,194.));
#2713 = VECTOR('',#2714,1.);
#2714 = DIRECTION('',(0.,1.,0.));
#2715 = ORIENTED_EDGE('',*,*,#2716,.T.);
#2716 = EDGE_CURVE('',#2709,#2717,#2719,.T.);
#2717 = VERTEX_POINT('',#2718);
#2718 = CARTESIAN_POINT('',(36.,265.,194.));
#2719 = CIRCLE('',#2720,6.);
#2720 = AXIS2_PLACEMENT_3D('',#2721,#2722,#2723);
#2721 = CARTESIAN_POINT('',(36.,259.,194.));
#2722 = DIRECTION('',(0.,0.,-1.));
#2723 = DIRECTION('',(0.,1.,0.));
#2724 = ORIENTED_EDGE('',*,*,#2725,.T.);
#2725 = EDGE_CURVE('',#2717,#2726,#2728,.T.);
#2726 = VERTEX_POINT('',#2727);
#2727 = CARTESIAN_POINT('',(144.,265.,194.));
#2728 = LINE('',#2729,#2730);
#2729 = CARTESIAN_POINT('',(78.,265.,194.));
#2730 = VECTOR('',#2731,1.);
#2731 = DIRECTION('',(1.,0.,0.));
#2732 = ORIENTED_EDGE('',*,*,#2733,.T.);
#2733 = EDGE_CURVE('',#2726,#2734,#2736,.T.);
#2734 = VERTEX_POINT('',#2735);
#2735 = CARTESIAN_POINT('',(150.,259.,194.));
#2736 = CIRCLE('',#2737,6.);
#2737 = AXIS2_PLACEMENT_3D('',#2738,#2739,#2740);
#2738 = CARTESIAN_POINT('',(144.,259.,194.));
#2739 = DIRECTION('',(0.,0.,-1.));
#2740 = DIRECTION('',(1.,5.921189464668E-16,0.));
#2741 = ORIENTED_EDGE('',*,*,#2742,.T.);
#2742 = EDGE_CURVE('',#2734,#2681,#2743,.T.);
#2743 = LINE('',#2744,#2745);
#2744 = CARTESIAN_POINT('',(150.,112.5,194.));
#2745 = VECTOR('',#2746,1.);
#2746 = DIRECTION('',(0.,-1.,0.));
#2747 = FACE_BOUND('',#2748,.T.);
#2748 = EDGE_LOOP('',(#2749));
#2749 = ORIENTED_EDGE('',*,*,#2750,.T.);
#2750 = EDGE_CURVE('',#2751,#2751,#2753,.T.);
#2751 = VERTEX_POINT('',#2752);
#2752 = CARTESIAN_POINT('',(156.1,233.,194.));
#2753 = CIRCLE('',#2754,2.9);
#2754 = AXIS2_PLACEMENT_3D('',#2755,#2756,#2757);
#2755 = CARTESIAN_POINT('',(159.,233.,194.));
#2756 = DIRECTION('',(0.,0.,-1.));
#2757 = DIRECTION('',(-1.,0.,0.));
#2758 = FACE_BOUND('',#2759,.T.);
#2759 = EDGE_LOOP('',(#2760));
#2760 = ORIENTED_EDGE('',*,*,#2761,.T.);
#2761 = EDGE_CURVE('',#2762,#2762,#2764,.T.);
#2762 = VERTEX_POINT('',#2763);
#2763 = CARTESIAN_POINT('',(156.1,275.,194.));
#2764 = CIRCLE('',#2765,2.9);
#2765 = AXIS2_PLACEMENT_3D('',#2766,#2767,#2768);
#2766 = CARTESIAN_POINT('',(159.,275.,194.));
#2767 = DIRECTION('',(0.,0.,-1.));
#2768 = DIRECTION('',(-1.,0.,0.));
#2769 = PLANE('',#2770);
#2770 = AXIS2_PLACEMENT_3D('',#2771,#2772,#2773);
#2771 = CARTESIAN_POINT('',(12.,12.,194.));
#2772 = DIRECTION('',(0.,0.,1.));
#2773 = DIRECTION('',(1.,0.,0.));
#2774 = ADVANCED_FACE('',(#2775),#2793,.T.);
#2775 = FACE_BOUND('',#2776,.T.);
#2776 = EDGE_LOOP('',(#2777,#2785,#2786,#2787));
#2777 = ORIENTED_EDGE('',*,*,#2778,.F.);
#2778 = EDGE_CURVE('',#2422,#2779,#2781,.T.);
#2779 = VERTEX_POINT('',#2780);
#2780 = CARTESIAN_POINT('',(168.,285.,182.));
#2781 = LINE('',#2782,#2783);
#2782 = CARTESIAN_POINT('',(12.,285.,182.));
#2783 = VECTOR('',#2784,1.);
#2784 = DIRECTION('',(1.,0.,0.));
#2785 = ORIENTED_EDGE('',*,*,#2429,.T.);
#2786 = ORIENTED_EDGE('',*,*,#2492,.T.);
#2787 = ORIENTED_EDGE('',*,*,#2788,.F.);
#2788 = EDGE_CURVE('',#2779,#2485,#2789,.T.);
#2789 = LINE('',#2790,#2791);
#2790 = CARTESIAN_POINT('',(168.,285.,182.));
#2791 = VECTOR('',#2792,1.);
#2792 = DIRECTION('',(0.,0.,1.));
#2793 = PLANE('',#2794);
#2794 = AXIS2_PLACEMENT_3D('',#2795,#2796,#2797);
#2795 = CARTESIAN_POINT('',(12.,285.,182.));
#2796 = DIRECTION('',(0.,1.,0.));
#2797 = DIRECTION('',(0.,0.,1.));
#2798 = ADVANCED_FACE('',(#2799,#2810,#2880),#2950,.F.);
#2799 = FACE_BOUND('',#2800,.F.);
#2800 = EDGE_LOOP('',(#2801,#2802,#2803,#2809));
#2801 = ORIENTED_EDGE('',*,*,#2421,.F.);
#2802 = ORIENTED_EDGE('',*,*,#2451,.T.);
#2803 = ORIENTED_EDGE('',*,*,#2804,.T.);
#2804 = EDGE_CURVE('',#2452,#2779,#2805,.T.);
#2805 = LINE('',#2806,#2807);
#2806 = CARTESIAN_POINT('',(168.,12.,182.));
#2807 = VECTOR('',#2808,1.);
#2808 = DIRECTION('',(0.,1.,0.));
#2809 = ORIENTED_EDGE('',*,*,#2778,.F.);
#2810 = FACE_BOUND('',#2811,.F.);
#2811 = EDGE_LOOP('',(#2812,#2823,#2831,#2840,#2848,#2857,#2865,#2874));
#2812 = ORIENTED_EDGE('',*,*,#2813,.T.);
#2813 = EDGE_CURVE('',#2814,#2816,#2818,.T.);
#2814 = VERTEX_POINT('',#2815);
#2815 = CARTESIAN_POINT('',(150.,38.,182.));
#2816 = VERTEX_POINT('',#2817);
#2817 = CARTESIAN_POINT('',(144.,32.,182.));
#2818 = CIRCLE('',#2819,6.);
#2819 = AXIS2_PLACEMENT_3D('',#2820,#2821,#2822);
#2820 = CARTESIAN_POINT('',(144.,38.,182.));
#2821 = DIRECTION('',(-0.,-0.,-1.));
#2822 = DIRECTION('',(0.,-1.,0.));
#2823 = ORIENTED_EDGE('',*,*,#2824,.T.);
#2824 = EDGE_CURVE('',#2816,#2825,#2827,.T.);
#2825 = VERTEX_POINT('',#2826);
#2826 = CARTESIAN_POINT('',(36.,32.,182.));
#2827 = LINE('',#2828,#2829);
#2828 = CARTESIAN_POINT('',(24.,32.,182.));
#2829 = VECTOR('',#2830,1.);
#2830 = DIRECTION('',(-1.,0.,0.));
#2831 = ORIENTED_EDGE('',*,*,#2832,.T.);
#2832 = EDGE_CURVE('',#2825,#2833,#2835,.T.);
#2833 = VERTEX_POINT('',#2834);
#2834 = CARTESIAN_POINT('',(30.,38.,182.));
#2835 = CIRCLE('',#2836,6.);
#2836 = AXIS2_PLACEMENT_3D('',#2837,#2838,#2839);
#2837 = CARTESIAN_POINT('',(36.,38.,182.));
#2838 = DIRECTION('',(0.,0.,-1.));
#2839 = DIRECTION('',(-1.,0.,0.));
#2840 = ORIENTED_EDGE('',*,*,#2841,.T.);
#2841 = EDGE_CURVE('',#2833,#2842,#2844,.T.);
#2842 = VERTEX_POINT('',#2843);
#2843 = CARTESIAN_POINT('',(30.,137.,182.));
#2844 = LINE('',#2845,#2846);
#2845 = CARTESIAN_POINT('',(30.,74.5,182.));
#2846 = VECTOR('',#2847,1.);
#2847 = DIRECTION('',(0.,1.,0.));
#2848 = ORIENTED_EDGE('',*,*,#2849,.T.);
#2849 = EDGE_CURVE('',#2842,#2850,#2852,.T.);
#2850 = VERTEX_POINT('',#2851);
#2851 = CARTESIAN_POINT('',(36.,143.,182.));
#2852 = CIRCLE('',#2853,6.);
#2853 = AXIS2_PLACEMENT_3D('',#2854,#2855,#2856);
#2854 = CARTESIAN_POINT('',(36.,137.,182.));
#2855 = DIRECTION('',(0.,0.,-1.));
#2856 = DIRECTION('',(0.,1.,0.));
#2857 = ORIENTED_EDGE('',*,*,#2858,.T.);
#2858 = EDGE_CURVE('',#2850,#2859,#2861,.T.);
#2859 = VERTEX_POINT('',#2860);
#2860 = CARTESIAN_POINT('',(144.,143.,182.));
#2861 = LINE('',#2862,#2863);
#2862 = CARTESIAN_POINT('',(78.,143.,182.));
#2863 = VECTOR('',#2864,1.);
#2864 = DIRECTION('',(1.,0.,0.));
#2865 = ORIENTED_EDGE('',*,*,#2866,.T.);
#2866 = EDGE_CURVE('',#2859,#2867,#2869,.T.);
#2867 = VERTEX_POINT('',#2868);
#2868 = CARTESIAN_POINT('',(150.,137.,182.));
#2869 = CIRCLE('',#2870,6.);
#2870 = AXIS2_PLACEMENT_3D('',#2871,#2872,#2873);
#2871 = CARTESIAN_POINT('',(144.,137.,182.));
#2872 = DIRECTION('',(0.,0.,-1.));
#2873 = DIRECTION('',(1.,0.,0.));
#2874 = ORIENTED_EDGE('',*,*,#2875,.T.);
#2875 = EDGE_CURVE('',#2867,#2814,#2876,.T.);
#2876 = LINE('',#2877,#2878);
#2877 = CARTESIAN_POINT('',(150.,25.,182.));
#2878 = VECTOR('',#2879,1.);
#2879 = DIRECTION('',(0.,-1.,0.));
#2880 = FACE_BOUND('',#2881,.F.);
#2881 = EDGE_LOOP('',(#2882,#2893,#2901,#2910,#2918,#2927,#2935,#2944));
#2882 = ORIENTED_EDGE('',*,*,#2883,.T.);
#2883 = EDGE_CURVE('',#2884,#2886,#2888,.T.);
#2884 = VERTEX_POINT('',#2885);
#2885 = CARTESIAN_POINT('',(150.,213.,182.));
#2886 = VERTEX_POINT('',#2887);
#2887 = CARTESIAN_POINT('',(144.,207.,182.));
#2888 = CIRCLE('',#2889,6.);
#2889 = AXIS2_PLACEMENT_3D('',#2890,#2891,#2892);
#2890 = CARTESIAN_POINT('',(144.,213.,182.));
#2891 = DIRECTION('',(-0.,-0.,-1.));
#2892 = DIRECTION('',(0.,-1.,0.));
#2893 = ORIENTED_EDGE('',*,*,#2894,.T.);
#2894 = EDGE_CURVE('',#2886,#2895,#2897,.T.);
#2895 = VERTEX_POINT('',#2896);
#2896 = CARTESIAN_POINT('',(36.,207.,182.));
#2897 = LINE('',#2898,#2899);
#2898 = CARTESIAN_POINT('',(24.,207.,182.));
#2899 = VECTOR('',#2900,1.);
#2900 = DIRECTION('',(-1.,0.,0.));
#2901 = ORIENTED_EDGE('',*,*,#2902,.T.);
#2902 = EDGE_CURVE('',#2895,#2903,#2905,.T.);
#2903 = VERTEX_POINT('',#2904);
#2904 = CARTESIAN_POINT('',(30.,213.,182.));
#2905 = CIRCLE('',#2906,6.);
#2906 = AXIS2_PLACEMENT_3D('',#2907,#2908,#2909);
#2907 = CARTESIAN_POINT('',(36.,213.,182.));
#2908 = DIRECTION('',(-0.,0.,-1.));
#2909 = DIRECTION('',(-1.,-5.921189464668E-16,0.));
#2910 = ORIENTED_EDGE('',*,*,#2911,.T.);
#2911 = EDGE_CURVE('',#2903,#2912,#2914,.T.);
#2912 = VERTEX_POINT('',#2913);
#2913 = CARTESIAN_POINT('',(30.,259.,182.));
#2914 = LINE('',#2915,#2916);
#2915 = CARTESIAN_POINT('',(30.,135.5,182.));
#2916 = VECTOR('',#2917,1.);
#2917 = DIRECTION('',(0.,1.,0.));
#2918 = ORIENTED_EDGE('',*,*,#2919,.T.);
#2919 = EDGE_CURVE('',#2912,#2920,#2922,.T.);
#2920 = VERTEX_POINT('',#2921);
#2921 = CARTESIAN_POINT('',(36.,265.,182.));
#2922 = CIRCLE('',#2923,6.);
#2923 = AXIS2_PLACEMENT_3D('',#2924,#2925,#2926);
#2924 = CARTESIAN_POINT('',(36.,259.,182.));
#2925 = DIRECTION('',(0.,0.,-1.));
#2926 = DIRECTION('',(0.,1.,0.));
#2927 = ORIENTED_EDGE('',*,*,#2928,.T.);
#2928 = EDGE_CURVE('',#2920,#2929,#2931,.T.);
#2929 = VERTEX_POINT('',#2930);
#2930 = CARTESIAN_POINT('',(144.,265.,182.));
#2931 = LINE('',#2932,#2933);
#2932 = CARTESIAN_POINT('',(78.,265.,182.));
#2933 = VECTOR('',#2934,1.);
#2934 = DIRECTION('',(1.,0.,0.));
#2935 = ORIENTED_EDGE('',*,*,#2936,.T.);
#2936 = EDGE_CURVE('',#2929,#2937,#2939,.T.);
#2937 = VERTEX_POINT('',#2938);
#2938 = CARTESIAN_POINT('',(150.,259.,182.));
#2939 = CIRCLE('',#2940,6.);
#2940 = AXIS2_PLACEMENT_3D('',#2941,#2942,#2943);
#2941 = CARTESIAN_POINT('',(144.,259.,182.));
#2942 = DIRECTION('',(0.,0.,-1.));
#2943 = DIRECTION('',(1.,5.921189464668E-16,0.));
#2944 = ORIENTED_EDGE('',*,*,#2945,.T.);
#2945 = EDGE_CURVE('',#2937,#2884,#2946,.T.);
#2946 = LINE('',#2947,#2948);
#2947 = CARTESIAN_POINT('',(150.,112.5,182.));
#2948 = VECTOR('',#2949,1.);
#2949 = DIRECTION('',(0.,-1.,0.));
#2950 = PLANE('',#2951);
#2951 = AXIS2_PLACEMENT_3D('',#2952,#2953,#2954);
#2952 = CARTESIAN_POINT('',(12.,12.,182.));
#2953 = DIRECTION('',(0.,0.,1.));
#2954 = DIRECTION('',(1.,0.,0.));
#2955 = ADVANCED_FACE('',(#2956),#2962,.T.);
#2956 = FACE_BOUND('',#2957,.T.);
#2957 = EDGE_LOOP('',(#2958,#2959,#2960,#2961));
#2958 = ORIENTED_EDGE('',*,*,#2468,.F.);
#2959 = ORIENTED_EDGE('',*,*,#2804,.T.);
#2960 = ORIENTED_EDGE('',*,*,#2788,.T.);
#2961 = ORIENTED_EDGE('',*,*,#2484,.F.);
#2962 = PLANE('',#2963);
#2963 = AXIS2_PLACEMENT_3D('',#2964,#2965,#2966);
#2964 = CARTESIAN_POINT('',(168.,12.,182.));
#2965 = DIRECTION('',(1.,0.,0.));
#2966 = DIRECTION('',(0.,0.,1.));
#2967 = ADVANCED_FACE('',(#2968),#2987,.F.);
#2968 = FACE_BOUND('',#2969,.F.);
#2969 = EDGE_LOOP('',(#2970,#2978,#2985,#2986));
#2970 = ORIENTED_EDGE('',*,*,#2971,.T.);
#2971 = EDGE_CURVE('',#2501,#2972,#2974,.T.);
#2972 = VERTEX_POINT('',#2973);
#2973 = CARTESIAN_POINT('',(18.1,22.,185.1));
#2974 = LINE('',#2975,#2976);
#2975 = CARTESIAN_POINT('',(18.1,22.,194.1));
#2976 = VECTOR('',#2977,1.);
#2977 = DIRECTION('',(0.,0.,-1.));
#2978 = ORIENTED_EDGE('',*,*,#2979,.F.);
#2979 = EDGE_CURVE('',#2972,#2972,#2980,.T.);
#2980 = CIRCLE('',#2981,2.9);
#2981 = AXIS2_PLACEMENT_3D('',#2982,#2983,#2984);
#2982 = CARTESIAN_POINT('',(21.,22.,185.1));
#2983 = DIRECTION('',(0.,0.,-1.));
#2984 = DIRECTION('',(-1.,0.,0.));
#2985 = ORIENTED_EDGE('',*,*,#2971,.F.);
#2986 = ORIENTED_EDGE('',*,*,#2500,.T.);
#2987 = CYLINDRICAL_SURFACE('',#2988,2.9);
#2988 = AXIS2_PLACEMENT_3D('',#2989,#2990,#2991);
#2989 = CARTESIAN_POINT('',(21.,22.,194.1));
#2990 = DIRECTION('',(0.,0.,-1.));
#2991 = DIRECTION('',(-1.,0.,0.));
#2992 = ADVANCED_FACE('',(#2993),#3012,.F.);
#2993 = FACE_BOUND('',#2994,.F.);
#2994 = EDGE_LOOP('',(#2995,#3003,#3010,#3011));
#2995 = ORIENTED_EDGE('',*,*,#2996,.T.);
#2996 = EDGE_CURVE('',#2512,#2997,#2999,.T.);
#2997 = VERTEX_POINT('',#2998);
#2998 = CARTESIAN_POINT('',(18.1,90.5,185.1));
#2999 = LINE('',#3000,#3001);
#3000 = CARTESIAN_POINT('',(18.1,90.5,194.1));
#3001 = VECTOR('',#3002,1.);
#3002 = DIRECTION('',(0.,0.,-1.));
#3003 = ORIENTED_EDGE('',*,*,#3004,.F.);
#3004 = EDGE_CURVE('',#2997,#2997,#3005,.T.);
#3005 = CIRCLE('',#3006,2.9);
#3006 = AXIS2_PLACEMENT_3D('',#3007,#3008,#3009);
#3007 = CARTESIAN_POINT('',(21.,90.5,185.1));
#3008 = DIRECTION('',(0.,0.,-1.));
#3009 = DIRECTION('',(-1.,0.,0.));
#3010 = ORIENTED_EDGE('',*,*,#2996,.F.);
#3011 = ORIENTED_EDGE('',*,*,#2511,.T.);
#3012 = CYLINDRICAL_SURFACE('',#3013,2.9);
#3013 = AXIS2_PLACEMENT_3D('',#3014,#3015,#3016);
#3014 = CARTESIAN_POINT('',(21.,90.5,194.1));
#3015 = DIRECTION('',(0.,0.,-1.));
#3016 = DIRECTION('',(-1.,0.,0.));
#3017 = ADVANCED_FACE('',(#3018),#3037,.F.);
#3018 = FACE_BOUND('',#3019,.F.);
#3019 = EDGE_LOOP('',(#3020,#3028,#3035,#3036));
#3020 = ORIENTED_EDGE('',*,*,#3021,.T.);
#3021 = EDGE_CURVE('',#2523,#3022,#3024,.T.);
#3022 = VERTEX_POINT('',#3023);
#3023 = CARTESIAN_POINT('',(156.1,22.,185.1));
#3024 = LINE('',#3025,#3026);
#3025 = CARTESIAN_POINT('',(156.1,22.,194.1));
#3026 = VECTOR('',#3027,1.);
#3027 = DIRECTION('',(0.,0.,-1.));
#3028 = ORIENTED_EDGE('',*,*,#3029,.F.);
#3029 = EDGE_CURVE('',#3022,#3022,#3030,.T.);
#3030 = CIRCLE('',#3031,2.9);
#3031 = AXIS2_PLACEMENT_3D('',#3032,#3033,#3034);
#3032 = CARTESIAN_POINT('',(159.,22.,185.1));
#3033 = DIRECTION('',(0.,0.,-1.));
#3034 = DIRECTION('',(-1.,0.,0.));
#3035 = ORIENTED_EDGE('',*,*,#3021,.F.);
#3036 = ORIENTED_EDGE('',*,*,#2522,.T.);
#3037 = CYLINDRICAL_SURFACE('',#3038,2.9);
#3038 = AXIS2_PLACEMENT_3D('',#3039,#3040,#3041);
#3039 = CARTESIAN_POINT('',(159.,22.,194.1));
#3040 = DIRECTION('',(0.,0.,-1.));
#3041 = DIRECTION('',(-1.,0.,0.));
#3042 = ADVANCED_FACE('',(#3043),#3059,.F.);
#3043 = FACE_BOUND('',#3044,.T.);
#3044 = EDGE_LOOP('',(#3045,#3046,#3052,#3053));
#3045 = ORIENTED_EDGE('',*,*,#2813,.T.);
#3046 = ORIENTED_EDGE('',*,*,#3047,.T.);
#3047 = EDGE_CURVE('',#2816,#2536,#3048,.T.);
#3048 = LINE('',#3049,#3050);
#3049 = CARTESIAN_POINT('',(144.,32.,181.));
#3050 = VECTOR('',#3051,1.);
#3051 = DIRECTION('',(0.,0.,1.));
#3052 = ORIENTED_EDGE('',*,*,#2533,.F.);
#3053 = ORIENTED_EDGE('',*,*,#3054,.F.);
#3054 = EDGE_CURVE('',#2814,#2534,#3055,.T.);
#3055 = LINE('',#3056,#3057);
#3056 = CARTESIAN_POINT('',(150.,38.,181.));
#3057 = VECTOR('',#3058,1.);
#3058 = DIRECTION('',(0.,0.,1.));
#3059 = CYLINDRICAL_SURFACE('',#3060,6.);
#3060 = AXIS2_PLACEMENT_3D('',#3061,#3062,#3063);
#3061 = CARTESIAN_POINT('',(144.,38.,181.));
#3062 = DIRECTION('',(-0.,-0.,-1.));
#3063 = DIRECTION('',(0.,-1.,0.));
#3064 = ADVANCED_FACE('',(#3065),#3076,.T.);
#3065 = FACE_BOUND('',#3066,.T.);
#3066 = EDGE_LOOP('',(#3067,#3068,#3069,#3070));
#3067 = ORIENTED_EDGE('',*,*,#2875,.T.);
#3068 = ORIENTED_EDGE('',*,*,#3054,.T.);
#3069 = ORIENTED_EDGE('',*,*,#2595,.F.);
#3070 = ORIENTED_EDGE('',*,*,#3071,.F.);
#3071 = EDGE_CURVE('',#2867,#2587,#3072,.T.);
#3072 = LINE('',#3073,#3074);
#3073 = CARTESIAN_POINT('',(150.,137.,181.));
#3074 = VECTOR('',#3075,1.);
#3075 = DIRECTION('',(0.,0.,1.));
#3076 = PLANE('',#3077);
#3077 = AXIS2_PLACEMENT_3D('',#3078,#3079,#3080);
#3078 = CARTESIAN_POINT('',(150.,38.,181.));
#3079 = DIRECTION('',(-1.,0.,0.));
#3080 = DIRECTION('',(0.,1.,0.));
#3081 = ADVANCED_FACE('',(#3082),#3093,.T.);
#3082 = FACE_BOUND('',#3083,.T.);
#3083 = EDGE_LOOP('',(#3084,#3085,#3091,#3092));
#3084 = ORIENTED_EDGE('',*,*,#2824,.T.);
#3085 = ORIENTED_EDGE('',*,*,#3086,.T.);
#3086 = EDGE_CURVE('',#2825,#2545,#3087,.T.);
#3087 = LINE('',#3088,#3089);
#3088 = CARTESIAN_POINT('',(36.,32.,181.));
#3089 = VECTOR('',#3090,1.);
#3090 = DIRECTION('',(0.,0.,1.));
#3091 = ORIENTED_EDGE('',*,*,#2544,.F.);
#3092 = ORIENTED_EDGE('',*,*,#3047,.F.);
#3093 = PLANE('',#3094);
#3094 = AXIS2_PLACEMENT_3D('',#3095,#3096,#3097);
#3095 = CARTESIAN_POINT('',(36.,32.,181.));
#3096 = DIRECTION('',(0.,1.,0.));
#3097 = DIRECTION('',(1.,0.,0.));
#3098 = ADVANCED_FACE('',(#3099),#3110,.F.);
#3099 = FACE_BOUND('',#3100,.T.);
#3100 = EDGE_LOOP('',(#3101,#3102,#3103,#3104));
#3101 = ORIENTED_EDGE('',*,*,#2866,.T.);
#3102 = ORIENTED_EDGE('',*,*,#3071,.T.);
#3103 = ORIENTED_EDGE('',*,*,#2586,.F.);
#3104 = ORIENTED_EDGE('',*,*,#3105,.F.);
#3105 = EDGE_CURVE('',#2859,#2579,#3106,.T.);
#3106 = LINE('',#3107,#3108);
#3107 = CARTESIAN_POINT('',(144.,143.,181.));
#3108 = VECTOR('',#3109,1.);
#3109 = DIRECTION('',(0.,0.,1.));
#3110 = CYLINDRICAL_SURFACE('',#3111,6.);
#3111 = AXIS2_PLACEMENT_3D('',#3112,#3113,#3114);
#3112 = CARTESIAN_POINT('',(144.,137.,181.));
#3113 = DIRECTION('',(-0.,-0.,-1.));
#3114 = DIRECTION('',(1.,0.,0.));
#3115 = ADVANCED_FACE('',(#3116),#3127,.F.);
#3116 = FACE_BOUND('',#3117,.T.);
#3117 = EDGE_LOOP('',(#3118,#3119,#3125,#3126));
#3118 = ORIENTED_EDGE('',*,*,#2832,.T.);
#3119 = ORIENTED_EDGE('',*,*,#3120,.T.);
#3120 = EDGE_CURVE('',#2833,#2553,#3121,.T.);
#3121 = LINE('',#3122,#3123);
#3122 = CARTESIAN_POINT('',(30.,38.,181.));
#3123 = VECTOR('',#3124,1.);
#3124 = DIRECTION('',(0.,0.,1.));
#3125 = ORIENTED_EDGE('',*,*,#2552,.F.);
#3126 = ORIENTED_EDGE('',*,*,#3086,.F.);
#3127 = CYLINDRICAL_SURFACE('',#3128,6.);
#3128 = AXIS2_PLACEMENT_3D('',#3129,#3130,#3131);
#3129 = CARTESIAN_POINT('',(36.,38.,181.));
#3130 = DIRECTION('',(-0.,-0.,-1.));
#3131 = DIRECTION('',(-1.,0.,0.));
#3132 = ADVANCED_FACE('',(#3133),#3144,.T.);
#3133 = FACE_BOUND('',#3134,.T.);
#3134 = EDGE_LOOP('',(#3135,#3136,#3137,#3138));
#3135 = ORIENTED_EDGE('',*,*,#2858,.T.);
#3136 = ORIENTED_EDGE('',*,*,#3105,.T.);
#3137 = ORIENTED_EDGE('',*,*,#2578,.F.);
#3138 = ORIENTED_EDGE('',*,*,#3139,.F.);
#3139 = EDGE_CURVE('',#2850,#2570,#3140,.T.);
#3140 = LINE('',#3141,#3142);
#3141 = CARTESIAN_POINT('',(36.,143.,181.));
#3142 = VECTOR('',#3143,1.);
#3143 = DIRECTION('',(0.,0.,1.));
#3144 = PLANE('',#3145);
#3145 = AXIS2_PLACEMENT_3D('',#3146,#3147,#3148);
#3146 = CARTESIAN_POINT('',(144.,143.,181.));
#3147 = DIRECTION('',(0.,-1.,0.));
#3148 = DIRECTION('',(-1.,0.,0.));
#3149 = ADVANCED_FACE('',(#3150),#3161,.T.);
#3150 = FACE_BOUND('',#3151,.T.);
#3151 = EDGE_LOOP('',(#3152,#3153,#3159,#3160));
#3152 = ORIENTED_EDGE('',*,*,#2841,.T.);
#3153 = ORIENTED_EDGE('',*,*,#3154,.T.);
#3154 = EDGE_CURVE('',#2842,#2562,#3155,.T.);
#3155 = LINE('',#3156,#3157);
#3156 = CARTESIAN_POINT('',(30.,137.,181.));
#3157 = VECTOR('',#3158,1.);
#3158 = DIRECTION('',(0.,0.,1.));
#3159 = ORIENTED_EDGE('',*,*,#2561,.F.);
#3160 = ORIENTED_EDGE('',*,*,#3120,.F.);
#3161 = PLANE('',#3162);
#3162 = AXIS2_PLACEMENT_3D('',#3163,#3164,#3165);
#3163 = CARTESIAN_POINT('',(30.,137.,181.));
#3164 = DIRECTION('',(1.,0.,0.));
#3165 = DIRECTION('',(0.,-1.,0.));
#3166 = ADVANCED_FACE('',(#3167),#3173,.F.);
#3167 = FACE_BOUND('',#3168,.T.);
#3168 = EDGE_LOOP('',(#3169,#3170,#3171,#3172));
#3169 = ORIENTED_EDGE('',*,*,#2849,.T.);
#3170 = ORIENTED_EDGE('',*,*,#3139,.T.);
#3171 = ORIENTED_EDGE('',*,*,#2569,.F.);
#3172 = ORIENTED_EDGE('',*,*,#3154,.F.);
#3173 = CYLINDRICAL_SURFACE('',#3174,6.);
#3174 = AXIS2_PLACEMENT_3D('',#3175,#3176,#3177);
#3175 = CARTESIAN_POINT('',(36.,137.,181.));
#3176 = DIRECTION('',(0.,0.,-1.));
#3177 = DIRECTION('',(0.,1.,0.));
#3178 = ADVANCED_FACE('',(#3179),#3198,.F.);
#3179 = FACE_BOUND('',#3180,.F.);
#3180 = EDGE_LOOP('',(#3181,#3189,#3196,#3197));
#3181 = ORIENTED_EDGE('',*,*,#3182,.T.);
#3182 = EDGE_CURVE('',#2604,#3183,#3185,.T.);
#3183 = VERTEX_POINT('',#3184);
#3184 = CARTESIAN_POINT('',(156.1,90.5,185.1));
#3185 = LINE('',#3186,#3187);
#3186 = CARTESIAN_POINT('',(156.1,90.5,194.1));
#3187 = VECTOR('',#3188,1.);
#3188 = DIRECTION('',(0.,0.,-1.));
#3189 = ORIENTED_EDGE('',*,*,#3190,.F.);
#3190 = EDGE_CURVE('',#3183,#3183,#3191,.T.);
#3191 = CIRCLE('',#3192,2.9);
#3192 = AXIS2_PLACEMENT_3D('',#3193,#3194,#3195);
#3193 = CARTESIAN_POINT('',(159.,90.5,185.1));
#3194 = DIRECTION('',(0.,0.,-1.));
#3195 = DIRECTION('',(-1.,0.,0.));
#3196 = ORIENTED_EDGE('',*,*,#3182,.F.);
#3197 = ORIENTED_EDGE('',*,*,#2603,.T.);
#3198 = CYLINDRICAL_SURFACE('',#3199,2.9);
#3199 = AXIS2_PLACEMENT_3D('',#3200,#3201,#3202);
#3200 = CARTESIAN_POINT('',(159.,90.5,194.1));
#3201 = DIRECTION('',(0.,0.,-1.));
#3202 = DIRECTION('',(-1.,0.,0.));
#3203 = ADVANCED_FACE('',(#3204),#3223,.F.);
#3204 = FACE_BOUND('',#3205,.F.);
#3205 = EDGE_LOOP('',(#3206,#3214,#3221,#3222));
#3206 = ORIENTED_EDGE('',*,*,#3207,.T.);
#3207 = EDGE_CURVE('',#2615,#3208,#3210,.T.);
#3208 = VERTEX_POINT('',#3209);
#3209 = CARTESIAN_POINT('',(18.1,159.,185.1));
#3210 = LINE('',#3211,#3212);
#3211 = CARTESIAN_POINT('',(18.1,159.,194.1));
#3212 = VECTOR('',#3213,1.);
#3213 = DIRECTION('',(0.,0.,-1.));
#3214 = ORIENTED_EDGE('',*,*,#3215,.F.);
#3215 = EDGE_CURVE('',#3208,#3208,#3216,.T.);
#3216 = CIRCLE('',#3217,2.9);
#3217 = AXIS2_PLACEMENT_3D('',#3218,#3219,#3220);
#3218 = CARTESIAN_POINT('',(21.,159.,185.1));
#3219 = DIRECTION('',(0.,0.,-1.));
#3220 = DIRECTION('',(-1.,0.,0.));
#3221 = ORIENTED_EDGE('',*,*,#3207,.F.);
#3222 = ORIENTED_EDGE('',*,*,#2614,.T.);
#3223 = CYLINDRICAL_SURFACE('',#3224,2.9);
#3224 = AXIS2_PLACEMENT_3D('',#3225,#3226,#3227);
#3225 = CARTESIAN_POINT('',(21.,159.,194.1));
#3226 = DIRECTION('',(0.,0.,-1.));
#3227 = DIRECTION('',(-1.,0.,0.));
#3228 = ADVANCED_FACE('',(#3229),#3248,.F.);
#3229 = FACE_BOUND('',#3230,.F.);
#3230 = EDGE_LOOP('',(#3231,#3239,#3246,#3247));
#3231 = ORIENTED_EDGE('',*,*,#3232,.T.);
#3232 = EDGE_CURVE('',#2626,#3233,#3235,.T.);
#3233 = VERTEX_POINT('',#3234);
#3234 = CARTESIAN_POINT('',(18.1,191.,185.1));
#3235 = LINE('',#3236,#3237);
#3236 = CARTESIAN_POINT('',(18.1,191.,194.1));
#3237 = VECTOR('',#3238,1.);
#3238 = DIRECTION('',(0.,0.,-1.));
#3239 = ORIENTED_EDGE('',*,*,#3240,.F.);
#3240 = EDGE_CURVE('',#3233,#3233,#3241,.T.);
#3241 = CIRCLE('',#3242,2.9);
#3242 = AXIS2_PLACEMENT_3D('',#3243,#3244,#3245);
#3243 = CARTESIAN_POINT('',(21.,191.,185.1));
#3244 = DIRECTION('',(0.,0.,-1.));
#3245 = DIRECTION('',(-1.,0.,0.));
#3246 = ORIENTED_EDGE('',*,*,#3232,.F.);
#3247 = ORIENTED_EDGE('',*,*,#2625,.T.);
#3248 = CYLINDRICAL_SURFACE('',#3249,2.9);
#3249 = AXIS2_PLACEMENT_3D('',#3250,#3251,#3252);
#3250 = CARTESIAN_POINT('',(21.,191.,194.1));
#3251 = DIRECTION('',(0.,0.,-1.));
#3252 = DIRECTION('',(-1.,0.,0.));
#3253 = ADVANCED_FACE('',(#3254),#3273,.F.);
#3254 = FACE_BOUND('',#3255,.F.);
#3255 = EDGE_LOOP('',(#3256,#3264,#3271,#3272));
#3256 = ORIENTED_EDGE('',*,*,#3257,.T.);
#3257 = EDGE_CURVE('',#2637,#3258,#3260,.T.);
#3258 = VERTEX_POINT('',#3259);
#3259 = CARTESIAN_POINT('',(18.1,233.,185.1));
#3260 = LINE('',#3261,#3262);
#3261 = CARTESIAN_POINT('',(18.1,233.,194.1));
#3262 = VECTOR('',#3263,1.);
#3263 = DIRECTION('',(0.,0.,-1.));
#3264 = ORIENTED_EDGE('',*,*,#3265,.F.);
#3265 = EDGE_CURVE('',#3258,#3258,#3266,.T.);
#3266 = CIRCLE('',#3267,2.9);
#3267 = AXIS2_PLACEMENT_3D('',#3268,#3269,#3270);
#3268 = CARTESIAN_POINT('',(21.,233.,185.1));
#3269 = DIRECTION('',(0.,0.,-1.));
#3270 = DIRECTION('',(-1.,0.,0.));
#3271 = ORIENTED_EDGE('',*,*,#3257,.F.);
#3272 = ORIENTED_EDGE('',*,*,#2636,.T.);
#3273 = CYLINDRICAL_SURFACE('',#3274,2.9);
#3274 = AXIS2_PLACEMENT_3D('',#3275,#3276,#3277);
#3275 = CARTESIAN_POINT('',(21.,233.,194.1));
#3276 = DIRECTION('',(0.,0.,-1.));
#3277 = DIRECTION('',(-1.,0.,0.));
#3278 = ADVANCED_FACE('',(#3279),#3298,.F.);
#3279 = FACE_BOUND('',#3280,.F.);
#3280 = EDGE_LOOP('',(#3281,#3289,#3296,#3297));
#3281 = ORIENTED_EDGE('',*,*,#3282,.T.);
#3282 = EDGE_CURVE('',#2648,#3283,#3285,.T.);
#3283 = VERTEX_POINT('',#3284);
#3284 = CARTESIAN_POINT('',(18.1,275.,185.1));
#3285 = LINE('',#3286,#3287);
#3286 = CARTESIAN_POINT('',(18.1,275.,194.1));
#3287 = VECTOR('',#3288,1.);
#3288 = DIRECTION('',(0.,0.,-1.));
#3289 = ORIENTED_EDGE('',*,*,#3290,.F.);
#3290 = EDGE_CURVE('',#3283,#3283,#3291,.T.);
#3291 = CIRCLE('',#3292,2.9);
#3292 = AXIS2_PLACEMENT_3D('',#3293,#3294,#3295);
#3293 = CARTESIAN_POINT('',(21.,275.,185.1));
#3294 = DIRECTION('',(0.,0.,-1.));
#3295 = DIRECTION('',(-1.,0.,0.));
#3296 = ORIENTED_EDGE('',*,*,#3282,.F.);
#3297 = ORIENTED_EDGE('',*,*,#2647,.T.);
#3298 = CYLINDRICAL_SURFACE('',#3299,2.9);
#3299 = AXIS2_PLACEMENT_3D('',#3300,#3301,#3302);
#3300 = CARTESIAN_POINT('',(21.,275.,194.1));
#3301 = DIRECTION('',(0.,0.,-1.));
#3302 = DIRECTION('',(-1.,0.,0.));
#3303 = ADVANCED_FACE('',(#3304),#3323,.F.);
#3304 = FACE_BOUND('',#3305,.F.);
#3305 = EDGE_LOOP('',(#3306,#3314,#3321,#3322));
#3306 = ORIENTED_EDGE('',*,*,#3307,.T.);
#3307 = EDGE_CURVE('',#2659,#3308,#3310,.T.);
#3308 = VERTEX_POINT('',#3309);
#3309 = CARTESIAN_POINT('',(156.1,159.,185.1));
#3310 = LINE('',#3311,#3312);
#3311 = CARTESIAN_POINT('',(156.1,159.,194.1));
#3312 = VECTOR('',#3313,1.);
#3313 = DIRECTION('',(0.,0.,-1.));
#3314 = ORIENTED_EDGE('',*,*,#3315,.F.);
#3315 = EDGE_CURVE('',#3308,#3308,#3316,.T.);
#3316 = CIRCLE('',#3317,2.9);
#3317 = AXIS2_PLACEMENT_3D('',#3318,#3319,#3320);
#3318 = CARTESIAN_POINT('',(159.,159.,185.1));
#3319 = DIRECTION('',(0.,0.,-1.));
#3320 = DIRECTION('',(-1.,0.,0.));
#3321 = ORIENTED_EDGE('',*,*,#3307,.F.);
#3322 = ORIENTED_EDGE('',*,*,#2658,.T.);
#3323 = CYLINDRICAL_SURFACE('',#3324,2.9);
#3324 = AXIS2_PLACEMENT_3D('',#3325,#3326,#3327);
#3325 = CARTESIAN_POINT('',(159.,159.,194.1));
#3326 = DIRECTION('',(0.,0.,-1.));
#3327 = DIRECTION('',(-1.,0.,0.));
#3328 = ADVANCED_FACE('',(#3329),#3348,.F.);
#3329 = FACE_BOUND('',#3330,.F.);
#3330 = EDGE_LOOP('',(#3331,#3339,#3346,#3347));
#3331 = ORIENTED_EDGE('',*,*,#3332,.T.);
#3332 = EDGE_CURVE('',#2670,#3333,#3335,.T.);
#3333 = VERTEX_POINT('',#3334);
#3334 = CARTESIAN_POINT('',(156.1,191.,185.1));
#3335 = LINE('',#3336,#3337);
#3336 = CARTESIAN_POINT('',(156.1,191.,194.1));
#3337 = VECTOR('',#3338,1.);
#3338 = DIRECTION('',(0.,0.,-1.));
#3339 = ORIENTED_EDGE('',*,*,#3340,.F.);
#3340 = EDGE_CURVE('',#3333,#3333,#3341,.T.);
#3341 = CIRCLE('',#3342,2.9);
#3342 = AXIS2_PLACEMENT_3D('',#3343,#3344,#3345);
#3343 = CARTESIAN_POINT('',(159.,191.,185.1));
#3344 = DIRECTION('',(0.,0.,-1.));
#3345 = DIRECTION('',(-1.,0.,0.));
#3346 = ORIENTED_EDGE('',*,*,#3332,.F.);
#3347 = ORIENTED_EDGE('',*,*,#2669,.T.);
#3348 = CYLINDRICAL_SURFACE('',#3349,2.9);
#3349 = AXIS2_PLACEMENT_3D('',#3350,#3351,#3352);
#3350 = CARTESIAN_POINT('',(159.,191.,194.1));
#3351 = DIRECTION('',(0.,0.,-1.));
#3352 = DIRECTION('',(-1.,0.,0.));
#3353 = ADVANCED_FACE('',(#3354),#3370,.F.);
#3354 = FACE_BOUND('',#3355,.T.);
#3355 = EDGE_LOOP('',(#3356,#3357,#3363,#3364));
#3356 = ORIENTED_EDGE('',*,*,#2883,.T.);
#3357 = ORIENTED_EDGE('',*,*,#3358,.T.);
#3358 = EDGE_CURVE('',#2886,#2683,#3359,.T.);
#3359 = LINE('',#3360,#3361);
#3360 = CARTESIAN_POINT('',(144.,207.,181.));
#3361 = VECTOR('',#3362,1.);
#3362 = DIRECTION('',(0.,0.,1.));
#3363 = ORIENTED_EDGE('',*,*,#2680,.F.);
#3364 = ORIENTED_EDGE('',*,*,#3365,.F.);
#3365 = EDGE_CURVE('',#2884,#2681,#3366,.T.);
#3366 = LINE('',#3367,#3368);
#3367 = CARTESIAN_POINT('',(150.,213.,181.));
#3368 = VECTOR('',#3369,1.);
#3369 = DIRECTION('',(0.,0.,1.));
#3370 = CYLINDRICAL_SURFACE('',#3371,6.);
#3371 = AXIS2_PLACEMENT_3D('',#3372,#3373,#3374);
#3372 = CARTESIAN_POINT('',(144.,213.,181.));
#3373 = DIRECTION('',(-0.,-0.,-1.));
#3374 = DIRECTION('',(0.,-1.,0.));
#3375 = ADVANCED_FACE('',(#3376),#3387,.T.);
#3376 = FACE_BOUND('',#3377,.T.);
#3377 = EDGE_LOOP('',(#3378,#3379,#3380,#3381));
#3378 = ORIENTED_EDGE('',*,*,#2945,.T.);
#3379 = ORIENTED_EDGE('',*,*,#3365,.T.);
#3380 = ORIENTED_EDGE('',*,*,#2742,.F.);
#3381 = ORIENTED_EDGE('',*,*,#3382,.F.);
#3382 = EDGE_CURVE('',#2937,#2734,#3383,.T.);
#3383 = LINE('',#3384,#3385);
#3384 = CARTESIAN_POINT('',(150.,259.,181.));
#3385 = VECTOR('',#3386,1.);
#3386 = DIRECTION('',(0.,0.,1.));
#3387 = PLANE('',#3388);
#3388 = AXIS2_PLACEMENT_3D('',#3389,#3390,#3391);
#3389 = CARTESIAN_POINT('',(150.,213.,181.));
#3390 = DIRECTION('',(-1.,0.,0.));
#3391 = DIRECTION('',(0.,1.,0.));
#3392 = ADVANCED_FACE('',(#3393),#3404,.T.);
#3393 = FACE_BOUND('',#3394,.T.);
#3394 = EDGE_LOOP('',(#3395,#3396,#3402,#3403));
#3395 = ORIENTED_EDGE('',*,*,#2894,.T.);
#3396 = ORIENTED_EDGE('',*,*,#3397,.T.);
#3397 = EDGE_CURVE('',#2895,#2692,#3398,.T.);
#3398 = LINE('',#3399,#3400);
#3399 = CARTESIAN_POINT('',(36.,207.,181.));
#3400 = VECTOR('',#3401,1.);
#3401 = DIRECTION('',(0.,0.,1.));
#3402 = ORIENTED_EDGE('',*,*,#2691,.F.);
#3403 = ORIENTED_EDGE('',*,*,#3358,.F.);
#3404 = PLANE('',#3405);
#3405 = AXIS2_PLACEMENT_3D('',#3406,#3407,#3408);
#3406 = CARTESIAN_POINT('',(36.,207.,181.));
#3407 = DIRECTION('',(0.,1.,0.));
#3408 = DIRECTION('',(1.,0.,0.));
#3409 = ADVANCED_FACE('',(#3410),#3421,.F.);
#3410 = FACE_BOUND('',#3411,.T.);
#3411 = EDGE_LOOP('',(#3412,#3413,#3414,#3415));
#3412 = ORIENTED_EDGE('',*,*,#2936,.T.);
#3413 = ORIENTED_EDGE('',*,*,#3382,.T.);
#3414 = ORIENTED_EDGE('',*,*,#2733,.F.);
#3415 = ORIENTED_EDGE('',*,*,#3416,.F.);
#3416 = EDGE_CURVE('',#2929,#2726,#3417,.T.);
#3417 = LINE('',#3418,#3419);
#3418 = CARTESIAN_POINT('',(144.,265.,181.));
#3419 = VECTOR('',#3420,1.);
#3420 = DIRECTION('',(0.,0.,1.));
#3421 = CYLINDRICAL_SURFACE('',#3422,6.);
#3422 = AXIS2_PLACEMENT_3D('',#3423,#3424,#3425);
#3423 = CARTESIAN_POINT('',(144.,259.,181.));
#3424 = DIRECTION('',(-0.,-0.,-1.));
#3425 = DIRECTION('',(1.,5.921189464668E-16,0.));
#3426 = ADVANCED_FACE('',(#3427),#3438,.F.);
#3427 = FACE_BOUND('',#3428,.T.);
#3428 = EDGE_LOOP('',(#3429,#3430,#3436,#3437));
#3429 = ORIENTED_EDGE('',*,*,#2902,.T.);
#3430 = ORIENTED_EDGE('',*,*,#3431,.T.);
#3431 = EDGE_CURVE('',#2903,#2700,#3432,.T.);
#3432 = LINE('',#3433,#3434);
#3433 = CARTESIAN_POINT('',(30.,213.,181.));
#3434 = VECTOR('',#3435,1.);
#3435 = DIRECTION('',(0.,0.,1.));
#3436 = ORIENTED_EDGE('',*,*,#2699,.F.);
#3437 = ORIENTED_EDGE('',*,*,#3397,.F.);
#3438 = CYLINDRICAL_SURFACE('',#3439,6.);
#3439 = AXIS2_PLACEMENT_3D('',#3440,#3441,#3442);
#3440 = CARTESIAN_POINT('',(36.,213.,181.));
#3441 = DIRECTION('',(-0.,-0.,-1.));
#3442 = DIRECTION('',(-1.,-5.921189464668E-16,0.));
#3443 = ADVANCED_FACE('',(#3444),#3455,.T.);
#3444 = FACE_BOUND('',#3445,.T.);
#3445 = EDGE_LOOP('',(#3446,#3447,#3448,#3449));
#3446 = ORIENTED_EDGE('',*,*,#2928,.T.);
#3447 = ORIENTED_EDGE('',*,*,#3416,.T.);
#3448 = ORIENTED_EDGE('',*,*,#2725,.F.);
#3449 = ORIENTED_EDGE('',*,*,#3450,.F.);
#3450 = EDGE_CURVE('',#2920,#2717,#3451,.T.);
#3451 = LINE('',#3452,#3453);
#3452 = CARTESIAN_POINT('',(36.,265.,181.));
#3453 = VECTOR('',#3454,1.);
#3454 = DIRECTION('',(0.,0.,1.));
#3455 = PLANE('',#3456);
#3456 = AXIS2_PLACEMENT_3D('',#3457,#3458,#3459);
#3457 = CARTESIAN_POINT('',(144.,265.,181.));
#3458 = DIRECTION('',(0.,-1.,0.));
#3459 = DIRECTION('',(-1.,0.,0.));
#3460 = ADVANCED_FACE('',(#3461),#3472,.T.);
#3461 = FACE_BOUND('',#3462,.T.);
#3462 = EDGE_LOOP('',(#3463,#3464,#3470,#3471));
#3463 = ORIENTED_EDGE('',*,*,#2911,.T.);
#3464 = ORIENTED_EDGE('',*,*,#3465,.T.);
#3465 = EDGE_CURVE('',#2912,#2709,#3466,.T.);
#3466 = LINE('',#3467,#3468);
#3467 = CARTESIAN_POINT('',(30.,259.,181.));
#3468 = VECTOR('',#3469,1.);
#3469 = DIRECTION('',(0.,0.,1.));
#3470 = ORIENTED_EDGE('',*,*,#2708,.F.);
#3471 = ORIENTED_EDGE('',*,*,#3431,.F.);
#3472 = PLANE('',#3473);
#3473 = AXIS2_PLACEMENT_3D('',#3474,#3475,#3476);
#3474 = CARTESIAN_POINT('',(30.,259.,181.));
#3475 = DIRECTION('',(1.,0.,0.));
#3476 = DIRECTION('',(0.,-1.,0.));
#3477 = ADVANCED_FACE('',(#3478),#3484,.F.);
#3478 = FACE_BOUND('',#3479,.T.);
#3479 = EDGE_LOOP('',(#3480,#3481,#3482,#3483));
#3480 = ORIENTED_EDGE('',*,*,#2919,.T.);
#3481 = ORIENTED_EDGE('',*,*,#3450,.T.);
#3482 = ORIENTED_EDGE('',*,*,#2716,.F.);
#3483 = ORIENTED_EDGE('',*,*,#3465,.F.);
#3484 = CYLINDRICAL_SURFACE('',#3485,6.);
#3485 = AXIS2_PLACEMENT_3D('',#3486,#3487,#3488);
#3486 = CARTESIAN_POINT('',(36.,259.,181.));
#3487 = DIRECTION('',(0.,0.,-1.));
#3488 = DIRECTION('',(0.,1.,0.));
#3489 = ADVANCED_FACE('',(#3490),#3509,.F.);
#3490 = FACE_BOUND('',#3491,.F.);
#3491 = EDGE_LOOP('',(#3492,#3500,#3507,#3508));
#3492 = ORIENTED_EDGE('',*,*,#3493,.T.);
#3493 = EDGE_CURVE('',#2751,#3494,#3496,.T.);
#3494 = VERTEX_POINT('',#3495);
#3495 = CARTESIAN_POINT('',(156.1,233.,185.1));
#3496 = LINE('',#3497,#3498);
#3497 = CARTESIAN_POINT('',(156.1,233.,194.1));
#3498 = VECTOR('',#3499,1.);
#3499 = DIRECTION('',(0.,0.,-1.));
#3500 = ORIENTED_EDGE('',*,*,#3501,.F.);
#3501 = EDGE_CURVE('',#3494,#3494,#3502,.T.);
#3502 = CIRCLE('',#3503,2.9);
#3503 = AXIS2_PLACEMENT_3D('',#3504,#3505,#3506);
#3504 = CARTESIAN_POINT('',(159.,233.,185.1));
#3505 = DIRECTION('',(0.,0.,-1.));
#3506 = DIRECTION('',(-1.,0.,0.));
#3507 = ORIENTED_EDGE('',*,*,#3493,.F.);
#3508 = ORIENTED_EDGE('',*,*,#2750,.T.);
#3509 = CYLINDRICAL_SURFACE('',#3510,2.9);
#3510 = AXIS2_PLACEMENT_3D('',#3511,#3512,#3513);
#3511 = CARTESIAN_POINT('',(159.,233.,194.1));
#3512 = DIRECTION('',(0.,0.,-1.));
#3513 = DIRECTION('',(-1.,0.,0.));
#3514 = ADVANCED_FACE('',(#3515),#3534,.F.);
#3515 = FACE_BOUND('',#3516,.F.);
#3516 = EDGE_LOOP('',(#3517,#3525,#3532,#3533));
#3517 = ORIENTED_EDGE('',*,*,#3518,.T.);
#3518 = EDGE_CURVE('',#2762,#3519,#3521,.T.);
#3519 = VERTEX_POINT('',#3520);
#3520 = CARTESIAN_POINT('',(156.1,275.,185.1));
#3521 = LINE('',#3522,#3523);
#3522 = CARTESIAN_POINT('',(156.1,275.,194.1));
#3523 = VECTOR('',#3524,1.);
#3524 = DIRECTION('',(0.,0.,-1.));
#3525 = ORIENTED_EDGE('',*,*,#3526,.F.);
#3526 = EDGE_CURVE('',#3519,#3519,#3527,.T.);
#3527 = CIRCLE('',#3528,2.9);
#3528 = AXIS2_PLACEMENT_3D('',#3529,#3530,#3531);
#3529 = CARTESIAN_POINT('',(159.,275.,185.1));
#3530 = DIRECTION('',(0.,0.,-1.));
#3531 = DIRECTION('',(-1.,0.,0.));
#3532 = ORIENTED_EDGE('',*,*,#3518,.F.);
#3533 = ORIENTED_EDGE('',*,*,#2761,.T.);
#3534 = CYLINDRICAL_SURFACE('',#3535,2.9);
#3535 = AXIS2_PLACEMENT_3D('',#3536,#3537,#3538);
#3536 = CARTESIAN_POINT('',(159.,275.,194.1));
#3537 = DIRECTION('',(0.,0.,-1.));
#3538 = DIRECTION('',(-1.,0.,0.));
#3539 = ADVANCED_FACE('',(#3540),#3543,.F.);
#3540 = FACE_BOUND('',#3541,.F.);
#3541 = EDGE_LOOP('',(#3542));
#3542 = ORIENTED_EDGE('',*,*,#2979,.T.);
#3543 = PLANE('',#3544);
#3544 = AXIS2_PLACEMENT_3D('',#3545,#3546,#3547);
#3545 = CARTESIAN_POINT('',(21.,22.,185.1));
#3546 = DIRECTION('',(0.,0.,-1.));
#3547 = DIRECTION('',(-1.,0.,0.));
#3548 = ADVANCED_FACE('',(#3549),#3552,.F.);
#3549 = FACE_BOUND('',#3550,.F.);
#3550 = EDGE_LOOP('',(#3551));
#3551 = ORIENTED_EDGE('',*,*,#3004,.T.);
#3552 = PLANE('',#3553);
#3553 = AXIS2_PLACEMENT_3D('',#3554,#3555,#3556);
#3554 = CARTESIAN_POINT('',(21.,90.5,185.1));
#3555 = DIRECTION('',(0.,0.,-1.));
#3556 = DIRECTION('',(-1.,0.,0.));
#3557 = ADVANCED_FACE('',(#3558),#3561,.F.);
#3558 = FACE_BOUND('',#3559,.F.);
#3559 = EDGE_LOOP('',(#3560));
#3560 = ORIENTED_EDGE('',*,*,#3029,.T.);
#3561 = PLANE('',#3562);
#3562 = AXIS2_PLACEMENT_3D('',#3563,#3564,#3565);
#3563 = CARTESIAN_POINT('',(159.,22.,185.1));
#3564 = DIRECTION('',(0.,0.,-1.));
#3565 = DIRECTION('',(-1.,0.,0.));
#3566 = ADVANCED_FACE('',(#3567),#3570,.F.);
#3567 = FACE_BOUND('',#3568,.F.);
#3568 = EDGE_LOOP('',(#3569));
#3569 = ORIENTED_EDGE('',*,*,#3190,.T.);
#3570 = PLANE('',#3571);
#3571 = AXIS2_PLACEMENT_3D('',#3572,#3573,#3574);
#3572 = CARTESIAN_POINT('',(159.,90.5,185.1));
#3573 = DIRECTION('',(0.,0.,-1.));
#3574 = DIRECTION('',(-1.,0.,0.));
#3575 = ADVANCED_FACE('',(#3576),#3579,.F.);
#3576 = FACE_BOUND('',#3577,.F.);
#3577 = EDGE_LOOP('',(#3578));
#3578 = ORIENTED_EDGE('',*,*,#3215,.T.);
#3579 = PLANE('',#3580);
#3580 = AXIS2_PLACEMENT_3D('',#3581,#3582,#3583);
#3581 = CARTESIAN_POINT('',(21.,159.,185.1));
#3582 = DIRECTION('',(0.,0.,-1.));
#3583 = DIRECTION('',(-1.,0.,0.));
#3584 = ADVANCED_FACE('',(#3585),#3588,.F.);
#3585 = FACE_BOUND('',#3586,.F.);
#3586 = EDGE_LOOP('',(#3587));
#3587 = ORIENTED_EDGE('',*,*,#3240,.T.);
#3588 = PLANE('',#3589);
#3589 = AXIS2_PLACEMENT_3D('',#3590,#3591,#3592);
#3590 = CARTESIAN_POINT('',(21.,191.,185.1));
#3591 = DIRECTION('',(0.,0.,-1.));
#3592 = DIRECTION('',(-1.,0.,0.));
#3593 = ADVANCED_FACE('',(#3594),#3597,.F.);
#3594 = FACE_BOUND('',#3595,.F.);
#3595 = EDGE_LOOP('',(#3596));
#3596 = ORIENTED_EDGE('',*,*,#3265,.T.);
#3597 = PLANE('',#3598);
#3598 = AXIS2_PLACEMENT_3D('',#3599,#3600,#3601);
#3599 = CARTESIAN_POINT('',(21.,233.,185.1));
#3600 = DIRECTION('',(0.,0.,-1.));
#3601 = DIRECTION('',(-1.,0.,0.));
#3602 = ADVANCED_FACE('',(#3603),#3606,.F.);
#3603 = FACE_BOUND('',#3604,.F.);
#3604 = EDGE_LOOP('',(#3605));
#3605 = ORIENTED_EDGE('',*,*,#3290,.T.);
#3606 = PLANE('',#3607);
#3607 = AXIS2_PLACEMENT_3D('',#3608,#3609,#3610);
#3608 = CARTESIAN_POINT('',(21.,275.,185.1));
#3609 = DIRECTION('',(0.,0.,-1.));
#3610 = DIRECTION('',(-1.,0.,0.));
#3611 = ADVANCED_FACE('',(#3612),#3615,.F.);
#3612 = FACE_BOUND('',#3613,.F.);
#3613 = EDGE_LOOP('',(#3614));
#3614 = ORIENTED_EDGE('',*,*,#3315,.T.);
#3615 = PLANE('',#3616);
#3616 = AXIS2_PLACEMENT_3D('',#3617,#3618,#3619);
#3617 = CARTESIAN_POINT('',(159.,159.,185.1));
#3618 = DIRECTION('',(0.,0.,-1.));
#3619 = DIRECTION('',(-1.,0.,0.));
#3620 = ADVANCED_FACE('',(#3621),#3624,.F.);
#3621 = FACE_BOUND('',#3622,.F.);
#3622 = EDGE_LOOP('',(#3623));
#3623 = ORIENTED_EDGE('',*,*,#3340,.T.);
#3624 = PLANE('',#3625);
#3625 = AXIS2_PLACEMENT_3D('',#3626,#3627,#3628);
#3626 = CARTESIAN_POINT('',(159.,191.,185.1));
#3627 = DIRECTION('',(0.,0.,-1.));
#3628 = DIRECTION('',(-1.,0.,0.));
#3629 = ADVANCED_FACE('',(#3630),#3633,.F.);
#3630 = FACE_BOUND('',#3631,.F.);
#3631 = EDGE_LOOP('',(#3632));
#3632 = ORIENTED_EDGE('',*,*,#3501,.T.);
#3633 = PLANE('',#3634);
#3634 = AXIS2_PLACEMENT_3D('',#3635,#3636,#3637);
#3635 = CARTESIAN_POINT('',(159.,233.,185.1));
#3636 = DIRECTION('',(0.,0.,-1.));
#3637 = DIRECTION('',(-1.,0.,0.));
#3638 = ADVANCED_FACE('',(#3639),#3642,.F.);
#3639 = FACE_BOUND('',#3640,.F.);
#3640 = EDGE_LOOP('',(#3641));
#3641 = ORIENTED_EDGE('',*,*,#3526,.T.);
#3642 = PLANE('',#3643);
#3643 = AXIS2_PLACEMENT_3D('',#3644,#3645,#3646);
#3644 = CARTESIAN_POINT('',(159.,275.,185.1));
#3645 = DIRECTION('',(0.,0.,-1.));
#3646 = DIRECTION('',(-1.,0.,0.));
#3647 = MANIFOLD_SOLID_BREP('',#3648);
#3648 = CLOSED_SHELL('',(#3649,#3689,#3754,#3778,#3836,#3853,#3865,#3887
    ,#3904,#3921));
#3649 = ADVANCED_FACE('',(#3650),#3684,.F.);
#3650 = FACE_BOUND('',#3651,.F.);
#3651 = EDGE_LOOP('',(#3652,#3662,#3670,#3678));
#3652 = ORIENTED_EDGE('',*,*,#3653,.F.);
#3653 = EDGE_CURVE('',#3654,#3656,#3658,.T.);
#3654 = VERTEX_POINT('',#3655);
#3655 = CARTESIAN_POINT('',(12.,175.,28.));
#3656 = VERTEX_POINT('',#3657);
#3657 = CARTESIAN_POINT('',(12.,175.,182.));
#3658 = LINE('',#3659,#3660);
#3659 = CARTESIAN_POINT('',(12.,175.,28.));
#3660 = VECTOR('',#3661,1.);
#3661 = DIRECTION('',(0.,0.,1.));
#3662 = ORIENTED_EDGE('',*,*,#3663,.T.);
#3663 = EDGE_CURVE('',#3654,#3664,#3666,.T.);
#3664 = VERTEX_POINT('',#3665);
#3665 = CARTESIAN_POINT('',(12.,187.,28.));
#3666 = LINE('',#3667,#3668);
#3667 = CARTESIAN_POINT('',(12.,175.,28.));
#3668 = VECTOR('',#3669,1.);
#3669 = DIRECTION('',(0.,1.,0.));
#3670 = ORIENTED_EDGE('',*,*,#3671,.T.);
#3671 = EDGE_CURVE('',#3664,#3672,#3674,.T.);
#3672 = VERTEX_POINT('',#3673);
#3673 = CARTESIAN_POINT('',(12.,187.,182.));
#3674 = LINE('',#3675,#3676);
#3675 = CARTESIAN_POINT('',(12.,187.,28.));
#3676 = VECTOR('',#3677,1.);
#3677 = DIRECTION('',(0.,0.,1.));
#3678 = ORIENTED_EDGE('',*,*,#3679,.F.);
#3679 = EDGE_CURVE('',#3656,#3672,#3680,.T.);
#3680 = LINE('',#3681,#3682);
#3681 = CARTESIAN_POINT('',(12.,175.,182.));
#3682 = VECTOR('',#3683,1.);
#3683 = DIRECTION('',(0.,1.,0.));
#3684 = PLANE('',#3685);
#3685 = AXIS2_PLACEMENT_3D('',#3686,#3687,#3688);
#3686 = CARTESIAN_POINT('',(12.,175.,28.));
#3687 = DIRECTION('',(1.,0.,0.));
#3688 = DIRECTION('',(0.,0.,1.));
#3689 = ADVANCED_FACE('',(#3690,#3715),#3749,.F.);
#3690 = FACE_BOUND('',#3691,.F.);
#3691 = EDGE_LOOP('',(#3692,#3700,#3701,#3709));
#3692 = ORIENTED_EDGE('',*,*,#3693,.F.);
#3693 = EDGE_CURVE('',#3654,#3694,#3696,.T.);
#3694 = VERTEX_POINT('',#3695);
#3695 = CARTESIAN_POINT('',(168.,175.,28.));
#3696 = LINE('',#3697,#3698);
#3697 = CARTESIAN_POINT('',(12.,175.,28.));
#3698 = VECTOR('',#3699,1.);
#3699 = DIRECTION('',(1.,0.,0.));
#3700 = ORIENTED_EDGE('',*,*,#3653,.T.);
#3701 = ORIENTED_EDGE('',*,*,#3702,.T.);
#3702 = EDGE_CURVE('',#3656,#3703,#3705,.T.);
#3703 = VERTEX_POINT('',#3704);
#3704 = CARTESIAN_POINT('',(168.,175.,182.));
#3705 = LINE('',#3706,#3707);
#3706 = CARTESIAN_POINT('',(12.,175.,182.));
#3707 = VECTOR('',#3708,1.);
#3708 = DIRECTION('',(1.,0.,0.));
#3709 = ORIENTED_EDGE('',*,*,#3710,.F.);
#3710 = EDGE_CURVE('',#3694,#3703,#3711,.T.);
#3711 = LINE('',#3712,#3713);
#3712 = CARTESIAN_POINT('',(168.,175.,28.));
#3713 = VECTOR('',#3714,1.);
#3714 = DIRECTION('',(0.,0.,1.));
#3715 = FACE_BOUND('',#3716,.F.);
#3716 = EDGE_LOOP('',(#3717,#3727,#3735,#3743));
#3717 = ORIENTED_EDGE('',*,*,#3718,.F.);
#3718 = EDGE_CURVE('',#3719,#3721,#3723,.T.);
#3719 = VERTEX_POINT('',#3720);
#3720 = CARTESIAN_POINT('',(42.,175.,147.));
#3721 = VERTEX_POINT('',#3722);
#3722 = CARTESIAN_POINT('',(138.,175.,147.));
#3723 = LINE('',#3724,#3725);
#3724 = CARTESIAN_POINT('',(27.,175.,147.));
#3725 = VECTOR('',#3726,1.);
#3726 = DIRECTION('',(1.,0.,0.));
#3727 = ORIENTED_EDGE('',*,*,#3728,.T.);
#3728 = EDGE_CURVE('',#3719,#3729,#3731,.T.);
#3729 = VERTEX_POINT('',#3730);
#3730 = CARTESIAN_POINT('',(42.,175.,63.));
#3731 = LINE('',#3732,#3733);
#3732 = CARTESIAN_POINT('',(42.,175.,45.5));
#3733 = VECTOR('',#3734,1.);
#3734 = DIRECTION('',(0.,0.,-1.));
#3735 = ORIENTED_EDGE('',*,*,#3736,.T.);
#3736 = EDGE_CURVE('',#3729,#3737,#3739,.T.);
#3737 = VERTEX_POINT('',#3738);
#3738 = CARTESIAN_POINT('',(138.,175.,63.));
#3739 = LINE('',#3740,#3741);
#3740 = CARTESIAN_POINT('',(27.,175.,63.));
#3741 = VECTOR('',#3742,1.);
#3742 = DIRECTION('',(1.,0.,0.));
#3743 = ORIENTED_EDGE('',*,*,#3744,.F.);
#3744 = EDGE_CURVE('',#3721,#3737,#3745,.T.);
#3745 = LINE('',#3746,#3747);
#3746 = CARTESIAN_POINT('',(138.,175.,45.5));
#3747 = VECTOR('',#3748,1.);
#3748 = DIRECTION('',(0.,0.,-1.));
#3749 = PLANE('',#3750);
#3750 = AXIS2_PLACEMENT_3D('',#3751,#3752,#3753);
#3751 = CARTESIAN_POINT('',(12.,175.,28.));
#3752 = DIRECTION('',(0.,1.,0.));
#3753 = DIRECTION('',(0.,0.,1.));
#3754 = ADVANCED_FACE('',(#3755),#3773,.T.);
#3755 = FACE_BOUND('',#3756,.T.);
#3756 = EDGE_LOOP('',(#3757,#3758,#3759,#3767));
#3757 = ORIENTED_EDGE('',*,*,#3679,.F.);
#3758 = ORIENTED_EDGE('',*,*,#3702,.T.);
#3759 = ORIENTED_EDGE('',*,*,#3760,.T.);
#3760 = EDGE_CURVE('',#3703,#3761,#3763,.T.);
#3761 = VERTEX_POINT('',#3762);
#3762 = CARTESIAN_POINT('',(168.,187.,182.));
#3763 = LINE('',#3764,#3765);
#3764 = CARTESIAN_POINT('',(168.,175.,182.));
#3765 = VECTOR('',#3766,1.);
#3766 = DIRECTION('',(0.,1.,0.));
#3767 = ORIENTED_EDGE('',*,*,#3768,.F.);
#3768 = EDGE_CURVE('',#3672,#3761,#3769,.T.);
#3769 = LINE('',#3770,#3771);
#3770 = CARTESIAN_POINT('',(12.,187.,182.));
#3771 = VECTOR('',#3772,1.);
#3772 = DIRECTION('',(1.,0.,0.));
#3773 = PLANE('',#3774);
#3774 = AXIS2_PLACEMENT_3D('',#3775,#3776,#3777);
#3775 = CARTESIAN_POINT('',(12.,175.,182.));
#3776 = DIRECTION('',(0.,0.,1.));
#3777 = DIRECTION('',(1.,0.,0.));
#3778 = ADVANCED_FACE('',(#3779,#3797),#3831,.T.);
#3779 = FACE_BOUND('',#3780,.T.);
#3780 = EDGE_LOOP('',(#3781,#3789,#3790,#3791));
#3781 = ORIENTED_EDGE('',*,*,#3782,.F.);
#3782 = EDGE_CURVE('',#3664,#3783,#3785,.T.);
#3783 = VERTEX_POINT('',#3784);
#3784 = CARTESIAN_POINT('',(168.,187.,28.));
#3785 = LINE('',#3786,#3787);
#3786 = CARTESIAN_POINT('',(12.,187.,28.));
#3787 = VECTOR('',#3788,1.);
#3788 = DIRECTION('',(1.,0.,0.));
#3789 = ORIENTED_EDGE('',*,*,#3671,.T.);
#3790 = ORIENTED_EDGE('',*,*,#3768,.T.);
#3791 = ORIENTED_EDGE('',*,*,#3792,.F.);
#3792 = EDGE_CURVE('',#3783,#3761,#3793,.T.);
#3793 = LINE('',#3794,#3795);
#3794 = CARTESIAN_POINT('',(168.,187.,28.));
#3795 = VECTOR('',#3796,1.);
#3796 = DIRECTION('',(0.,0.,1.));
#3797 = FACE_BOUND('',#3798,.T.);
#3798 = EDGE_LOOP('',(#3799,#3809,#3817,#3825));
#3799 = ORIENTED_EDGE('',*,*,#3800,.F.);
#3800 = EDGE_CURVE('',#3801,#3803,#3805,.T.);
#3801 = VERTEX_POINT('',#3802);
#3802 = CARTESIAN_POINT('',(42.,187.,147.));
#3803 = VERTEX_POINT('',#3804);
#3804 = CARTESIAN_POINT('',(138.,187.,147.));
#3805 = LINE('',#3806,#3807);
#3806 = CARTESIAN_POINT('',(27.,187.,147.));
#3807 = VECTOR('',#3808,1.);
#3808 = DIRECTION('',(1.,0.,0.));
#3809 = ORIENTED_EDGE('',*,*,#3810,.T.);
#3810 = EDGE_CURVE('',#3801,#3811,#3813,.T.);
#3811 = VERTEX_POINT('',#3812);
#3812 = CARTESIAN_POINT('',(42.,187.,63.));
#3813 = LINE('',#3814,#3815);
#3814 = CARTESIAN_POINT('',(42.,187.,45.5));
#3815 = VECTOR('',#3816,1.);
#3816 = DIRECTION('',(0.,0.,-1.));
#3817 = ORIENTED_EDGE('',*,*,#3818,.T.);
#3818 = EDGE_CURVE('',#3811,#3819,#3821,.T.);
#3819 = VERTEX_POINT('',#3820);
#3820 = CARTESIAN_POINT('',(138.,187.,63.));
#3821 = LINE('',#3822,#3823);
#3822 = CARTESIAN_POINT('',(27.,187.,63.));
#3823 = VECTOR('',#3824,1.);
#3824 = DIRECTION('',(1.,0.,0.));
#3825 = ORIENTED_EDGE('',*,*,#3826,.F.);
#3826 = EDGE_CURVE('',#3803,#3819,#3827,.T.);
#3827 = LINE('',#3828,#3829);
#3828 = CARTESIAN_POINT('',(138.,187.,45.5));
#3829 = VECTOR('',#3830,1.);
#3830 = DIRECTION('',(0.,0.,-1.));
#3831 = PLANE('',#3832);
#3832 = AXIS2_PLACEMENT_3D('',#3833,#3834,#3835);
#3833 = CARTESIAN_POINT('',(12.,187.,28.));
#3834 = DIRECTION('',(0.,1.,0.));
#3835 = DIRECTION('',(0.,0.,1.));
#3836 = ADVANCED_FACE('',(#3837),#3848,.F.);
#3837 = FACE_BOUND('',#3838,.F.);
#3838 = EDGE_LOOP('',(#3839,#3840,#3841,#3847));
#3839 = ORIENTED_EDGE('',*,*,#3663,.F.);
#3840 = ORIENTED_EDGE('',*,*,#3693,.T.);
#3841 = ORIENTED_EDGE('',*,*,#3842,.T.);
#3842 = EDGE_CURVE('',#3694,#3783,#3843,.T.);
#3843 = LINE('',#3844,#3845);
#3844 = CARTESIAN_POINT('',(168.,175.,28.));
#3845 = VECTOR('',#3846,1.);
#3846 = DIRECTION('',(0.,1.,0.));
#3847 = ORIENTED_EDGE('',*,*,#3782,.F.);
#3848 = PLANE('',#3849);
#3849 = AXIS2_PLACEMENT_3D('',#3850,#3851,#3852);
#3850 = CARTESIAN_POINT('',(12.,175.,28.));
#3851 = DIRECTION('',(0.,0.,1.));
#3852 = DIRECTION('',(1.,0.,0.));
#3853 = ADVANCED_FACE('',(#3854),#3860,.T.);
#3854 = FACE_BOUND('',#3855,.T.);
#3855 = EDGE_LOOP('',(#3856,#3857,#3858,#3859));
#3856 = ORIENTED_EDGE('',*,*,#3710,.F.);
#3857 = ORIENTED_EDGE('',*,*,#3842,.T.);
#3858 = ORIENTED_EDGE('',*,*,#3792,.T.);
#3859 = ORIENTED_EDGE('',*,*,#3760,.F.);
#3860 = PLANE('',#3861);
#3861 = AXIS2_PLACEMENT_3D('',#3862,#3863,#3864);
#3862 = CARTESIAN_POINT('',(168.,175.,28.));
#3863 = DIRECTION('',(1.,0.,0.));
#3864 = DIRECTION('',(0.,0.,1.));
#3865 = ADVANCED_FACE('',(#3866),#3882,.F.);
#3866 = FACE_BOUND('',#3867,.F.);
#3867 = EDGE_LOOP('',(#3868,#3874,#3875,#3881));
#3868 = ORIENTED_EDGE('',*,*,#3869,.F.);
#3869 = EDGE_CURVE('',#3719,#3801,#3870,.T.);
#3870 = LINE('',#3871,#3872);
#3871 = CARTESIAN_POINT('',(42.,174.,147.));
#3872 = VECTOR('',#3873,1.);
#3873 = DIRECTION('',(0.,1.,0.));
#3874 = ORIENTED_EDGE('',*,*,#3718,.T.);
#3875 = ORIENTED_EDGE('',*,*,#3876,.T.);
#3876 = EDGE_CURVE('',#3721,#3803,#3877,.T.);
#3877 = LINE('',#3878,#3879);
#3878 = CARTESIAN_POINT('',(138.,174.,147.));
#3879 = VECTOR('',#3880,1.);
#3880 = DIRECTION('',(0.,1.,0.));
#3881 = ORIENTED_EDGE('',*,*,#3800,.F.);
#3882 = PLANE('',#3883);
#3883 = AXIS2_PLACEMENT_3D('',#3884,#3885,#3886);
#3884 = CARTESIAN_POINT('',(42.,174.,147.));
#3885 = DIRECTION('',(0.,0.,1.));
#3886 = DIRECTION('',(1.,0.,0.));
#3887 = ADVANCED_FACE('',(#3888),#3899,.F.);
#3888 = FACE_BOUND('',#3889,.F.);
#3889 = EDGE_LOOP('',(#3890,#3891,#3892,#3898));
#3890 = ORIENTED_EDGE('',*,*,#3876,.F.);
#3891 = ORIENTED_EDGE('',*,*,#3744,.T.);
#3892 = ORIENTED_EDGE('',*,*,#3893,.T.);
#3893 = EDGE_CURVE('',#3737,#3819,#3894,.T.);
#3894 = LINE('',#3895,#3896);
#3895 = CARTESIAN_POINT('',(138.,174.,63.));
#3896 = VECTOR('',#3897,1.);
#3897 = DIRECTION('',(0.,1.,0.));
#3898 = ORIENTED_EDGE('',*,*,#3826,.F.);
#3899 = PLANE('',#3900);
#3900 = AXIS2_PLACEMENT_3D('',#3901,#3902,#3903);
#3901 = CARTESIAN_POINT('',(138.,174.,63.));
#3902 = DIRECTION('',(1.,0.,0.));
#3903 = DIRECTION('',(0.,0.,1.));
#3904 = ADVANCED_FACE('',(#3905),#3916,.T.);
#3905 = FACE_BOUND('',#3906,.T.);
#3906 = EDGE_LOOP('',(#3907,#3913,#3914,#3915));
#3907 = ORIENTED_EDGE('',*,*,#3908,.F.);
#3908 = EDGE_CURVE('',#3729,#3811,#3909,.T.);
#3909 = LINE('',#3910,#3911);
#3910 = CARTESIAN_POINT('',(42.,174.,63.));
#3911 = VECTOR('',#3912,1.);
#3912 = DIRECTION('',(0.,1.,0.));
#3913 = ORIENTED_EDGE('',*,*,#3736,.T.);
#3914 = ORIENTED_EDGE('',*,*,#3893,.T.);
#3915 = ORIENTED_EDGE('',*,*,#3818,.F.);
#3916 = PLANE('',#3917);
#3917 = AXIS2_PLACEMENT_3D('',#3918,#3919,#3920);
#3918 = CARTESIAN_POINT('',(42.,174.,63.));
#3919 = DIRECTION('',(0.,0.,1.));
#3920 = DIRECTION('',(1.,0.,0.));
#3921 = ADVANCED_FACE('',(#3922),#3928,.T.);
#3922 = FACE_BOUND('',#3923,.T.);
#3923 = EDGE_LOOP('',(#3924,#3925,#3926,#3927));
#3924 = ORIENTED_EDGE('',*,*,#3869,.F.);
#3925 = ORIENTED_EDGE('',*,*,#3728,.T.);
#3926 = ORIENTED_EDGE('',*,*,#3908,.T.);
#3927 = ORIENTED_EDGE('',*,*,#3810,.F.);
#3928 = PLANE('',#3929);
#3929 = AXIS2_PLACEMENT_3D('',#3930,#3931,#3932);
#3930 = CARTESIAN_POINT('',(42.,174.,63.));
#3931 = DIRECTION('',(1.,0.,0.));
#3932 = DIRECTION('',(0.,0.,1.));
#3933 = MANIFOLD_SOLID_BREP('',#3934);
#3934 = CLOSED_SHELL('',(#3935,#3975,#4070,#4094,#4173,#4190,#4202,#4236
    ,#4270,#4304,#4322,#4356,#4374,#4392,#4410));
#3935 = ADVANCED_FACE('',(#3936),#3970,.F.);
#3936 = FACE_BOUND('',#3937,.F.);
#3937 = EDGE_LOOP('',(#3938,#3948,#3956,#3964));
#3938 = ORIENTED_EDGE('',*,*,#3939,.F.);
#3939 = EDGE_CURVE('',#3940,#3942,#3944,.T.);
#3940 = VERTEX_POINT('',#3941);
#3941 = CARTESIAN_POINT('',(31.,187.,52.5));
#3942 = VERTEX_POINT('',#3943);
#3943 = CARTESIAN_POINT('',(31.,187.,157.5));
#3944 = LINE('',#3945,#3946);
#3945 = CARTESIAN_POINT('',(31.,187.,52.5));
#3946 = VECTOR('',#3947,1.);
#3947 = DIRECTION('',(0.,0.,1.));
#3948 = ORIENTED_EDGE('',*,*,#3949,.T.);
#3949 = EDGE_CURVE('',#3940,#3950,#3952,.T.);
#3950 = VERTEX_POINT('',#3951);
#3951 = CARTESIAN_POINT('',(31.,199.,52.5));
#3952 = LINE('',#3953,#3954);
#3953 = CARTESIAN_POINT('',(31.,187.,52.5));
#3954 = VECTOR('',#3955,1.);
#3955 = DIRECTION('',(0.,1.,0.));
#3956 = ORIENTED_EDGE('',*,*,#3957,.T.);
#3957 = EDGE_CURVE('',#3950,#3958,#3960,.T.);
#3958 = VERTEX_POINT('',#3959);
#3959 = CARTESIAN_POINT('',(31.,199.,157.5));
#3960 = LINE('',#3961,#3962);
#3961 = CARTESIAN_POINT('',(31.,199.,52.5));
#3962 = VECTOR('',#3963,1.);
#3963 = DIRECTION('',(0.,0.,1.));
#3964 = ORIENTED_EDGE('',*,*,#3965,.F.);
#3965 = EDGE_CURVE('',#3942,#3958,#3966,.T.);
#3966 = LINE('',#3967,#3968);
#3967 = CARTESIAN_POINT('',(31.,187.,157.5));
#3968 = VECTOR('',#3969,1.);
#3969 = DIRECTION('',(0.,1.,0.));
#3970 = PLANE('',#3971);
#3971 = AXIS2_PLACEMENT_3D('',#3972,#3973,#3974);
#3972 = CARTESIAN_POINT('',(31.,187.,52.5));
#3973 = DIRECTION('',(1.,0.,0.));
#3974 = DIRECTION('',(0.,0.,1.));
#3975 = ADVANCED_FACE('',(#3976,#4001,#4012,#4023,#4034,#4054),#4065,.F.
  );
#3976 = FACE_BOUND('',#3977,.F.);
#3977 = EDGE_LOOP('',(#3978,#3986,#3987,#3995));
#3978 = ORIENTED_EDGE('',*,*,#3979,.F.);
#3979 = EDGE_CURVE('',#3940,#3980,#3982,.T.);
#3980 = VERTEX_POINT('',#3981);
#3981 = CARTESIAN_POINT('',(149.,187.,52.5));
#3982 = LINE('',#3983,#3984);
#3983 = CARTESIAN_POINT('',(31.,187.,52.5));
#3984 = VECTOR('',#3985,1.);
#3985 = DIRECTION('',(1.,0.,0.));
#3986 = ORIENTED_EDGE('',*,*,#3939,.T.);
#3987 = ORIENTED_EDGE('',*,*,#3988,.T.);
#3988 = EDGE_CURVE('',#3942,#3989,#3991,.T.);
#3989 = VERTEX_POINT('',#3990);
#3990 = CARTESIAN_POINT('',(149.,187.,157.5));
#3991 = LINE('',#3992,#3993);
#3992 = CARTESIAN_POINT('',(31.,187.,157.5));
#3993 = VECTOR('',#3994,1.);
#3994 = DIRECTION('',(1.,0.,0.));
#3995 = ORIENTED_EDGE('',*,*,#3996,.F.);
#3996 = EDGE_CURVE('',#3980,#3989,#3997,.T.);
#3997 = LINE('',#3998,#3999);
#3998 = CARTESIAN_POINT('',(149.,187.,52.5));
#3999 = VECTOR('',#4000,1.);
#4000 = DIRECTION('',(0.,0.,1.));
#4001 = FACE_BOUND('',#4002,.F.);
#4002 = EDGE_LOOP('',(#4003));
#4003 = ORIENTED_EDGE('',*,*,#4004,.F.);
#4004 = EDGE_CURVE('',#4005,#4005,#4007,.T.);
#4005 = VERTEX_POINT('',#4006);
#4006 = CARTESIAN_POINT('',(45.,187.,71.1));
#4007 = CIRCLE('',#4008,2.1);
#4008 = AXIS2_PLACEMENT_3D('',#4009,#4010,#4011);
#4009 = CARTESIAN_POINT('',(45.,187.,69.));
#4010 = DIRECTION('',(0.,1.,0.));
#4011 = DIRECTION('',(0.,0.,1.));
#4012 = FACE_BOUND('',#4013,.F.);
#4013 = EDGE_LOOP('',(#4014));
#4014 = ORIENTED_EDGE('',*,*,#4015,.F.);
#4015 = EDGE_CURVE('',#4016,#4016,#4018,.T.);
#4016 = VERTEX_POINT('',#4017);
#4017 = CARTESIAN_POINT('',(45.,187.,143.1));
#4018 = CIRCLE('',#4019,2.1);
#4019 = AXIS2_PLACEMENT_3D('',#4020,#4021,#4022);
#4020 = CARTESIAN_POINT('',(45.,187.,141.));
#4021 = DIRECTION('',(0.,1.,0.));
#4022 = DIRECTION('',(0.,0.,1.));
#4023 = FACE_BOUND('',#4024,.F.);
#4024 = EDGE_LOOP('',(#4025));
#4025 = ORIENTED_EDGE('',*,*,#4026,.F.);
#4026 = EDGE_CURVE('',#4027,#4027,#4029,.T.);
#4027 = VERTEX_POINT('',#4028);
#4028 = CARTESIAN_POINT('',(135.,187.,71.1));
#4029 = CIRCLE('',#4030,2.1);
#4030 = AXIS2_PLACEMENT_3D('',#4031,#4032,#4033);
#4031 = CARTESIAN_POINT('',(135.,187.,69.));
#4032 = DIRECTION('',(0.,1.,0.));
#4033 = DIRECTION('',(0.,0.,1.));
#4034 = FACE_BOUND('',#4035,.F.);
#4035 = EDGE_LOOP('',(#4036,#4047));
#4036 = ORIENTED_EDGE('',*,*,#4037,.F.);
#4037 = EDGE_CURVE('',#4038,#4040,#4042,.T.);
#4038 = VERTEX_POINT('',#4039);
#4039 = CARTESIAN_POINT('',(90.,187.,123.));
#4040 = VERTEX_POINT('',#4041);
#4041 = CARTESIAN_POINT('',(90.,187.,87.));
#4042 = CIRCLE('',#4043,18.);
#4043 = AXIS2_PLACEMENT_3D('',#4044,#4045,#4046);
#4044 = CARTESIAN_POINT('',(90.,187.,105.));
#4045 = DIRECTION('',(0.,1.,0.));
#4046 = DIRECTION('',(0.,0.,1.));
#4047 = ORIENTED_EDGE('',*,*,#4048,.F.);
#4048 = EDGE_CURVE('',#4040,#4038,#4049,.T.);
#4049 = CIRCLE('',#4050,18.);
#4050 = AXIS2_PLACEMENT_3D('',#4051,#4052,#4053);
#4051 = CARTESIAN_POINT('',(90.,187.,105.));
#4052 = DIRECTION('',(0.,1.,0.));
#4053 = DIRECTION('',(0.,0.,1.));
#4054 = FACE_BOUND('',#4055,.F.);
#4055 = EDGE_LOOP('',(#4056));
#4056 = ORIENTED_EDGE('',*,*,#4057,.F.);
#4057 = EDGE_CURVE('',#4058,#4058,#4060,.T.);
#4058 = VERTEX_POINT('',#4059);
#4059 = CARTESIAN_POINT('',(135.,187.,143.1));
#4060 = CIRCLE('',#4061,2.1);
#4061 = AXIS2_PLACEMENT_3D('',#4062,#4063,#4064);
#4062 = CARTESIAN_POINT('',(135.,187.,141.));
#4063 = DIRECTION('',(0.,1.,0.));
#4064 = DIRECTION('',(0.,0.,1.));
#4065 = PLANE('',#4066);
#4066 = AXIS2_PLACEMENT_3D('',#4067,#4068,#4069);
#4067 = CARTESIAN_POINT('',(31.,187.,52.5));
#4068 = DIRECTION('',(0.,1.,0.));
#4069 = DIRECTION('',(0.,0.,1.));
#4070 = ADVANCED_FACE('',(#4071),#4089,.T.);
#4071 = FACE_BOUND('',#4072,.T.);
#4072 = EDGE_LOOP('',(#4073,#4074,#4075,#4083));
#4073 = ORIENTED_EDGE('',*,*,#3965,.F.);
#4074 = ORIENTED_EDGE('',*,*,#3988,.T.);
#4075 = ORIENTED_EDGE('',*,*,#4076,.T.);
#4076 = EDGE_CURVE('',#3989,#4077,#4079,.T.);
#4077 = VERTEX_POINT('',#4078);
#4078 = CARTESIAN_POINT('',(149.,199.,157.5));
#4079 = LINE('',#4080,#4081);
#4080 = CARTESIAN_POINT('',(149.,187.,157.5));
#4081 = VECTOR('',#4082,1.);
#4082 = DIRECTION('',(0.,1.,0.));
#4083 = ORIENTED_EDGE('',*,*,#4084,.F.);
#4084 = EDGE_CURVE('',#3958,#4077,#4085,.T.);
#4085 = LINE('',#4086,#4087);
#4086 = CARTESIAN_POINT('',(31.,199.,157.5));
#4087 = VECTOR('',#4088,1.);
#4088 = DIRECTION('',(1.,0.,0.));
#4089 = PLANE('',#4090);
#4090 = AXIS2_PLACEMENT_3D('',#4091,#4092,#4093);
#4091 = CARTESIAN_POINT('',(31.,187.,157.5));
#4092 = DIRECTION('',(0.,0.,1.));
#4093 = DIRECTION('',(1.,0.,0.));
#4094 = ADVANCED_FACE('',(#4095,#4113,#4124,#4135,#4146,#4157),#4168,.T.
  );
#4095 = FACE_BOUND('',#4096,.T.);
#4096 = EDGE_LOOP('',(#4097,#4105,#4106,#4107));
#4097 = ORIENTED_EDGE('',*,*,#4098,.F.);
#4098 = EDGE_CURVE('',#3950,#4099,#4101,.T.);
#4099 = VERTEX_POINT('',#4100);
#4100 = CARTESIAN_POINT('',(149.,199.,52.5));
#4101 = LINE('',#4102,#4103);
#4102 = CARTESIAN_POINT('',(31.,199.,52.5));
#4103 = VECTOR('',#4104,1.);
#4104 = DIRECTION('',(1.,0.,0.));
#4105 = ORIENTED_EDGE('',*,*,#3957,.T.);
#4106 = ORIENTED_EDGE('',*,*,#4084,.T.);
#4107 = ORIENTED_EDGE('',*,*,#4108,.F.);
#4108 = EDGE_CURVE('',#4099,#4077,#4109,.T.);
#4109 = LINE('',#4110,#4111);
#4110 = CARTESIAN_POINT('',(149.,199.,52.5));
#4111 = VECTOR('',#4112,1.);
#4112 = DIRECTION('',(0.,0.,1.));
#4113 = FACE_BOUND('',#4114,.T.);
#4114 = EDGE_LOOP('',(#4115));
#4115 = ORIENTED_EDGE('',*,*,#4116,.T.);
#4116 = EDGE_CURVE('',#4117,#4117,#4119,.T.);
#4117 = VERTEX_POINT('',#4118);
#4118 = CARTESIAN_POINT('',(45.,199.,64.75));
#4119 = CIRCLE('',#4120,4.25);
#4120 = AXIS2_PLACEMENT_3D('',#4121,#4122,#4123);
#4121 = CARTESIAN_POINT('',(45.,199.,69.));
#4122 = DIRECTION('',(0.,-1.,0.));
#4123 = DIRECTION('',(0.,0.,-1.));
#4124 = FACE_BOUND('',#4125,.T.);
#4125 = EDGE_LOOP('',(#4126));
#4126 = ORIENTED_EDGE('',*,*,#4127,.F.);
#4127 = EDGE_CURVE('',#4128,#4128,#4130,.T.);
#4128 = VERTEX_POINT('',#4129);
#4129 = CARTESIAN_POINT('',(90.,199.,123.));
#4130 = CIRCLE('',#4131,18.);
#4131 = AXIS2_PLACEMENT_3D('',#4132,#4133,#4134);
#4132 = CARTESIAN_POINT('',(90.,199.,105.));
#4133 = DIRECTION('',(0.,1.,0.));
#4134 = DIRECTION('',(0.,0.,1.));
#4135 = FACE_BOUND('',#4136,.T.);
#4136 = EDGE_LOOP('',(#4137));
#4137 = ORIENTED_EDGE('',*,*,#4138,.T.);
#4138 = EDGE_CURVE('',#4139,#4139,#4141,.T.);
#4139 = VERTEX_POINT('',#4140);
#4140 = CARTESIAN_POINT('',(45.,199.,136.75));
#4141 = CIRCLE('',#4142,4.25);
#4142 = AXIS2_PLACEMENT_3D('',#4143,#4144,#4145);
#4143 = CARTESIAN_POINT('',(45.,199.,141.));
#4144 = DIRECTION('',(0.,-1.,0.));
#4145 = DIRECTION('',(0.,0.,-1.));
#4146 = FACE_BOUND('',#4147,.T.);
#4147 = EDGE_LOOP('',(#4148));
#4148 = ORIENTED_EDGE('',*,*,#4149,.T.);
#4149 = EDGE_CURVE('',#4150,#4150,#4152,.T.);
#4150 = VERTEX_POINT('',#4151);
#4151 = CARTESIAN_POINT('',(135.,199.,64.75));
#4152 = CIRCLE('',#4153,4.25);
#4153 = AXIS2_PLACEMENT_3D('',#4154,#4155,#4156);
#4154 = CARTESIAN_POINT('',(135.,199.,69.));
#4155 = DIRECTION('',(0.,-1.,0.));
#4156 = DIRECTION('',(0.,0.,-1.));
#4157 = FACE_BOUND('',#4158,.T.);
#4158 = EDGE_LOOP('',(#4159));
#4159 = ORIENTED_EDGE('',*,*,#4160,.T.);
#4160 = EDGE_CURVE('',#4161,#4161,#4163,.T.);
#4161 = VERTEX_POINT('',#4162);
#4162 = CARTESIAN_POINT('',(135.,199.,136.75));
#4163 = CIRCLE('',#4164,4.25);
#4164 = AXIS2_PLACEMENT_3D('',#4165,#4166,#4167);
#4165 = CARTESIAN_POINT('',(135.,199.,141.));
#4166 = DIRECTION('',(0.,-1.,0.));
#4167 = DIRECTION('',(0.,0.,-1.));
#4168 = PLANE('',#4169);
#4169 = AXIS2_PLACEMENT_3D('',#4170,#4171,#4172);
#4170 = CARTESIAN_POINT('',(31.,199.,52.5));
#4171 = DIRECTION('',(0.,1.,0.));
#4172 = DIRECTION('',(0.,0.,1.));
#4173 = ADVANCED_FACE('',(#4174),#4185,.F.);
#4174 = FACE_BOUND('',#4175,.F.);
#4175 = EDGE_LOOP('',(#4176,#4177,#4178,#4184));
#4176 = ORIENTED_EDGE('',*,*,#3949,.F.);
#4177 = ORIENTED_EDGE('',*,*,#3979,.T.);
#4178 = ORIENTED_EDGE('',*,*,#4179,.T.);
#4179 = EDGE_CURVE('',#3980,#4099,#4180,.T.);
#4180 = LINE('',#4181,#4182);
#4181 = CARTESIAN_POINT('',(149.,187.,52.5));
#4182 = VECTOR('',#4183,1.);
#4183 = DIRECTION('',(0.,1.,0.));
#4184 = ORIENTED_EDGE('',*,*,#4098,.F.);
#4185 = PLANE('',#4186);
#4186 = AXIS2_PLACEMENT_3D('',#4187,#4188,#4189);
#4187 = CARTESIAN_POINT('',(31.,187.,52.5));
#4188 = DIRECTION('',(0.,0.,1.));
#4189 = DIRECTION('',(1.,0.,0.));
#4190 = ADVANCED_FACE('',(#4191),#4197,.T.);
#4191 = FACE_BOUND('',#4192,.T.);
#4192 = EDGE_LOOP('',(#4193,#4194,#4195,#4196));
#4193 = ORIENTED_EDGE('',*,*,#3996,.F.);
#4194 = ORIENTED_EDGE('',*,*,#4179,.T.);
#4195 = ORIENTED_EDGE('',*,*,#4108,.T.);
#4196 = ORIENTED_EDGE('',*,*,#4076,.F.);
#4197 = PLANE('',#4198);
#4198 = AXIS2_PLACEMENT_3D('',#4199,#4200,#4201);
#4199 = CARTESIAN_POINT('',(149.,187.,52.5));
#4200 = DIRECTION('',(1.,0.,0.));
#4201 = DIRECTION('',(0.,0.,1.));
#4202 = ADVANCED_FACE('',(#4203),#4231,.F.);
#4203 = FACE_BOUND('',#4204,.F.);
#4204 = EDGE_LOOP('',(#4205,#4216,#4222,#4223,#4224));
#4205 = ORIENTED_EDGE('',*,*,#4206,.T.);
#4206 = EDGE_CURVE('',#4207,#4209,#4211,.T.);
#4207 = VERTEX_POINT('',#4208);
#4208 = CARTESIAN_POINT('',(45.,196.5,66.9));
#4209 = VERTEX_POINT('',#4210);
#4210 = CARTESIAN_POINT('',(45.,196.5,71.1));
#4211 = CIRCLE('',#4212,2.1);
#4212 = AXIS2_PLACEMENT_3D('',#4213,#4214,#4215);
#4213 = CARTESIAN_POINT('',(45.,196.5,69.));
#4214 = DIRECTION('',(0.,-1.,0.));
#4215 = DIRECTION('',(0.,0.,-1.));
#4216 = ORIENTED_EDGE('',*,*,#4217,.F.);
#4217 = EDGE_CURVE('',#4005,#4209,#4218,.T.);
#4218 = LINE('',#4219,#4220);
#4219 = CARTESIAN_POINT('',(45.,186.,71.1));
#4220 = VECTOR('',#4221,1.);
#4221 = DIRECTION('',(0.,1.,0.));
#4222 = ORIENTED_EDGE('',*,*,#4004,.T.);
#4223 = ORIENTED_EDGE('',*,*,#4217,.T.);
#4224 = ORIENTED_EDGE('',*,*,#4225,.T.);
#4225 = EDGE_CURVE('',#4209,#4207,#4226,.T.);
#4226 = CIRCLE('',#4227,2.1);
#4227 = AXIS2_PLACEMENT_3D('',#4228,#4229,#4230);
#4228 = CARTESIAN_POINT('',(45.,196.5,69.));
#4229 = DIRECTION('',(0.,-1.,0.));
#4230 = DIRECTION('',(0.,0.,-1.));
#4231 = CYLINDRICAL_SURFACE('',#4232,2.1);
#4232 = AXIS2_PLACEMENT_3D('',#4233,#4234,#4235);
#4233 = CARTESIAN_POINT('',(45.,186.,69.));
#4234 = DIRECTION('',(0.,1.,0.));
#4235 = DIRECTION('',(0.,0.,1.));
#4236 = ADVANCED_FACE('',(#4237),#4265,.F.);
#4237 = FACE_BOUND('',#4238,.F.);
#4238 = EDGE_LOOP('',(#4239,#4250,#4256,#4257,#4258));
#4239 = ORIENTED_EDGE('',*,*,#4240,.T.);
#4240 = EDGE_CURVE('',#4241,#4243,#4245,.T.);
#4241 = VERTEX_POINT('',#4242);
#4242 = CARTESIAN_POINT('',(45.,196.5,138.9));
#4243 = VERTEX_POINT('',#4244);
#4244 = CARTESIAN_POINT('',(45.,196.5,143.1));
#4245 = CIRCLE('',#4246,2.1);
#4246 = AXIS2_PLACEMENT_3D('',#4247,#4248,#4249);
#4247 = CARTESIAN_POINT('',(45.,196.5,141.));
#4248 = DIRECTION('',(0.,-1.,0.));
#4249 = DIRECTION('',(0.,0.,-1.));
#4250 = ORIENTED_EDGE('',*,*,#4251,.F.);
#4251 = EDGE_CURVE('',#4016,#4243,#4252,.T.);
#4252 = LINE('',#4253,#4254);
#4253 = CARTESIAN_POINT('',(45.,186.,143.1));
#4254 = VECTOR('',#4255,1.);
#4255 = DIRECTION('',(0.,1.,0.));
#4256 = ORIENTED_EDGE('',*,*,#4015,.T.);
#4257 = ORIENTED_EDGE('',*,*,#4251,.T.);
#4258 = ORIENTED_EDGE('',*,*,#4259,.T.);
#4259 = EDGE_CURVE('',#4243,#4241,#4260,.T.);
#4260 = CIRCLE('',#4261,2.1);
#4261 = AXIS2_PLACEMENT_3D('',#4262,#4263,#4264);
#4262 = CARTESIAN_POINT('',(45.,196.5,141.));
#4263 = DIRECTION('',(0.,-1.,0.));
#4264 = DIRECTION('',(0.,0.,-1.));
#4265 = CYLINDRICAL_SURFACE('',#4266,2.1);
#4266 = AXIS2_PLACEMENT_3D('',#4267,#4268,#4269);
#4267 = CARTESIAN_POINT('',(45.,186.,141.));
#4268 = DIRECTION('',(0.,1.,0.));
#4269 = DIRECTION('',(0.,0.,1.));
#4270 = ADVANCED_FACE('',(#4271),#4299,.F.);
#4271 = FACE_BOUND('',#4272,.F.);
#4272 = EDGE_LOOP('',(#4273,#4284,#4290,#4291,#4292));
#4273 = ORIENTED_EDGE('',*,*,#4274,.T.);
#4274 = EDGE_CURVE('',#4275,#4277,#4279,.T.);
#4275 = VERTEX_POINT('',#4276);
#4276 = CARTESIAN_POINT('',(135.,196.5,66.9));
#4277 = VERTEX_POINT('',#4278);
#4278 = CARTESIAN_POINT('',(135.,196.5,71.1));
#4279 = CIRCLE('',#4280,2.1);
#4280 = AXIS2_PLACEMENT_3D('',#4281,#4282,#4283);
#4281 = CARTESIAN_POINT('',(135.,196.5,69.));
#4282 = DIRECTION('',(0.,-1.,0.));
#4283 = DIRECTION('',(0.,0.,-1.));
#4284 = ORIENTED_EDGE('',*,*,#4285,.F.);
#4285 = EDGE_CURVE('',#4027,#4277,#4286,.T.);
#4286 = LINE('',#4287,#4288);
#4287 = CARTESIAN_POINT('',(135.,186.,71.1));
#4288 = VECTOR('',#4289,1.);
#4289 = DIRECTION('',(0.,1.,0.));
#4290 = ORIENTED_EDGE('',*,*,#4026,.T.);
#4291 = ORIENTED_EDGE('',*,*,#4285,.T.);
#4292 = ORIENTED_EDGE('',*,*,#4293,.T.);
#4293 = EDGE_CURVE('',#4277,#4275,#4294,.T.);
#4294 = CIRCLE('',#4295,2.1);
#4295 = AXIS2_PLACEMENT_3D('',#4296,#4297,#4298);
#4296 = CARTESIAN_POINT('',(135.,196.5,69.));
#4297 = DIRECTION('',(0.,-1.,0.));
#4298 = DIRECTION('',(0.,0.,-1.));
#4299 = CYLINDRICAL_SURFACE('',#4300,2.1);
#4300 = AXIS2_PLACEMENT_3D('',#4301,#4302,#4303);
#4301 = CARTESIAN_POINT('',(135.,186.,69.));
#4302 = DIRECTION('',(0.,1.,0.));
#4303 = DIRECTION('',(0.,0.,1.));
#4304 = ADVANCED_FACE('',(#4305),#4317,.F.);
#4305 = FACE_BOUND('',#4306,.F.);
#4306 = EDGE_LOOP('',(#4307,#4313,#4314,#4315,#4316));
#4307 = ORIENTED_EDGE('',*,*,#4308,.T.);
#4308 = EDGE_CURVE('',#4038,#4128,#4309,.T.);
#4309 = LINE('',#4310,#4311);
#4310 = CARTESIAN_POINT('',(90.,186.,123.));
#4311 = VECTOR('',#4312,1.);
#4312 = DIRECTION('',(0.,1.,0.));
#4313 = ORIENTED_EDGE('',*,*,#4127,.F.);
#4314 = ORIENTED_EDGE('',*,*,#4308,.F.);
#4315 = ORIENTED_EDGE('',*,*,#4037,.T.);
#4316 = ORIENTED_EDGE('',*,*,#4048,.T.);
#4317 = CYLINDRICAL_SURFACE('',#4318,18.);
#4318 = AXIS2_PLACEMENT_3D('',#4319,#4320,#4321);
#4319 = CARTESIAN_POINT('',(90.,186.,105.));
#4320 = DIRECTION('',(0.,1.,0.));
#4321 = DIRECTION('',(0.,0.,1.));
#4322 = ADVANCED_FACE('',(#4323),#4351,.F.);
#4323 = FACE_BOUND('',#4324,.F.);
#4324 = EDGE_LOOP('',(#4325,#4336,#4342,#4343,#4344));
#4325 = ORIENTED_EDGE('',*,*,#4326,.T.);
#4326 = EDGE_CURVE('',#4327,#4329,#4331,.T.);
#4327 = VERTEX_POINT('',#4328);
#4328 = CARTESIAN_POINT('',(135.,196.5,138.9));
#4329 = VERTEX_POINT('',#4330);
#4330 = CARTESIAN_POINT('',(135.,196.5,143.1));
#4331 = CIRCLE('',#4332,2.1);
#4332 = AXIS2_PLACEMENT_3D('',#4333,#4334,#4335);
#4333 = CARTESIAN_POINT('',(135.,196.5,141.));
#4334 = DIRECTION('',(0.,-1.,0.));
#4335 = DIRECTION('',(0.,0.,-1.));
#4336 = ORIENTED_EDGE('',*,*,#4337,.F.);
#4337 = EDGE_CURVE('',#4058,#4329,#4338,.T.);
#4338 = LINE('',#4339,#4340);
#4339 = CARTESIAN_POINT('',(135.,186.,143.1));
#4340 = VECTOR('',#4341,1.);
#4341 = DIRECTION('',(0.,1.,0.));
#4342 = ORIENTED_EDGE('',*,*,#4057,.T.);
#4343 = ORIENTED_EDGE('',*,*,#4337,.T.);
#4344 = ORIENTED_EDGE('',*,*,#4345,.T.);
#4345 = EDGE_CURVE('',#4329,#4327,#4346,.T.);
#4346 = CIRCLE('',#4347,2.1);
#4347 = AXIS2_PLACEMENT_3D('',#4348,#4349,#4350);
#4348 = CARTESIAN_POINT('',(135.,196.5,141.));
#4349 = DIRECTION('',(0.,-1.,0.));
#4350 = DIRECTION('',(0.,0.,-1.));
#4351 = CYLINDRICAL_SURFACE('',#4352,2.1);
#4352 = AXIS2_PLACEMENT_3D('',#4353,#4354,#4355);
#4353 = CARTESIAN_POINT('',(135.,186.,141.));
#4354 = DIRECTION('',(0.,1.,0.));
#4355 = DIRECTION('',(0.,0.,1.));
#4356 = ADVANCED_FACE('',(#4357),#4369,.F.);
#4357 = FACE_BOUND('',#4358,.F.);
#4358 = EDGE_LOOP('',(#4359,#4365,#4366,#4367,#4368));
#4359 = ORIENTED_EDGE('',*,*,#4360,.T.);
#4360 = EDGE_CURVE('',#4117,#4207,#4361,.T.);
#4361 = LINE('',#4362,#4363);
#4362 = CARTESIAN_POINT('',(45.,199.,64.75));
#4363 = VECTOR('',#4364,1.);
#4364 = DIRECTION('',(1.597035606977E-16,-0.758185196312,0.652039268828)
  );
#4365 = ORIENTED_EDGE('',*,*,#4225,.F.);
#4366 = ORIENTED_EDGE('',*,*,#4206,.F.);
#4367 = ORIENTED_EDGE('',*,*,#4360,.F.);
#4368 = ORIENTED_EDGE('',*,*,#4116,.T.);
#4369 = CONICAL_SURFACE('',#4370,4.25,0.710271007487);
#4370 = AXIS2_PLACEMENT_3D('',#4371,#4372,#4373);
#4371 = CARTESIAN_POINT('',(45.,199.,69.));
#4372 = DIRECTION('',(0.,1.,0.));
#4373 = DIRECTION('',(0.,0.,-1.));
#4374 = ADVANCED_FACE('',(#4375),#4387,.F.);
#4375 = FACE_BOUND('',#4376,.F.);
#4376 = EDGE_LOOP('',(#4377,#4383,#4384,#4385,#4386));
#4377 = ORIENTED_EDGE('',*,*,#4378,.T.);
#4378 = EDGE_CURVE('',#4139,#4241,#4379,.T.);
#4379 = LINE('',#4380,#4381);
#4380 = CARTESIAN_POINT('',(45.,199.,136.75));
#4381 = VECTOR('',#4382,1.);
#4382 = DIRECTION('',(1.597035606977E-16,-0.758185196312,0.652039268828)
  );
#4383 = ORIENTED_EDGE('',*,*,#4259,.F.);
#4384 = ORIENTED_EDGE('',*,*,#4240,.F.);
#4385 = ORIENTED_EDGE('',*,*,#4378,.F.);
#4386 = ORIENTED_EDGE('',*,*,#4138,.T.);
#4387 = CONICAL_SURFACE('',#4388,4.25,0.710271007487);
#4388 = AXIS2_PLACEMENT_3D('',#4389,#4390,#4391);
#4389 = CARTESIAN_POINT('',(45.,199.,141.));
#4390 = DIRECTION('',(0.,1.,0.));
#4391 = DIRECTION('',(0.,0.,-1.));
#4392 = ADVANCED_FACE('',(#4393),#4405,.F.);
#4393 = FACE_BOUND('',#4394,.F.);
#4394 = EDGE_LOOP('',(#4395,#4401,#4402,#4403,#4404));
#4395 = ORIENTED_EDGE('',*,*,#4396,.T.);
#4396 = EDGE_CURVE('',#4150,#4275,#4397,.T.);
#4397 = LINE('',#4398,#4399);
#4398 = CARTESIAN_POINT('',(135.,199.,64.75));
#4399 = VECTOR('',#4400,1.);
#4400 = DIRECTION('',(1.597035606977E-16,-0.758185196312,0.652039268828)
  );
#4401 = ORIENTED_EDGE('',*,*,#4293,.F.);
#4402 = ORIENTED_EDGE('',*,*,#4274,.F.);
#4403 = ORIENTED_EDGE('',*,*,#4396,.F.);
#4404 = ORIENTED_EDGE('',*,*,#4149,.T.);
#4405 = CONICAL_SURFACE('',#4406,4.25,0.710271007487);
#4406 = AXIS2_PLACEMENT_3D('',#4407,#4408,#4409);
#4407 = CARTESIAN_POINT('',(135.,199.,69.));
#4408 = DIRECTION('',(0.,1.,0.));
#4409 = DIRECTION('',(0.,0.,-1.));
#4410 = ADVANCED_FACE('',(#4411),#4423,.F.);
#4411 = FACE_BOUND('',#4412,.F.);
#4412 = EDGE_LOOP('',(#4413,#4419,#4420,#4421,#4422));
#4413 = ORIENTED_EDGE('',*,*,#4414,.T.);
#4414 = EDGE_CURVE('',#4161,#4327,#4415,.T.);
#4415 = LINE('',#4416,#4417);
#4416 = CARTESIAN_POINT('',(135.,199.,136.75));
#4417 = VECTOR('',#4418,1.);
#4418 = DIRECTION('',(1.597035606977E-16,-0.758185196312,0.652039268828)
  );
#4419 = ORIENTED_EDGE('',*,*,#4345,.F.);
#4420 = ORIENTED_EDGE('',*,*,#4326,.F.);
#4421 = ORIENTED_EDGE('',*,*,#4414,.F.);
#4422 = ORIENTED_EDGE('',*,*,#4160,.T.);
#4423 = CONICAL_SURFACE('',#4424,4.25,0.710271007487);
#4424 = AXIS2_PLACEMENT_3D('',#4425,#4426,#4427);
#4425 = CARTESIAN_POINT('',(135.,199.,141.));
#4426 = DIRECTION('',(0.,1.,0.));
#4427 = DIRECTION('',(0.,0.,-1.));
#4428 = MANIFOLD_SOLID_BREP('',#4429);
#4429 = CLOSED_SHELL('',(#4430,#4472,#4493,#4513));
#4430 = ADVANCED_FACE('',(#4431),#4467,.T.);
#4431 = FACE_BOUND('',#4432,.T.);
#4432 = EDGE_LOOP('',(#4433,#4443,#4450,#4451,#4460));
#4433 = ORIENTED_EDGE('',*,*,#4434,.T.);
#4434 = EDGE_CURVE('',#4435,#4437,#4439,.T.);
#4435 = VERTEX_POINT('',#4436);
#4436 = CARTESIAN_POINT('',(90.,187.,87.));
#4437 = VERTEX_POINT('',#4438);
#4438 = CARTESIAN_POINT('',(90.,107.,87.));
#4439 = LINE('',#4440,#4441);
#4440 = CARTESIAN_POINT('',(90.,187.,87.));
#4441 = VECTOR('',#4442,1.);
#4442 = DIRECTION('',(0.,-1.,0.));
#4443 = ORIENTED_EDGE('',*,*,#4444,.F.);
#4444 = EDGE_CURVE('',#4437,#4437,#4445,.T.);
#4445 = CIRCLE('',#4446,18.);
#4446 = AXIS2_PLACEMENT_3D('',#4447,#4448,#4449);
#4447 = CARTESIAN_POINT('',(90.,107.,105.));
#4448 = DIRECTION('',(0.,-1.,0.));
#4449 = DIRECTION('',(0.,0.,-1.));
#4450 = ORIENTED_EDGE('',*,*,#4434,.F.);
#4451 = ORIENTED_EDGE('',*,*,#4452,.F.);
#4452 = EDGE_CURVE('',#4453,#4435,#4455,.T.);
#4453 = VERTEX_POINT('',#4454);
#4454 = CARTESIAN_POINT('',(90.,187.,123.));
#4455 = CIRCLE('',#4456,18.);
#4456 = AXIS2_PLACEMENT_3D('',#4457,#4458,#4459);
#4457 = CARTESIAN_POINT('',(90.,187.,105.));
#4458 = DIRECTION('',(0.,1.,0.));
#4459 = DIRECTION('',(0.,0.,1.));
#4460 = ORIENTED_EDGE('',*,*,#4461,.F.);
#4461 = EDGE_CURVE('',#4435,#4453,#4462,.T.);
#4462 = CIRCLE('',#4463,18.);
#4463 = AXIS2_PLACEMENT_3D('',#4464,#4465,#4466);
#4464 = CARTESIAN_POINT('',(90.,187.,105.));
#4465 = DIRECTION('',(0.,1.,0.));
#4466 = DIRECTION('',(0.,0.,1.));
#4467 = CYLINDRICAL_SURFACE('',#4468,18.);
#4468 = AXIS2_PLACEMENT_3D('',#4469,#4470,#4471);
#4469 = CARTESIAN_POINT('',(90.,187.,105.));
#4470 = DIRECTION('',(0.,-1.,0.));
#4471 = DIRECTION('',(0.,0.,-1.));
#4472 = ADVANCED_FACE('',(#4473,#4477),#4488,.F.);
#4473 = FACE_BOUND('',#4474,.F.);
#4474 = EDGE_LOOP('',(#4475,#4476));
#4475 = ORIENTED_EDGE('',*,*,#4452,.F.);
#4476 = ORIENTED_EDGE('',*,*,#4461,.F.);
#4477 = FACE_BOUND('',#4478,.F.);
#4478 = EDGE_LOOP('',(#4479));
#4479 = ORIENTED_EDGE('',*,*,#4480,.F.);
#4480 = EDGE_CURVE('',#4481,#4481,#4483,.T.);
#4481 = VERTEX_POINT('',#4482);
#4482 = CARTESIAN_POINT('',(90.,187.,90.));
#4483 = CIRCLE('',#4484,15.);
#4484 = AXIS2_PLACEMENT_3D('',#4485,#4486,#4487);
#4485 = CARTESIAN_POINT('',(90.,187.,105.));
#4486 = DIRECTION('',(0.,-1.,0.));
#4487 = DIRECTION('',(0.,0.,-1.));
#4488 = PLANE('',#4489);
#4489 = AXIS2_PLACEMENT_3D('',#4490,#4491,#4492);
#4490 = CARTESIAN_POINT('',(90.,187.,105.));
#4491 = DIRECTION('',(0.,-1.,0.));
#4492 = DIRECTION('',(0.,0.,-1.));
#4493 = ADVANCED_FACE('',(#4494,#4497),#4508,.T.);
#4494 = FACE_BOUND('',#4495,.T.);
#4495 = EDGE_LOOP('',(#4496));
#4496 = ORIENTED_EDGE('',*,*,#4444,.T.);
#4497 = FACE_BOUND('',#4498,.T.);
#4498 = EDGE_LOOP('',(#4499));
#4499 = ORIENTED_EDGE('',*,*,#4500,.F.);
#4500 = EDGE_CURVE('',#4501,#4501,#4503,.T.);
#4501 = VERTEX_POINT('',#4502);
#4502 = CARTESIAN_POINT('',(90.,107.,90.));
#4503 = CIRCLE('',#4504,15.);
#4504 = AXIS2_PLACEMENT_3D('',#4505,#4506,#4507);
#4505 = CARTESIAN_POINT('',(90.,107.,105.));
#4506 = DIRECTION('',(0.,-1.,0.));
#4507 = DIRECTION('',(0.,0.,-1.));
#4508 = PLANE('',#4509);
#4509 = AXIS2_PLACEMENT_3D('',#4510,#4511,#4512);
#4510 = CARTESIAN_POINT('',(90.,107.,105.));
#4511 = DIRECTION('',(0.,-1.,0.));
#4512 = DIRECTION('',(0.,0.,-1.));
#4513 = ADVANCED_FACE('',(#4514),#4525,.F.);
#4514 = FACE_BOUND('',#4515,.F.);
#4515 = EDGE_LOOP('',(#4516,#4517,#4523,#4524));
#4516 = ORIENTED_EDGE('',*,*,#4500,.F.);
#4517 = ORIENTED_EDGE('',*,*,#4518,.F.);
#4518 = EDGE_CURVE('',#4481,#4501,#4519,.T.);
#4519 = LINE('',#4520,#4521);
#4520 = CARTESIAN_POINT('',(90.,189.,90.));
#4521 = VECTOR('',#4522,1.);
#4522 = DIRECTION('',(0.,-1.,0.));
#4523 = ORIENTED_EDGE('',*,*,#4480,.T.);
#4524 = ORIENTED_EDGE('',*,*,#4518,.T.);
#4525 = CYLINDRICAL_SURFACE('',#4526,15.);
#4526 = AXIS2_PLACEMENT_3D('',#4527,#4528,#4529);
#4527 = CARTESIAN_POINT('',(90.,189.,105.));
#4528 = DIRECTION('',(0.,-1.,0.));
#4529 = DIRECTION('',(0.,0.,-1.));
#4530 = MANIFOLD_SOLID_BREP('',#4531);
#4531 = CLOSED_SHELL('',(#4532,#4572,#4605,#4638,#4766,#4894,#4911,#4928
    ,#4945,#4962,#4974,#4999,#5024,#5049,#5074,#5099,#5124,#5149,#5166,
    #5183,#6000,#6017,#6034,#6051,#6068,#6124,#6141,#6158,#6175));
#4532 = ADVANCED_FACE('',(#4533),#4567,.F.);
#4533 = FACE_BOUND('',#4534,.F.);
#4534 = EDGE_LOOP('',(#4535,#4545,#4553,#4561));
#4535 = ORIENTED_EDGE('',*,*,#4536,.T.);
#4536 = EDGE_CURVE('',#4537,#4539,#4541,.T.);
#4537 = VERTEX_POINT('',#4538);
#4538 = CARTESIAN_POINT('',(12.5,175.,4.));
#4539 = VERTEX_POINT('',#4540);
#4540 = CARTESIAN_POINT('',(12.5,175.,16.));
#4541 = LINE('',#4542,#4543);
#4542 = CARTESIAN_POINT('',(12.5,175.,4.));
#4543 = VECTOR('',#4544,1.);
#4544 = DIRECTION('',(0.,0.,1.));
#4545 = ORIENTED_EDGE('',*,*,#4546,.T.);
#4546 = EDGE_CURVE('',#4539,#4547,#4549,.T.);
#4547 = VERTEX_POINT('',#4548);
#4548 = CARTESIAN_POINT('',(167.5,175.,16.));
#4549 = LINE('',#4550,#4551);
#4550 = CARTESIAN_POINT('',(12.5,175.,16.));
#4551 = VECTOR('',#4552,1.);
#4552 = DIRECTION('',(1.,0.,0.));
#4553 = ORIENTED_EDGE('',*,*,#4554,.F.);
#4554 = EDGE_CURVE('',#4555,#4547,#4557,.T.);
#4555 = VERTEX_POINT('',#4556);
#4556 = CARTESIAN_POINT('',(167.5,175.,4.));
#4557 = LINE('',#4558,#4559);
#4558 = CARTESIAN_POINT('',(167.5,175.,4.));
#4559 = VECTOR('',#4560,1.);
#4560 = DIRECTION('',(0.,0.,1.));
#4561 = ORIENTED_EDGE('',*,*,#4562,.F.);
#4562 = EDGE_CURVE('',#4537,#4555,#4563,.T.);
#4563 = LINE('',#4564,#4565);
#4564 = CARTESIAN_POINT('',(12.5,175.,4.));
#4565 = VECTOR('',#4566,1.);
#4566 = DIRECTION('',(1.,0.,0.));
#4567 = PLANE('',#4568);
#4568 = AXIS2_PLACEMENT_3D('',#4569,#4570,#4571);
#4569 = CARTESIAN_POINT('',(12.5,175.,4.));
#4570 = DIRECTION('',(0.,1.,0.));
#4571 = DIRECTION('',(1.,0.,0.));
#4572 = ADVANCED_FACE('',(#4573),#4600,.T.);
#4573 = FACE_BOUND('',#4574,.F.);
#4574 = EDGE_LOOP('',(#4575,#4585,#4592,#4593));
#4575 = ORIENTED_EDGE('',*,*,#4576,.T.);
#4576 = EDGE_CURVE('',#4577,#4579,#4581,.T.);
#4577 = VERTEX_POINT('',#4578);
#4578 = CARTESIAN_POINT('',(12.,175.5,4.));
#4579 = VERTEX_POINT('',#4580);
#4580 = CARTESIAN_POINT('',(12.,175.5,16.));
#4581 = LINE('',#4582,#4583);
#4582 = CARTESIAN_POINT('',(12.,175.5,4.));
#4583 = VECTOR('',#4584,1.);
#4584 = DIRECTION('',(0.,0.,1.));
#4585 = ORIENTED_EDGE('',*,*,#4586,.T.);
#4586 = EDGE_CURVE('',#4579,#4539,#4587,.T.);
#4587 = CIRCLE('',#4588,0.5);
#4588 = AXIS2_PLACEMENT_3D('',#4589,#4590,#4591);
#4589 = CARTESIAN_POINT('',(12.5,175.5,16.));
#4590 = DIRECTION('',(0.,0.,1.));
#4591 = DIRECTION('',(-1.,1.42108547152E-14,0.));
#4592 = ORIENTED_EDGE('',*,*,#4536,.F.);
#4593 = ORIENTED_EDGE('',*,*,#4594,.F.);
#4594 = EDGE_CURVE('',#4577,#4537,#4595,.T.);
#4595 = CIRCLE('',#4596,0.5);
#4596 = AXIS2_PLACEMENT_3D('',#4597,#4598,#4599);
#4597 = CARTESIAN_POINT('',(12.5,175.5,4.));
#4598 = DIRECTION('',(0.,0.,1.));
#4599 = DIRECTION('',(-1.,1.42108547152E-14,0.));
#4600 = CYLINDRICAL_SURFACE('',#4601,0.5);
#4601 = AXIS2_PLACEMENT_3D('',#4602,#4603,#4604);
#4602 = CARTESIAN_POINT('',(12.5,175.5,4.));
#4603 = DIRECTION('',(-0.,-0.,-1.));
#4604 = DIRECTION('',(-1.,1.42108547152E-14,0.));
#4605 = ADVANCED_FACE('',(#4606),#4633,.T.);
#4606 = FACE_BOUND('',#4607,.F.);
#4607 = EDGE_LOOP('',(#4608,#4609,#4618,#4626));
#4608 = ORIENTED_EDGE('',*,*,#4554,.T.);
#4609 = ORIENTED_EDGE('',*,*,#4610,.T.);
#4610 = EDGE_CURVE('',#4547,#4611,#4613,.T.);
#4611 = VERTEX_POINT('',#4612);
#4612 = CARTESIAN_POINT('',(168.,175.5,16.));
#4613 = CIRCLE('',#4614,0.5);
#4614 = AXIS2_PLACEMENT_3D('',#4615,#4616,#4617);
#4615 = CARTESIAN_POINT('',(167.5,175.5,16.));
#4616 = DIRECTION('',(0.,0.,1.));
#4617 = DIRECTION('',(-2.84217094304E-14,-1.,0.));
#4618 = ORIENTED_EDGE('',*,*,#4619,.F.);
#4619 = EDGE_CURVE('',#4620,#4611,#4622,.T.);
#4620 = VERTEX_POINT('',#4621);
#4621 = CARTESIAN_POINT('',(168.,175.5,4.));
#4622 = LINE('',#4623,#4624);
#4623 = CARTESIAN_POINT('',(168.,175.5,4.));
#4624 = VECTOR('',#4625,1.);
#4625 = DIRECTION('',(0.,0.,1.));
#4626 = ORIENTED_EDGE('',*,*,#4627,.F.);
#4627 = EDGE_CURVE('',#4555,#4620,#4628,.T.);
#4628 = CIRCLE('',#4629,0.5);
#4629 = AXIS2_PLACEMENT_3D('',#4630,#4631,#4632);
#4630 = CARTESIAN_POINT('',(167.5,175.5,4.));
#4631 = DIRECTION('',(0.,0.,1.));
#4632 = DIRECTION('',(-2.84217094304E-14,-1.,0.));
#4633 = CYLINDRICAL_SURFACE('',#4634,0.5);
#4634 = AXIS2_PLACEMENT_3D('',#4635,#4636,#4637);
#4635 = CARTESIAN_POINT('',(167.5,175.5,4.));
#4636 = DIRECTION('',(-0.,-0.,-1.));
#4637 = DIRECTION('',(-2.84217094304E-14,-1.,0.));
#4638 = ADVANCED_FACE('',(#4639,#4684,#4695,#4706,#4717,#4728,#4739,
    #4750),#4761,.F.);
#4639 = FACE_BOUND('',#4640,.F.);
#4640 = EDGE_LOOP('',(#4641,#4642,#4643,#4651,#4660,#4668,#4677,#4683));
#4641 = ORIENTED_EDGE('',*,*,#4562,.T.);
#4642 = ORIENTED_EDGE('',*,*,#4627,.T.);
#4643 = ORIENTED_EDGE('',*,*,#4644,.T.);
#4644 = EDGE_CURVE('',#4620,#4645,#4647,.T.);
#4645 = VERTEX_POINT('',#4646);
#4646 = CARTESIAN_POINT('',(168.,281.,4.));
#4647 = LINE('',#4648,#4649);
#4648 = CARTESIAN_POINT('',(168.,175.5,4.));
#4649 = VECTOR('',#4650,1.);
#4650 = DIRECTION('',(0.,1.,0.));
#4651 = ORIENTED_EDGE('',*,*,#4652,.T.);
#4652 = EDGE_CURVE('',#4645,#4653,#4655,.T.);
#4653 = VERTEX_POINT('',#4654);
#4654 = CARTESIAN_POINT('',(164.,285.,4.));
#4655 = CIRCLE('',#4656,4.);
#4656 = AXIS2_PLACEMENT_3D('',#4657,#4658,#4659);
#4657 = CARTESIAN_POINT('',(164.,281.,4.));
#4658 = DIRECTION('',(0.,-0.,1.));
#4659 = DIRECTION('',(1.,1.7763568394E-15,0.));
#4660 = ORIENTED_EDGE('',*,*,#4661,.T.);
#4661 = EDGE_CURVE('',#4653,#4662,#4664,.T.);
#4662 = VERTEX_POINT('',#4663);
#4663 = CARTESIAN_POINT('',(16.,285.,4.));
#4664 = LINE('',#4665,#4666);
#4665 = CARTESIAN_POINT('',(164.,285.,4.));
#4666 = VECTOR('',#4667,1.);
#4667 = DIRECTION('',(-1.,0.,0.));
#4668 = ORIENTED_EDGE('',*,*,#4669,.T.);
#4669 = EDGE_CURVE('',#4662,#4670,#4672,.T.);
#4670 = VERTEX_POINT('',#4671);
#4671 = CARTESIAN_POINT('',(12.,281.,4.));
#4672 = CIRCLE('',#4673,4.);
#4673 = AXIS2_PLACEMENT_3D('',#4674,#4675,#4676);
#4674 = CARTESIAN_POINT('',(16.,281.,4.));
#4675 = DIRECTION('',(0.,0.,1.));
#4676 = DIRECTION('',(-3.5527136788E-15,1.,0.));
#4677 = ORIENTED_EDGE('',*,*,#4678,.T.);
#4678 = EDGE_CURVE('',#4670,#4577,#4679,.T.);
#4679 = LINE('',#4680,#4681);
#4680 = CARTESIAN_POINT('',(12.,281.,4.));
#4681 = VECTOR('',#4682,1.);
#4682 = DIRECTION('',(0.,-1.,0.));
#4683 = ORIENTED_EDGE('',*,*,#4594,.T.);
#4684 = FACE_BOUND('',#4685,.F.);
#4685 = EDGE_LOOP('',(#4686));
#4686 = ORIENTED_EDGE('',*,*,#4687,.F.);
#4687 = EDGE_CURVE('',#4688,#4688,#4690,.T.);
#4688 = VERTEX_POINT('',#4689);
#4689 = CARTESIAN_POINT('',(25.25,191.,4.));
#4690 = CIRCLE('',#4691,4.25);
#4691 = AXIS2_PLACEMENT_3D('',#4692,#4693,#4694);
#4692 = CARTESIAN_POINT('',(21.,191.,4.));
#4693 = DIRECTION('',(0.,0.,1.));
#4694 = DIRECTION('',(1.,0.,0.));
#4695 = FACE_BOUND('',#4696,.F.);
#4696 = EDGE_LOOP('',(#4697));
#4697 = ORIENTED_EDGE('',*,*,#4698,.F.);
#4698 = EDGE_CURVE('',#4699,#4699,#4701,.T.);
#4699 = VERTEX_POINT('',#4700);
#4700 = CARTESIAN_POINT('',(163.25,191.,4.));
#4701 = CIRCLE('',#4702,4.25);
#4702 = AXIS2_PLACEMENT_3D('',#4703,#4704,#4705);
#4703 = CARTESIAN_POINT('',(159.,191.,4.));
#4704 = DIRECTION('',(0.,0.,1.));
#4705 = DIRECTION('',(1.,0.,0.));
#4706 = FACE_BOUND('',#4707,.F.);
#4707 = EDGE_LOOP('',(#4708));
#4708 = ORIENTED_EDGE('',*,*,#4709,.F.);
#4709 = EDGE_CURVE('',#4710,#4710,#4712,.T.);
#4710 = VERTEX_POINT('',#4711);
#4711 = CARTESIAN_POINT('',(138.,230.,4.));
#4712 = CIRCLE('',#4713,48.);
#4713 = AXIS2_PLACEMENT_3D('',#4714,#4715,#4716);
#4714 = CARTESIAN_POINT('',(90.,230.,4.));
#4715 = DIRECTION('',(0.,0.,1.));
#4716 = DIRECTION('',(1.,0.,0.));
#4717 = FACE_BOUND('',#4718,.F.);
#4718 = EDGE_LOOP('',(#4719));
#4719 = ORIENTED_EDGE('',*,*,#4720,.F.);
#4720 = EDGE_CURVE('',#4721,#4721,#4723,.T.);
#4721 = VERTEX_POINT('',#4722);
#4722 = CARTESIAN_POINT('',(25.25,233.,4.));
#4723 = CIRCLE('',#4724,4.25);
#4724 = AXIS2_PLACEMENT_3D('',#4725,#4726,#4727);
#4725 = CARTESIAN_POINT('',(21.,233.,4.));
#4726 = DIRECTION('',(0.,0.,1.));
#4727 = DIRECTION('',(1.,0.,0.));
#4728 = FACE_BOUND('',#4729,.F.);
#4729 = EDGE_LOOP('',(#4730));
#4730 = ORIENTED_EDGE('',*,*,#4731,.F.);
#4731 = EDGE_CURVE('',#4732,#4732,#4734,.T.);
#4732 = VERTEX_POINT('',#4733);
#4733 = CARTESIAN_POINT('',(25.25,275.,4.));
#4734 = CIRCLE('',#4735,4.25);
#4735 = AXIS2_PLACEMENT_3D('',#4736,#4737,#4738);
#4736 = CARTESIAN_POINT('',(21.,275.,4.));
#4737 = DIRECTION('',(0.,0.,1.));
#4738 = DIRECTION('',(1.,0.,0.));
#4739 = FACE_BOUND('',#4740,.F.);
#4740 = EDGE_LOOP('',(#4741));
#4741 = ORIENTED_EDGE('',*,*,#4742,.F.);
#4742 = EDGE_CURVE('',#4743,#4743,#4745,.T.);
#4743 = VERTEX_POINT('',#4744);
#4744 = CARTESIAN_POINT('',(163.25,233.,4.));
#4745 = CIRCLE('',#4746,4.25);
#4746 = AXIS2_PLACEMENT_3D('',#4747,#4748,#4749);
#4747 = CARTESIAN_POINT('',(159.,233.,4.));
#4748 = DIRECTION('',(0.,0.,1.));
#4749 = DIRECTION('',(1.,0.,0.));
#4750 = FACE_BOUND('',#4751,.F.);
#4751 = EDGE_LOOP('',(#4752));
#4752 = ORIENTED_EDGE('',*,*,#4753,.F.);
#4753 = EDGE_CURVE('',#4754,#4754,#4756,.T.);
#4754 = VERTEX_POINT('',#4755);
#4755 = CARTESIAN_POINT('',(163.25,275.,4.));
#4756 = CIRCLE('',#4757,4.25);
#4757 = AXIS2_PLACEMENT_3D('',#4758,#4759,#4760);
#4758 = CARTESIAN_POINT('',(159.,275.,4.));
#4759 = DIRECTION('',(0.,0.,1.));
#4760 = DIRECTION('',(1.,0.,0.));
#4761 = PLANE('',#4762);
#4762 = AXIS2_PLACEMENT_3D('',#4763,#4764,#4765);
#4763 = CARTESIAN_POINT('',(90.,229.66879542602,4.));
#4764 = DIRECTION('',(0.,0.,1.));
#4765 = DIRECTION('',(1.,0.,0.));
#4766 = ADVANCED_FACE('',(#4767,#4812,#4823,#4834,#4845,#4856,#4867,
    #4878),#4889,.T.);
#4767 = FACE_BOUND('',#4768,.T.);
#4768 = EDGE_LOOP('',(#4769,#4770,#4771,#4779,#4788,#4796,#4805,#4811));
#4769 = ORIENTED_EDGE('',*,*,#4546,.T.);
#4770 = ORIENTED_EDGE('',*,*,#4610,.T.);
#4771 = ORIENTED_EDGE('',*,*,#4772,.T.);
#4772 = EDGE_CURVE('',#4611,#4773,#4775,.T.);
#4773 = VERTEX_POINT('',#4774);
#4774 = CARTESIAN_POINT('',(168.,281.,16.));
#4775 = LINE('',#4776,#4777);
#4776 = CARTESIAN_POINT('',(168.,175.5,16.));
#4777 = VECTOR('',#4778,1.);
#4778 = DIRECTION('',(0.,1.,0.));
#4779 = ORIENTED_EDGE('',*,*,#4780,.T.);
#4780 = EDGE_CURVE('',#4773,#4781,#4783,.T.);
#4781 = VERTEX_POINT('',#4782);
#4782 = CARTESIAN_POINT('',(164.,285.,16.));
#4783 = CIRCLE('',#4784,4.);
#4784 = AXIS2_PLACEMENT_3D('',#4785,#4786,#4787);
#4785 = CARTESIAN_POINT('',(164.,281.,16.));
#4786 = DIRECTION('',(0.,-0.,1.));
#4787 = DIRECTION('',(1.,1.7763568394E-15,0.));
#4788 = ORIENTED_EDGE('',*,*,#4789,.T.);
#4789 = EDGE_CURVE('',#4781,#4790,#4792,.T.);
#4790 = VERTEX_POINT('',#4791);
#4791 = CARTESIAN_POINT('',(16.,285.,16.));
#4792 = LINE('',#4793,#4794);
#4793 = CARTESIAN_POINT('',(164.,285.,16.));
#4794 = VECTOR('',#4795,1.);
#4795 = DIRECTION('',(-1.,0.,0.));
#4796 = ORIENTED_EDGE('',*,*,#4797,.T.);
#4797 = EDGE_CURVE('',#4790,#4798,#4800,.T.);
#4798 = VERTEX_POINT('',#4799);
#4799 = CARTESIAN_POINT('',(12.,281.,16.));
#4800 = CIRCLE('',#4801,4.);
#4801 = AXIS2_PLACEMENT_3D('',#4802,#4803,#4804);
#4802 = CARTESIAN_POINT('',(16.,281.,16.));
#4803 = DIRECTION('',(0.,0.,1.));
#4804 = DIRECTION('',(-3.5527136788E-15,1.,0.));
#4805 = ORIENTED_EDGE('',*,*,#4806,.T.);
#4806 = EDGE_CURVE('',#4798,#4579,#4807,.T.);
#4807 = LINE('',#4808,#4809);
#4808 = CARTESIAN_POINT('',(12.,281.,16.));
#4809 = VECTOR('',#4810,1.);
#4810 = DIRECTION('',(0.,-1.,0.));
#4811 = ORIENTED_EDGE('',*,*,#4586,.T.);
#4812 = FACE_BOUND('',#4813,.T.);
#4813 = EDGE_LOOP('',(#4814));
#4814 = ORIENTED_EDGE('',*,*,#4815,.F.);
#4815 = EDGE_CURVE('',#4816,#4816,#4818,.T.);
#4816 = VERTEX_POINT('',#4817);
#4817 = CARTESIAN_POINT('',(23.1,191.,16.));
#4818 = CIRCLE('',#4819,2.1);
#4819 = AXIS2_PLACEMENT_3D('',#4820,#4821,#4822);
#4820 = CARTESIAN_POINT('',(21.,191.,16.));
#4821 = DIRECTION('',(0.,0.,1.));
#4822 = DIRECTION('',(1.,0.,0.));
#4823 = FACE_BOUND('',#4824,.T.);
#4824 = EDGE_LOOP('',(#4825));
#4825 = ORIENTED_EDGE('',*,*,#4826,.F.);
#4826 = EDGE_CURVE('',#4827,#4827,#4829,.T.);
#4827 = VERTEX_POINT('',#4828);
#4828 = CARTESIAN_POINT('',(161.1,191.,16.));
#4829 = CIRCLE('',#4830,2.1);
#4830 = AXIS2_PLACEMENT_3D('',#4831,#4832,#4833);
#4831 = CARTESIAN_POINT('',(159.,191.,16.));
#4832 = DIRECTION('',(0.,0.,1.));
#4833 = DIRECTION('',(1.,0.,0.));
#4834 = FACE_BOUND('',#4835,.T.);
#4835 = EDGE_LOOP('',(#4836));
#4836 = ORIENTED_EDGE('',*,*,#4837,.F.);
#4837 = EDGE_CURVE('',#4838,#4838,#4840,.T.);
#4838 = VERTEX_POINT('',#4839);
#4839 = CARTESIAN_POINT('',(137.88372093023,230.,16.));
#4840 = CIRCLE('',#4841,47.883720930233);
#4841 = AXIS2_PLACEMENT_3D('',#4842,#4843,#4844);
#4842 = CARTESIAN_POINT('',(90.,230.,16.));
#4843 = DIRECTION('',(0.,0.,1.));
#4844 = DIRECTION('',(1.,0.,0.));
#4845 = FACE_BOUND('',#4846,.T.);
#4846 = EDGE_LOOP('',(#4847));
#4847 = ORIENTED_EDGE('',*,*,#4848,.F.);
#4848 = EDGE_CURVE('',#4849,#4849,#4851,.T.);
#4849 = VERTEX_POINT('',#4850);
#4850 = CARTESIAN_POINT('',(23.1,233.,16.));
#4851 = CIRCLE('',#4852,2.1);
#4852 = AXIS2_PLACEMENT_3D('',#4853,#4854,#4855);
#4853 = CARTESIAN_POINT('',(21.,233.,16.));
#4854 = DIRECTION('',(0.,0.,1.));
#4855 = DIRECTION('',(1.,0.,0.));
#4856 = FACE_BOUND('',#4857,.T.);
#4857 = EDGE_LOOP('',(#4858));
#4858 = ORIENTED_EDGE('',*,*,#4859,.F.);
#4859 = EDGE_CURVE('',#4860,#4860,#4862,.T.);
#4860 = VERTEX_POINT('',#4861);
#4861 = CARTESIAN_POINT('',(23.1,275.,16.));
#4862 = CIRCLE('',#4863,2.1);
#4863 = AXIS2_PLACEMENT_3D('',#4864,#4865,#4866);
#4864 = CARTESIAN_POINT('',(21.,275.,16.));
#4865 = DIRECTION('',(0.,0.,1.));
#4866 = DIRECTION('',(1.,0.,0.));
#4867 = FACE_BOUND('',#4868,.T.);
#4868 = EDGE_LOOP('',(#4869));
#4869 = ORIENTED_EDGE('',*,*,#4870,.F.);
#4870 = EDGE_CURVE('',#4871,#4871,#4873,.T.);
#4871 = VERTEX_POINT('',#4872);
#4872 = CARTESIAN_POINT('',(161.1,233.,16.));
#4873 = CIRCLE('',#4874,2.1);
#4874 = AXIS2_PLACEMENT_3D('',#4875,#4876,#4877);
#4875 = CARTESIAN_POINT('',(159.,233.,16.));
#4876 = DIRECTION('',(0.,0.,1.));
#4877 = DIRECTION('',(1.,0.,0.));
#4878 = FACE_BOUND('',#4879,.T.);
#4879 = EDGE_LOOP('',(#4880));
#4880 = ORIENTED_EDGE('',*,*,#4881,.F.);
#4881 = EDGE_CURVE('',#4882,#4882,#4884,.T.);
#4882 = VERTEX_POINT('',#4883);
#4883 = CARTESIAN_POINT('',(161.1,275.,16.));
#4884 = CIRCLE('',#4885,2.1);
#4885 = AXIS2_PLACEMENT_3D('',#4886,#4887,#4888);
#4886 = CARTESIAN_POINT('',(159.,275.,16.));
#4887 = DIRECTION('',(0.,0.,1.));
#4888 = DIRECTION('',(1.,0.,0.));
#4889 = PLANE('',#4890);
#4890 = AXIS2_PLACEMENT_3D('',#4891,#4892,#4893);
#4891 = CARTESIAN_POINT('',(90.,229.66879542602,16.));
#4892 = DIRECTION('',(0.,0.,1.));
#4893 = DIRECTION('',(1.,0.,0.));
#4894 = ADVANCED_FACE('',(#4895),#4906,.F.);
#4895 = FACE_BOUND('',#4896,.F.);
#4896 = EDGE_LOOP('',(#4897,#4903,#4904,#4905));
#4897 = ORIENTED_EDGE('',*,*,#4898,.T.);
#4898 = EDGE_CURVE('',#4670,#4798,#4899,.T.);
#4899 = LINE('',#4900,#4901);
#4900 = CARTESIAN_POINT('',(12.,281.,4.));
#4901 = VECTOR('',#4902,1.);
#4902 = DIRECTION('',(0.,0.,1.));
#4903 = ORIENTED_EDGE('',*,*,#4806,.T.);
#4904 = ORIENTED_EDGE('',*,*,#4576,.F.);
#4905 = ORIENTED_EDGE('',*,*,#4678,.F.);
#4906 = PLANE('',#4907);
#4907 = AXIS2_PLACEMENT_3D('',#4908,#4909,#4910);
#4908 = CARTESIAN_POINT('',(12.,281.,4.));
#4909 = DIRECTION('',(1.,0.,0.));
#4910 = DIRECTION('',(0.,-1.,0.));
#4911 = ADVANCED_FACE('',(#4912),#4923,.F.);
#4912 = FACE_BOUND('',#4913,.F.);
#4913 = EDGE_LOOP('',(#4914,#4915,#4916,#4922));
#4914 = ORIENTED_EDGE('',*,*,#4619,.T.);
#4915 = ORIENTED_EDGE('',*,*,#4772,.T.);
#4916 = ORIENTED_EDGE('',*,*,#4917,.F.);
#4917 = EDGE_CURVE('',#4645,#4773,#4918,.T.);
#4918 = LINE('',#4919,#4920);
#4919 = CARTESIAN_POINT('',(168.,281.,4.));
#4920 = VECTOR('',#4921,1.);
#4921 = DIRECTION('',(0.,0.,1.));
#4922 = ORIENTED_EDGE('',*,*,#4644,.F.);
#4923 = PLANE('',#4924);
#4924 = AXIS2_PLACEMENT_3D('',#4925,#4926,#4927);
#4925 = CARTESIAN_POINT('',(168.,175.5,4.));
#4926 = DIRECTION('',(-1.,0.,0.));
#4927 = DIRECTION('',(0.,1.,0.));
#4928 = ADVANCED_FACE('',(#4929),#4940,.T.);
#4929 = FACE_BOUND('',#4930,.F.);
#4930 = EDGE_LOOP('',(#4931,#4937,#4938,#4939));
#4931 = ORIENTED_EDGE('',*,*,#4932,.T.);
#4932 = EDGE_CURVE('',#4662,#4790,#4933,.T.);
#4933 = LINE('',#4934,#4935);
#4934 = CARTESIAN_POINT('',(16.,285.,4.));
#4935 = VECTOR('',#4936,1.);
#4936 = DIRECTION('',(0.,0.,1.));
#4937 = ORIENTED_EDGE('',*,*,#4797,.T.);
#4938 = ORIENTED_EDGE('',*,*,#4898,.F.);
#4939 = ORIENTED_EDGE('',*,*,#4669,.F.);
#4940 = CYLINDRICAL_SURFACE('',#4941,4.);
#4941 = AXIS2_PLACEMENT_3D('',#4942,#4943,#4944);
#4942 = CARTESIAN_POINT('',(16.,281.,4.));
#4943 = DIRECTION('',(-0.,-0.,-1.));
#4944 = DIRECTION('',(-3.5527136788E-15,1.,0.));
#4945 = ADVANCED_FACE('',(#4946),#4957,.T.);
#4946 = FACE_BOUND('',#4947,.F.);
#4947 = EDGE_LOOP('',(#4948,#4949,#4950,#4956));
#4948 = ORIENTED_EDGE('',*,*,#4917,.T.);
#4949 = ORIENTED_EDGE('',*,*,#4780,.T.);
#4950 = ORIENTED_EDGE('',*,*,#4951,.F.);
#4951 = EDGE_CURVE('',#4653,#4781,#4952,.T.);
#4952 = LINE('',#4953,#4954);
#4953 = CARTESIAN_POINT('',(164.,285.,4.));
#4954 = VECTOR('',#4955,1.);
#4955 = DIRECTION('',(0.,0.,1.));
#4956 = ORIENTED_EDGE('',*,*,#4652,.F.);
#4957 = CYLINDRICAL_SURFACE('',#4958,4.);
#4958 = AXIS2_PLACEMENT_3D('',#4959,#4960,#4961);
#4959 = CARTESIAN_POINT('',(164.,281.,4.));
#4960 = DIRECTION('',(-0.,-0.,-1.));
#4961 = DIRECTION('',(1.,1.7763568394E-15,0.));
#4962 = ADVANCED_FACE('',(#4963),#4969,.F.);
#4963 = FACE_BOUND('',#4964,.F.);
#4964 = EDGE_LOOP('',(#4965,#4966,#4967,#4968));
#4965 = ORIENTED_EDGE('',*,*,#4951,.T.);
#4966 = ORIENTED_EDGE('',*,*,#4789,.T.);
#4967 = ORIENTED_EDGE('',*,*,#4932,.F.);
#4968 = ORIENTED_EDGE('',*,*,#4661,.F.);
#4969 = PLANE('',#4970);
#4970 = AXIS2_PLACEMENT_3D('',#4971,#4972,#4973);
#4971 = CARTESIAN_POINT('',(164.,285.,4.));
#4972 = DIRECTION('',(0.,-1.,0.));
#4973 = DIRECTION('',(-1.,0.,0.));
#4974 = ADVANCED_FACE('',(#4975),#4994,.F.);
#4975 = FACE_BOUND('',#4976,.F.);
#4976 = EDGE_LOOP('',(#4977,#4986,#4992,#4993));
#4977 = ORIENTED_EDGE('',*,*,#4978,.F.);
#4978 = EDGE_CURVE('',#4979,#4979,#4981,.T.);
#4979 = VERTEX_POINT('',#4980);
#4980 = CARTESIAN_POINT('',(23.1,191.,6.5));
#4981 = CIRCLE('',#4982,2.1);
#4982 = AXIS2_PLACEMENT_3D('',#4983,#4984,#4985);
#4983 = CARTESIAN_POINT('',(21.,191.,6.5));
#4984 = DIRECTION('',(0.,0.,1.));
#4985 = DIRECTION('',(1.,0.,0.));
#4986 = ORIENTED_EDGE('',*,*,#4987,.F.);
#4987 = EDGE_CURVE('',#4688,#4979,#4988,.T.);
#4988 = LINE('',#4989,#4990);
#4989 = CARTESIAN_POINT('',(25.25,191.,4.));
#4990 = VECTOR('',#4991,1.);
#4991 = DIRECTION('',(-0.652039268828,1.597035606977E-16,0.758185196312)
  );
#4992 = ORIENTED_EDGE('',*,*,#4687,.T.);
#4993 = ORIENTED_EDGE('',*,*,#4987,.T.);
#4994 = CONICAL_SURFACE('',#4995,4.25,0.710271007487);
#4995 = AXIS2_PLACEMENT_3D('',#4996,#4997,#4998);
#4996 = CARTESIAN_POINT('',(21.,191.,4.));
#4997 = DIRECTION('',(-0.,-0.,-1.));
#4998 = DIRECTION('',(1.,0.,0.));
#4999 = ADVANCED_FACE('',(#5000),#5019,.F.);
#5000 = FACE_BOUND('',#5001,.F.);
#5001 = EDGE_LOOP('',(#5002,#5011,#5017,#5018));
#5002 = ORIENTED_EDGE('',*,*,#5003,.F.);
#5003 = EDGE_CURVE('',#5004,#5004,#5006,.T.);
#5004 = VERTEX_POINT('',#5005);
#5005 = CARTESIAN_POINT('',(161.1,191.,6.5));
#5006 = CIRCLE('',#5007,2.1);
#5007 = AXIS2_PLACEMENT_3D('',#5008,#5009,#5010);
#5008 = CARTESIAN_POINT('',(159.,191.,6.5));
#5009 = DIRECTION('',(0.,0.,1.));
#5010 = DIRECTION('',(1.,0.,0.));
#5011 = ORIENTED_EDGE('',*,*,#5012,.F.);
#5012 = EDGE_CURVE('',#4699,#5004,#5013,.T.);
#5013 = LINE('',#5014,#5015);
#5014 = CARTESIAN_POINT('',(163.25,191.,4.));
#5015 = VECTOR('',#5016,1.);
#5016 = DIRECTION('',(-0.652039268828,1.597035606977E-16,0.758185196312)
  );
#5017 = ORIENTED_EDGE('',*,*,#4698,.T.);
#5018 = ORIENTED_EDGE('',*,*,#5012,.T.);
#5019 = CONICAL_SURFACE('',#5020,4.25,0.710271007487);
#5020 = AXIS2_PLACEMENT_3D('',#5021,#5022,#5023);
#5021 = CARTESIAN_POINT('',(159.,191.,4.));
#5022 = DIRECTION('',(-0.,-0.,-1.));
#5023 = DIRECTION('',(1.,0.,0.));
#5024 = ADVANCED_FACE('',(#5025),#5044,.F.);
#5025 = FACE_BOUND('',#5026,.F.);
#5026 = EDGE_LOOP('',(#5027,#5035,#5042,#5043));
#5027 = ORIENTED_EDGE('',*,*,#5028,.T.);
#5028 = EDGE_CURVE('',#4710,#5029,#5031,.T.);
#5029 = VERTEX_POINT('',#5030);
#5030 = CARTESIAN_POINT('',(138.,230.,7.55));
#5031 = LINE('',#5032,#5033);
#5032 = CARTESIAN_POINT('',(138.,230.,3.95));
#5033 = VECTOR('',#5034,1.);
#5034 = DIRECTION('',(0.,0.,1.));
#5035 = ORIENTED_EDGE('',*,*,#5036,.F.);
#5036 = EDGE_CURVE('',#5029,#5029,#5037,.T.);
#5037 = CIRCLE('',#5038,48.);
#5038 = AXIS2_PLACEMENT_3D('',#5039,#5040,#5041);
#5039 = CARTESIAN_POINT('',(90.,230.,7.55));
#5040 = DIRECTION('',(0.,0.,1.));
#5041 = DIRECTION('',(1.,0.,0.));
#5042 = ORIENTED_EDGE('',*,*,#5028,.F.);
#5043 = ORIENTED_EDGE('',*,*,#4709,.T.);
#5044 = CYLINDRICAL_SURFACE('',#5045,48.);
#5045 = AXIS2_PLACEMENT_3D('',#5046,#5047,#5048);
#5046 = CARTESIAN_POINT('',(90.,230.,3.95));
#5047 = DIRECTION('',(0.,0.,1.));
#5048 = DIRECTION('',(1.,0.,0.));
#5049 = ADVANCED_FACE('',(#5050),#5069,.F.);
#5050 = FACE_BOUND('',#5051,.F.);
#5051 = EDGE_LOOP('',(#5052,#5061,#5067,#5068));
#5052 = ORIENTED_EDGE('',*,*,#5053,.F.);
#5053 = EDGE_CURVE('',#5054,#5054,#5056,.T.);
#5054 = VERTEX_POINT('',#5055);
#5055 = CARTESIAN_POINT('',(23.1,233.,6.5));
#5056 = CIRCLE('',#5057,2.1);
#5057 = AXIS2_PLACEMENT_3D('',#5058,#5059,#5060);
#5058 = CARTESIAN_POINT('',(21.,233.,6.5));
#5059 = DIRECTION('',(0.,0.,1.));
#5060 = DIRECTION('',(1.,0.,0.));
#5061 = ORIENTED_EDGE('',*,*,#5062,.F.);
#5062 = EDGE_CURVE('',#4721,#5054,#5063,.T.);
#5063 = LINE('',#5064,#5065);
#5064 = CARTESIAN_POINT('',(25.25,233.,4.));
#5065 = VECTOR('',#5066,1.);
#5066 = DIRECTION('',(-0.652039268828,1.597035606977E-16,0.758185196312)
  );
#5067 = ORIENTED_EDGE('',*,*,#4720,.T.);
#5068 = ORIENTED_EDGE('',*,*,#5062,.T.);
#5069 = CONICAL_SURFACE('',#5070,4.25,0.710271007487);
#5070 = AXIS2_PLACEMENT_3D('',#5071,#5072,#5073);
#5071 = CARTESIAN_POINT('',(21.,233.,4.));
#5072 = DIRECTION('',(-0.,-0.,-1.));
#5073 = DIRECTION('',(1.,0.,0.));
#5074 = ADVANCED_FACE('',(#5075),#5094,.F.);
#5075 = FACE_BOUND('',#5076,.F.);
#5076 = EDGE_LOOP('',(#5077,#5086,#5092,#5093));
#5077 = ORIENTED_EDGE('',*,*,#5078,.F.);
#5078 = EDGE_CURVE('',#5079,#5079,#5081,.T.);
#5079 = VERTEX_POINT('',#5080);
#5080 = CARTESIAN_POINT('',(23.1,275.,6.5));
#5081 = CIRCLE('',#5082,2.1);
#5082 = AXIS2_PLACEMENT_3D('',#5083,#5084,#5085);
#5083 = CARTESIAN_POINT('',(21.,275.,6.5));
#5084 = DIRECTION('',(0.,0.,1.));
#5085 = DIRECTION('',(1.,0.,0.));
#5086 = ORIENTED_EDGE('',*,*,#5087,.F.);
#5087 = EDGE_CURVE('',#4732,#5079,#5088,.T.);
#5088 = LINE('',#5089,#5090);
#5089 = CARTESIAN_POINT('',(25.25,275.,4.));
#5090 = VECTOR('',#5091,1.);
#5091 = DIRECTION('',(-0.652039268828,1.597035606977E-16,0.758185196312)
  );
#5092 = ORIENTED_EDGE('',*,*,#4731,.T.);
#5093 = ORIENTED_EDGE('',*,*,#5087,.T.);
#5094 = CONICAL_SURFACE('',#5095,4.25,0.710271007487);
#5095 = AXIS2_PLACEMENT_3D('',#5096,#5097,#5098);
#5096 = CARTESIAN_POINT('',(21.,275.,4.));
#5097 = DIRECTION('',(-0.,-0.,-1.));
#5098 = DIRECTION('',(1.,0.,0.));
#5099 = ADVANCED_FACE('',(#5100),#5119,.F.);
#5100 = FACE_BOUND('',#5101,.F.);
#5101 = EDGE_LOOP('',(#5102,#5111,#5117,#5118));
#5102 = ORIENTED_EDGE('',*,*,#5103,.F.);
#5103 = EDGE_CURVE('',#5104,#5104,#5106,.T.);
#5104 = VERTEX_POINT('',#5105);
#5105 = CARTESIAN_POINT('',(161.1,233.,6.5));
#5106 = CIRCLE('',#5107,2.1);
#5107 = AXIS2_PLACEMENT_3D('',#5108,#5109,#5110);
#5108 = CARTESIAN_POINT('',(159.,233.,6.5));
#5109 = DIRECTION('',(0.,0.,1.));
#5110 = DIRECTION('',(1.,0.,0.));
#5111 = ORIENTED_EDGE('',*,*,#5112,.F.);
#5112 = EDGE_CURVE('',#4743,#5104,#5113,.T.);
#5113 = LINE('',#5114,#5115);
#5114 = CARTESIAN_POINT('',(163.25,233.,4.));
#5115 = VECTOR('',#5116,1.);
#5116 = DIRECTION('',(-0.652039268828,1.597035606977E-16,0.758185196312)
  );
#5117 = ORIENTED_EDGE('',*,*,#4742,.T.);
#5118 = ORIENTED_EDGE('',*,*,#5112,.T.);
#5119 = CONICAL_SURFACE('',#5120,4.25,0.710271007487);
#5120 = AXIS2_PLACEMENT_3D('',#5121,#5122,#5123);
#5121 = CARTESIAN_POINT('',(159.,233.,4.));
#5122 = DIRECTION('',(-0.,-0.,-1.));
#5123 = DIRECTION('',(1.,0.,0.));
#5124 = ADVANCED_FACE('',(#5125),#5144,.F.);
#5125 = FACE_BOUND('',#5126,.F.);
#5126 = EDGE_LOOP('',(#5127,#5136,#5142,#5143));
#5127 = ORIENTED_EDGE('',*,*,#5128,.F.);
#5128 = EDGE_CURVE('',#5129,#5129,#5131,.T.);
#5129 = VERTEX_POINT('',#5130);
#5130 = CARTESIAN_POINT('',(161.1,275.,6.5));
#5131 = CIRCLE('',#5132,2.1);
#5132 = AXIS2_PLACEMENT_3D('',#5133,#5134,#5135);
#5133 = CARTESIAN_POINT('',(159.,275.,6.5));
#5134 = DIRECTION('',(0.,0.,1.));
#5135 = DIRECTION('',(1.,0.,0.));
#5136 = ORIENTED_EDGE('',*,*,#5137,.F.);
#5137 = EDGE_CURVE('',#4754,#5129,#5138,.T.);
#5138 = LINE('',#5139,#5140);
#5139 = CARTESIAN_POINT('',(163.25,275.,4.));
#5140 = VECTOR('',#5141,1.);
#5141 = DIRECTION('',(-0.652039268828,1.597035606977E-16,0.758185196312)
  );
#5142 = ORIENTED_EDGE('',*,*,#4753,.T.);
#5143 = ORIENTED_EDGE('',*,*,#5137,.T.);
#5144 = CONICAL_SURFACE('',#5145,4.25,0.710271007487);
#5145 = AXIS2_PLACEMENT_3D('',#5146,#5147,#5148);
#5146 = CARTESIAN_POINT('',(159.,275.,4.));
#5147 = DIRECTION('',(-0.,-0.,-1.));
#5148 = DIRECTION('',(1.,0.,0.));
#5149 = ADVANCED_FACE('',(#5150),#5161,.F.);
#5150 = FACE_BOUND('',#5151,.F.);
#5151 = EDGE_LOOP('',(#5152,#5158,#5159,#5160));
#5152 = ORIENTED_EDGE('',*,*,#5153,.T.);
#5153 = EDGE_CURVE('',#4979,#4816,#5154,.T.);
#5154 = LINE('',#5155,#5156);
#5155 = CARTESIAN_POINT('',(23.1,191.,3.));
#5156 = VECTOR('',#5157,1.);
#5157 = DIRECTION('',(0.,0.,1.));
#5158 = ORIENTED_EDGE('',*,*,#4815,.F.);
#5159 = ORIENTED_EDGE('',*,*,#5153,.F.);
#5160 = ORIENTED_EDGE('',*,*,#4978,.T.);
#5161 = CYLINDRICAL_SURFACE('',#5162,2.1);
#5162 = AXIS2_PLACEMENT_3D('',#5163,#5164,#5165);
#5163 = CARTESIAN_POINT('',(21.,191.,3.));
#5164 = DIRECTION('',(0.,0.,1.));
#5165 = DIRECTION('',(1.,0.,0.));
#5166 = ADVANCED_FACE('',(#5167),#5178,.F.);
#5167 = FACE_BOUND('',#5168,.F.);
#5168 = EDGE_LOOP('',(#5169,#5175,#5176,#5177));
#5169 = ORIENTED_EDGE('',*,*,#5170,.T.);
#5170 = EDGE_CURVE('',#5004,#4827,#5171,.T.);
#5171 = LINE('',#5172,#5173);
#5172 = CARTESIAN_POINT('',(161.1,191.,3.));
#5173 = VECTOR('',#5174,1.);
#5174 = DIRECTION('',(0.,0.,1.));
#5175 = ORIENTED_EDGE('',*,*,#4826,.F.);
#5176 = ORIENTED_EDGE('',*,*,#5170,.F.);
#5177 = ORIENTED_EDGE('',*,*,#5003,.T.);
#5178 = CYLINDRICAL_SURFACE('',#5179,2.1);
#5179 = AXIS2_PLACEMENT_3D('',#5180,#5181,#5182);
#5180 = CARTESIAN_POINT('',(159.,191.,3.));
#5181 = DIRECTION('',(0.,0.,1.));
#5182 = DIRECTION('',(1.,0.,0.));
#5183 = ADVANCED_FACE('',(#5184,#5203,#5401,#5599,#5797),#5995,.F.);
#5184 = FACE_BOUND('',#5185,.F.);
#5185 = EDGE_LOOP('',(#5186,#5195,#5201,#5202));
#5186 = ORIENTED_EDGE('',*,*,#5187,.T.);
#5187 = EDGE_CURVE('',#5188,#5188,#5190,.T.);
#5188 = VERTEX_POINT('',#5189);
#5189 = CARTESIAN_POINT('',(128.05813953488,230.,7.55));
#5190 = CIRCLE('',#5191,38.058139534884);
#5191 = AXIS2_PLACEMENT_3D('',#5192,#5193,#5194);
#5192 = CARTESIAN_POINT('',(90.,230.,7.55));
#5193 = DIRECTION('',(0.,0.,1.));
#5194 = DIRECTION('',(1.,0.,0.));
#5195 = ORIENTED_EDGE('',*,*,#5196,.T.);
#5196 = EDGE_CURVE('',#5188,#4838,#5197,.T.);
#5197 = LINE('',#5198,#5199);
#5198 = CARTESIAN_POINT('',(128.,230.,7.5));
#5199 = VECTOR('',#5200,1.);
#5200 = DIRECTION('',(0.758185196312,-1.857018147648E-16,0.652039268828)
  );
#5201 = ORIENTED_EDGE('',*,*,#4837,.F.);
#5202 = ORIENTED_EDGE('',*,*,#5196,.F.);
#5203 = FACE_BOUND('',#5204,.F.);
#5204 = EDGE_LOOP('',(#5205));
#5205 = ORIENTED_EDGE('',*,*,#5206,.T.);
#5206 = EDGE_CURVE('',#5207,#5207,#5209,.T.);
#5207 = VERTEX_POINT('',#5208);
#5208 = CARTESIAN_POINT('',(61.694408408978,199.59440840897,
    10.54579654436));
#5209 = B_SPLINE_CURVE_WITH_KNOTS('',8,(#5210,#5211,#5212,#5213,#5214,
    #5215,#5216,#5217,#5218,#5219,#5220,#5221,#5222,#5223,#5224,#5225,
    #5226,#5227,#5228,#5229,#5230,#5231,#5232,#5233,#5234,#5235,#5236,
    #5237,#5238,#5239,#5240,#5241,#5242,#5243,#5244,#5245,#5246,#5247,
    #5248,#5249,#5250,#5251,#5252,#5253,#5254,#5255,#5256,#5257,#5258,
    #5259,#5260,#5261,#5262,#5263,#5264,#5265,#5266,#5267,#5268,#5269,
    #5270,#5271,#5272,#5273,#5274,#5275,#5276,#5277,#5278,#5279,#5280,
    #5281,#5282,#5283,#5284,#5285,#5286,#5287,#5288,#5289,#5290,#5291,
    #5292,#5293,#5294,#5295,#5296,#5297,#5298,#5299,#5300,#5301,#5302,
    #5303,#5304,#5305,#5306,#5307,#5308,#5309,#5310,#5311,#5312,#5313,
    #5314,#5315,#5316,#5317,#5318,#5319,#5320,#5321,#5322,#5323,#5324,
    #5325,#5326,#5327,#5328,#5329,#5330,#5331,#5332,#5333,#5334,#5335,
    #5336,#5337,#5338,#5339,#5340,#5341,#5342,#5343,#5344,#5345,#5346,
    #5347,#5348,#5349,#5350,#5351,#5352,#5353,#5354,#5355,#5356,#5357,
    #5358,#5359,#5360,#5361,#5362,#5363,#5364,#5365,#5366,#5367,#5368,
    #5369,#5370,#5371,#5372,#5373,#5374,#5375,#5376,#5377,#5378,#5379,
    #5380,#5381,#5382,#5383,#5384,#5385,#5386,#5387,#5388,#5389,#5390,
    #5391,#5392,#5393,#5394,#5395,#5396,#5397,#5398,#5399,#5400),
  .UNSPECIFIED.,.T.,.F.,(9,7,7,7,7,7,7,7,7,7,7,7,7,7,7,7,7,7,7,7,7,7,7,7
    ,7,7,7,9),(0.,6.26832532688E-02,7.808234230896E-02,
    8.623724709561E-02,0.102629477449,0.120426547527,0.129733536582,
    0.148989469364,0.179324009044,0.210054430434,0.24007347072,
    0.345656902292,0.463396336546,0.496372497816,0.530166680755,
    0.565292124855,0.578866245412,0.586588780963,0.6026036314,
    0.622108521207,0.632487224668,0.65408089147,0.687607278749,
    0.721534069953,0.787473291068,0.859676565559,0.969267774229,1.),
  .UNSPECIFIED.);
#5210 = CARTESIAN_POINT('',(61.694408408978,199.59440840897,
    10.54579654436));
#5211 = CARTESIAN_POINT('',(61.694408408978,199.69357903893,
    10.483372556193));
#5212 = CARTESIAN_POINT('',(61.689055958329,199.79550534455,
    10.42245848049));
#5213 = CARTESIAN_POINT('',(61.677831796782,199.90059948161,
    10.363132277899));
#5214 = CARTESIAN_POINT('',(61.659989570903,200.00909396961,
    10.305728497237));
#5215 = CARTESIAN_POINT('',(61.634609836089,200.12102391994,
    10.250819636692));
#5216 = CARTESIAN_POINT('',(61.600564064546,200.23622336589,
    10.199244857033));
#5217 = CARTESIAN_POINT('',(61.556588960788,200.35430302332,
    10.15207922699));
#5218 = CARTESIAN_POINT('',(61.487329100153,200.50430564416,
    10.10062835345));
#5219 = CARTESIAN_POINT('',(61.472978341463,200.53400798048,
    10.0908426932));
#5220 = CARTESIAN_POINT('',(61.4579166561,200.56381288752,10.0814417684)
  );
#5221 = CARTESIAN_POINT('',(61.44212584001,200.59369918006,
    10.072451119112));
#5222 = CARTESIAN_POINT('',(61.425589666351,200.62364128216,
    10.063897843989));
#5223 = CARTESIAN_POINT('',(61.408294744479,200.65360917635,
    10.055810077815));
#5224 = CARTESIAN_POINT('',(61.390231378948,200.6835683529,
    10.048216469051));
#5225 = CARTESIAN_POINT('',(61.361418933381,200.72931996021,
    10.037401163419));
#5226 = CARTESIAN_POINT('',(61.35122666614,200.74514660123,
    10.033803276321));
#5227 = CARTESIAN_POINT('',(61.340816897652,200.76095368853,
    10.030356351924));
#5228 = CARTESIAN_POINT('',(61.330189407961,200.77673487261,
    10.02706464659));
#5229 = CARTESIAN_POINT('',(61.319344486276,200.79248344796,
    10.023932317205));
#5230 = CARTESIAN_POINT('',(61.308282930967,200.80819235307,
    10.020963421186));
#5231 = CARTESIAN_POINT('',(61.297006049568,200.82385417045,
    10.018161916471));
#5232 = CARTESIAN_POINT('',(61.262418744996,200.87083277681,
    10.010244567926));
#5233 = CARTESIAN_POINT('',(61.238456454624,200.90198671395,
    10.005648598689));
#5234 = CARTESIAN_POINT('',(61.213647699992,200.93285511672,
    10.001775424179));
#5235 = CARTESIAN_POINT('',(61.188019066352,200.96336910237,
    9.998652436743));
#5236 = CARTESIAN_POINT('',(61.161605777419,200.99345940946,
    9.996301681383));
#5237 = CARTESIAN_POINT('',(61.134452660931,201.02305708072,
    9.994738786418));
#5238 = CARTESIAN_POINT('',(61.106615114194,201.0520941458,
    9.993971894147));
#5239 = CARTESIAN_POINT('',(61.047266383341,201.1113492573,
    9.994031748294));
#5240 = CARTESIAN_POINT('',(61.015637658614,201.14146237223,
    9.995000727962));
#5241 = CARTESIAN_POINT('',(60.983359862387,201.17075767908,
    9.99690753889));
#5242 = CARTESIAN_POINT('',(60.950520726063,201.19916585418,
    9.999740260081));
#5243 = CARTESIAN_POINT('',(60.917208700834,201.22663263004,
    10.00347675051));
#5244 = CARTESIAN_POINT('',(60.883511913003,201.25311720533,
    10.008086358467));
#5245 = CARTESIAN_POINT('',(60.849517119309,201.27859065491,
    10.01353163089));
#5246 = CARTESIAN_POINT('',(60.797419327982,201.31581718031,
    10.023032393652));
#5247 = CARTESIAN_POINT('',(60.779470010279,201.32831941263,
    10.026512012919));
#5248 = CARTESIAN_POINT('',(60.76147178284,201.34053924226,
    10.030202869591));
#5249 = CARTESIAN_POINT('',(60.743435086766,201.352475649,
    10.034098860512));
#5250 = CARTESIAN_POINT('',(60.725369730547,201.3641283869,
    10.038193790284));
#5251 = CARTESIAN_POINT('',(60.707284890069,201.3754979843,
    10.042481371265));
#5252 = CARTESIAN_POINT('',(60.689189108611,201.38658574382,
    10.046955223573));
#5253 = CARTESIAN_POINT('',(60.633644297844,201.41975522701,
    10.061237166272));
#5254 = CARTESIAN_POINT('',(60.596187675091,201.44091716246,
    10.071634894383));
#5255 = CARTESIAN_POINT('',(60.55878646629,201.46089914037,
    10.082746552178));
#5256 = CARTESIAN_POINT('',(60.521496856101,201.47972865816,
    10.09451789552));
#5257 = CARTESIAN_POINT('',(60.484365415847,201.49743921809,
    10.1068970148));
#5258 = CARTESIAN_POINT('',(60.44742934322,201.51406842622,
    10.119835406366));
#5259 = CARTESIAN_POINT('',(60.410716701992,201.52965609152,
    10.133289043951));
#5260 = CARTESIAN_POINT('',(60.31679414066,201.56722052484,
    10.169164502703));
#5261 = CARTESIAN_POINT('',(60.259960116702,201.58770736744,
    10.192286178572));
#5262 = CARTESIAN_POINT('',(60.203809361111,201.60586667926,
    10.21643600205));
#5263 = CARTESIAN_POINT('',(60.148389293951,201.62185129645,
    10.241483975723));
#5264 = CARTESIAN_POINT('',(60.093730327059,201.63580292593,
    10.267318388389));
#5265 = CARTESIAN_POINT('',(60.039846207032,201.64785200659,
    10.293845623035));
#5266 = CARTESIAN_POINT('',(59.986734358199,201.65811757058,
    10.320989964814));
#5267 = CARTESIAN_POINT('',(59.881334791811,201.67540873644,
    10.376758397759));
#5268 = CARTESIAN_POINT('',(59.82908041244,201.6823881502,
    10.405389964992));
#5269 = CARTESIAN_POINT('',(59.777602315465,201.68775587799,
    10.434523175153));
#5270 = CARTESIAN_POINT('',(59.726889570617,201.69160943448,
    10.464101714129));
#5271 = CARTESIAN_POINT('',(59.676930378009,201.69403487328,
    10.494077308494));
#5272 = CARTESIAN_POINT('',(59.627711356776,201.69510834333,
    10.524409144743));
#5273 = CARTESIAN_POINT('',(59.579216833707,201.69489764532,
    10.555063288518));
#5274 = CARTESIAN_POINT('',(59.484745694721,201.69206312339,
    10.616244482451));
#5275 = CARTESIAN_POINT('',(59.438740550009,201.68949527333,
    10.646755676735));
#5276 = CARTESIAN_POINT('',(59.39339783659,201.68581666064,
    10.677518612616));
#5277 = CARTESIAN_POINT('',(59.348704254657,201.6810775159,
    10.708509261024));
#5278 = CARTESIAN_POINT('',(59.30464765631,201.6753225657,
    10.739706443587));
#5279 = CARTESIAN_POINT('',(59.261216636124,201.66859172074,
    10.771091638329));
#5280 = CARTESIAN_POINT('',(59.218400121704,201.66092076391,
    10.802648785362));
#5281 = CARTESIAN_POINT('',(59.027714195687,201.62216881276,
    10.945913660356));
#5282 = CARTESIAN_POINT('',(58.886784960989,201.58078117906,
    11.059360514743));
#5283 = CARTESIAN_POINT('',(58.752818670878,201.52957861874,
    11.174169827628));
#5284 = CARTESIAN_POINT('',(58.625589244675,201.46940825265,
    11.289940314261));
#5285 = CARTESIAN_POINT('',(58.504960936138,201.40091848608,
    11.406345179005));
#5286 = CARTESIAN_POINT('',(58.390898880668,201.32454529856,
    11.523132341299));
#5287 = CARTESIAN_POINT('',(58.283428698886,201.24057161383,
    11.640110506801));
#5288 = CARTESIAN_POINT('',(58.070324979259,201.04706150978,
    11.887664034081));
#5289 = CARTESIAN_POINT('',(57.966484858583,200.93583788213,
    12.018071524748));
#5290 = CARTESIAN_POINT('',(57.871268332904,200.81556215244,
    12.148214348028));
#5291 = CARTESIAN_POINT('',(57.785115838431,200.68621684735,
    12.27784015417));
#5292 = CARTESIAN_POINT('',(57.708698690527,200.54771370571,
    12.4066057266));
#5293 = CARTESIAN_POINT('',(57.643027885177,200.39982757734,
    12.534055063904));
#5294 = CARTESIAN_POINT('',(57.589387732685,200.24225348336,
    12.659627556469));
#5295 = CARTESIAN_POINT('',(57.538895667414,200.02708133036,
    12.816999696937));
#5296 = CARTESIAN_POINT('',(57.528964185947,199.979188112,12.85121775839
    ));
#5297 = CARTESIAN_POINT('',(57.520196613177,199.93046628295,
    12.885202284879));
#5298 = CARTESIAN_POINT('',(57.512646060213,199.88090225167,
    12.918930747377));
#5299 = CARTESIAN_POINT('',(57.506371878691,199.83048281175,
    12.952376825094));
#5300 = CARTESIAN_POINT('',(57.501440654167,199.77919464598,
    12.985510141471));
#5301 = CARTESIAN_POINT('',(57.497927199524,199.72702383038,
    13.018296000171));
#5302 = CARTESIAN_POINT('',(57.493853995278,199.61957040507,
    13.08389794933));
#5303 = CARTESIAN_POINT('',(57.493370125179,199.56424984403,
    13.116690153648));
#5304 = CARTESIAN_POINT('',(57.494553790931,199.50797297673,
    13.149032470809));
#5305 = CARTESIAN_POINT('',(57.497507338961,199.45072571216,
    13.180874607715));
#5306 = CARTESIAN_POINT('',(57.502345208626,199.39250093106,
    13.212155333809));
#5307 = CARTESIAN_POINT('',(57.509194983471,199.33329824562,
    13.242802078074));
#5308 = CARTESIAN_POINT('',(57.518199894379,199.27312313451,
    13.272730030635));
#5309 = CARTESIAN_POINT('',(57.541291699408,199.14843936287,
    13.332098231733));
#5310 = CARTESIAN_POINT('',(57.5555598941,199.08387982548,
    13.361460239492));
#5311 = CARTESIAN_POINT('',(57.572510226979,199.01830224204,
    13.389825420719));
#5312 = CARTESIAN_POINT('',(57.592344165754,198.95174501991,
    13.417056792208));
#5313 = CARTESIAN_POINT('',(57.615276795816,198.88429195504,
    13.442983519066));
#5314 = CARTESIAN_POINT('',(57.641529312074,198.81607493274,
    13.467403820834));
#5315 = CARTESIAN_POINT('',(57.671318984346,198.74727694703,
    13.490089003695));
#5316 = CARTESIAN_POINT('',(57.717803239573,198.6514159139,
    13.518787921791));
#5317 = CARTESIAN_POINT('',(57.731315856204,198.62464975057,
    13.526489297896));
#5318 = CARTESIAN_POINT('',(57.745394463223,198.59785306759,
    13.533877801728));
#5319 = CARTESIAN_POINT('',(57.76004794309,198.57104431689,
    13.540937799982));
#5320 = CARTESIAN_POINT('',(57.775283613498,198.54424426333,
    13.547653229275));
#5321 = CARTESIAN_POINT('',(57.79110679712,198.51747596463,
    13.554007854002));
#5322 = CARTESIAN_POINT('',(57.807520391356,198.49076475138,
    13.559985524199));
#5323 = CARTESIAN_POINT('',(57.834198313813,198.44898993749,
    13.568747778089));
#5324 = CARTESIAN_POINT('',(57.844063244967,198.43386909066,
    13.57179801973));
#5325 = CARTESIAN_POINT('',(57.854119245794,198.41878082671,
    13.574718197411));
#5326 = CARTESIAN_POINT('',(57.86436597186,198.40373049989,
    13.577505444337));
#5327 = CARTESIAN_POINT('',(57.87480272005,198.38872365843,
    13.580156987834));
#5328 = CARTESIAN_POINT('',(57.885428428568,198.37376604459,
    13.582670149344));
#5329 = CARTESIAN_POINT('',(57.896241676937,198.35886359461,
    13.585042344429));
#5330 = CARTESIAN_POINT('',(57.930050226192,198.31324512606,
    13.591892998832));
#5331 = CARTESIAN_POINT('',(57.953660427941,198.28272880887,
    13.595898442049));
#5332 = CARTESIAN_POINT('',(57.978052771144,198.25253112193,
    13.599265019977));
#5333 = CARTESIAN_POINT('',(58.003202873345,198.22270968441,
    13.601973706926));
#5334 = CARTESIAN_POINT('',(58.029079930946,198.19332163998,
    13.604009426032));
#5335 = CARTESIAN_POINT('',(58.05564616041,198.16442319707,
    13.605361631327));
#5336 = CARTESIAN_POINT('',(58.082856239467,198.13606916893,
    13.606024889821));
#5337 = CARTESIAN_POINT('',(58.144515688438,198.07450698435,
    13.605968496298));
#5338 = CARTESIAN_POINT('',(58.17925755514,198.04158051642,
    13.604915931798));
#5339 = CARTESIAN_POINT('',(58.214784359765,198.00963112492,
    13.602841762122));
#5340 = CARTESIAN_POINT('',(58.250995226619,197.97873753103,
    13.599758668949));
#5341 = CARTESIAN_POINT('',(58.287787684385,197.94896097812,
    13.595690248384));
#5342 = CARTESIAN_POINT('',(58.325058957529,197.92034704754,
    13.590669235746));
#5343 = CARTESIAN_POINT('',(58.3627072577,197.89292747451,
    13.584735730372));
#5344 = CARTESIAN_POINT('',(58.420813697362,197.85277780811,
    13.574316922621));
#5345 = CARTESIAN_POINT('',(58.44107472337,197.83917612024,
    13.570452681815));
#5346 = CARTESIAN_POINT('',(58.461402324341,197.82591914184,
    13.566349329243));
#5347 = CARTESIAN_POINT('',(58.481783395673,197.81300789111,
    13.562013781171));
#5348 = CARTESIAN_POINT('',(58.502205577769,197.80044229594,
    13.557453150911));
#5349 = CARTESIAN_POINT('',(58.522657276816,197.78822132679,
    13.552674660868));
#5350 = CARTESIAN_POINT('',(58.543127685575,197.77634312971,
    13.547685554577));
#5351 = CARTESIAN_POINT('',(58.60621513811,197.74079955089,
    13.531689529779));
#5352 = CARTESIAN_POINT('',(58.648858033345,197.71826862671,
    13.520006119887));
#5353 = CARTESIAN_POINT('',(58.691449797258,197.69718595978,
    13.507506898277));
#5354 = CARTESIAN_POINT('',(58.733917103832,197.67751523559,
    13.49425456789));
#5355 = CARTESIAN_POINT('',(58.776198723921,197.6592127428,
    13.480309138787));
#5356 = CARTESIAN_POINT('',(58.818245255549,197.64222986412,
    13.465726651525));
#5357 = CARTESIAN_POINT('',(58.860018854193,197.62651556712,
    13.450557900541));
#5358 = CARTESIAN_POINT('',(58.965885780169,197.58951132163,
    13.410454614148));
#5359 = CARTESIAN_POINT('',(59.029537579301,197.56994503208,
    13.384763113089));
#5360 = CARTESIAN_POINT('',(59.092360645625,197.55312156172,
    13.357935993166));
#5361 = CARTESIAN_POINT('',(59.154289483338,197.5388554662,
    13.330116562099));
#5362 = CARTESIAN_POINT('',(59.215280108105,197.52697479682,
    13.30142816186));
#5363 = CARTESIAN_POINT('',(59.275309339483,197.51732157591,
    13.271974234029));
#5364 = CARTESIAN_POINT('',(59.33437409334,197.50975227219,
    13.241838385137));
#5365 = CARTESIAN_POINT('',(59.451301338561,197.49845723233,
    13.179963226249));
#5366 = CARTESIAN_POINT('',(59.509125561468,197.49477990022,
    13.148217292712));
#5367 = CARTESIAN_POINT('',(59.565970703194,197.49297365649,
    13.115917996946));
#5368 = CARTESIAN_POINT('',(59.621845289271,197.49292110319,
    13.083127402793));
#5369 = CARTESIAN_POINT('',(59.676759668176,197.49451838166,
    13.04989884287));
#5370 = CARTESIAN_POINT('',(59.730726668941,197.49767348662,
    13.016277469047));
#5371 = CARTESIAN_POINT('',(59.783762258761,197.50230458011,
    12.982300802929));
#5372 = CARTESIAN_POINT('',(59.937192926179,197.52006529615,
    12.881331758764));
#5373 = CARTESIAN_POINT('',(60.035022420838,197.53708764752,
    12.813458671708));
#5374 = CARTESIAN_POINT('',(60.129523483782,197.55886682099,
    12.744601464911));
#5375 = CARTESIAN_POINT('',(60.220795987791,197.58499073687,
    12.674938105193));
#5376 = CARTESIAN_POINT('',(60.308922798638,197.61512333557,
    12.604613469238));
#5377 = CARTESIAN_POINT('',(60.393980269102,197.648987162,
    12.533742954138));
#5378 = CARTESIAN_POINT('',(60.476038902945,197.68636067707,
    12.462413214008));
#5379 = CARTESIAN_POINT('',(60.641809512052,197.7716507911,
    12.312140532971));
#5380 = CARTESIAN_POINT('',(60.724912021694,197.82021827304,
    12.233141653695));
#5381 = CARTESIAN_POINT('',(60.804546865904,197.87253663669,
    12.153781791644));
#5382 = CARTESIAN_POINT('',(60.880753661083,197.92841936245,
    12.074146297531));
#5383 = CARTESIAN_POINT('',(60.953547633542,197.98771918028,
    11.994312706484));
#5384 = CARTESIAN_POINT('',(61.022924538019,198.05032133094,
    11.914351688582));
#5385 = CARTESIAN_POINT('',(61.088860948452,198.11614212809,
    11.834327607741));
#5386 = CARTESIAN_POINT('',(61.246095904448,198.28984792622,
    11.632829600513));
#5387 = CARTESIAN_POINT('',(61.332774610765,198.40178507611,
    11.511442944734));
#5388 = CARTESIAN_POINT('',(61.41126007269,198.52081198501,
    11.390272676741));
#5389 = CARTESIAN_POINT('',(61.481227581154,198.64691351035,
    11.269529685346));
#5390 = CARTESIAN_POINT('',(61.542175495149,198.78013721838,
    11.1494995146));
#5391 = CARTESIAN_POINT('',(61.593340985462,198.92065021827,
    11.030562221011));
#5392 = CARTESIAN_POINT('',(61.633736639542,199.06871224229,
    10.913188519204));
#5393 = CARTESIAN_POINT('',(61.669500380937,199.26886844243,
    10.765727334234));
#5394 = CARTESIAN_POINT('',(61.676351425213,199.31334591557,
    10.733611437859));
#5395 = CARTESIAN_POINT('',(61.682183379168,199.35847760524,
    10.701691119182));
#5396 = CARTESIAN_POINT('',(61.686954632694,199.40427613654,
    10.669985226013));
#5397 = CARTESIAN_POINT('',(61.690618612776,199.45075432445,
    10.63851570032));
#5398 = CARTESIAN_POINT('',(61.693122910653,199.49792567782,
    10.607307834621));
#5399 = CARTESIAN_POINT('',(61.694408408978,199.54580490323,
    10.576390528371));
#5400 = CARTESIAN_POINT('',(61.694408408978,199.59440840897,
    10.54579654436));
#5401 = FACE_BOUND('',#5402,.F.);
#5402 = EDGE_LOOP('',(#5403));
#5403 = ORIENTED_EDGE('',*,*,#5404,.T.);
#5404 = EDGE_CURVE('',#5405,#5405,#5407,.T.);
#5405 = VERTEX_POINT('',#5406);
#5406 = CARTESIAN_POINT('',(122.50559159102,199.59440840897,
    13.098342875195));
#5407 = B_SPLINE_CURVE_WITH_KNOTS('',8,(#5408,#5409,#5410,#5411,#5412,
    #5413,#5414,#5415,#5416,#5417,#5418,#5419,#5420,#5421,#5422,#5423,
    #5424,#5425,#5426,#5427,#5428,#5429,#5430,#5431,#5432,#5433,#5434,
    #5435,#5436,#5437,#5438,#5439,#5440,#5441,#5442,#5443,#5444,#5445,
    #5446,#5447,#5448,#5449,#5450,#5451,#5452,#5453,#5454,#5455,#5456,
    #5457,#5458,#5459,#5460,#5461,#5462,#5463,#5464,#5465,#5466,#5467,
    #5468,#5469,#5470,#5471,#5472,#5473,#5474,#5475,#5476,#5477,#5478,
    #5479,#5480,#5481,#5482,#5483,#5484,#5485,#5486,#5487,#5488,#5489,
    #5490,#5491,#5492,#5493,#5494,#5495,#5496,#5497,#5498,#5499,#5500,
    #5501,#5502,#5503,#5504,#5505,#5506,#5507,#5508,#5509,#5510,#5511,
    #5512,#5513,#5514,#5515,#5516,#5517,#5518,#5519,#5520,#5521,#5522,
    #5523,#5524,#5525,#5526,#5527,#5528,#5529,#5530,#5531,#5532,#5533,
    #5534,#5535,#5536,#5537,#5538,#5539,#5540,#5541,#5542,#5543,#5544,
    #5545,#5546,#5547,#5548,#5549,#5550,#5551,#5552,#5553,#5554,#5555,
    #5556,#5557,#5558,#5559,#5560,#5561,#5562,#5563,#5564,#5565,#5566,
    #5567,#5568,#5569,#5570,#5571,#5572,#5573,#5574,#5575,#5576,#5577,
    #5578,#5579,#5580,#5581,#5582,#5583,#5584,#5585,#5586,#5587,#5588,
    #5589,#5590,#5591,#5592,#5593,#5594,#5595,#5596,#5597,#5598),
  .UNSPECIFIED.,.T.,.F.,(9,7,7,7,7,7,7,7,7,7,7,7,7,7,7,7,7,7,7,7,7,7,7,7
    ,7,7,7,9),(0.,3.683249033451E-02,0.15682760786,0.269865465708,
    0.300328366585,0.331083302307,0.365685895485,0.378183655836,
    0.385212548635,0.399871153281,0.417661899331,0.426961414692,
    0.446197281699,0.476498239563,0.507199390051,0.537196151038,
    0.642747385341,0.761092523244,0.794043698771,0.827806099701,
    0.86289607081,0.876458941722,0.884176745742,0.899849638342,
    0.917601548207,0.926452828415,0.942926843964,1.),.UNSPECIFIED.);
#5408 = CARTESIAN_POINT('',(122.50559159102,199.59440840897,
    13.098342875195));
#5409 = CARTESIAN_POINT('',(122.50559159102,199.65499449683,
    13.062749420529));
#5410 = CARTESIAN_POINT('',(122.50359397916,199.71444071816,
    13.026614227727));
#5411 = CARTESIAN_POINT('',(122.49973014158,199.77276913197,
    12.989999510311));
#5412 = CARTESIAN_POINT('',(122.49411371868,199.82999881594,
    12.952959134319));
#5413 = CARTESIAN_POINT('',(122.48684440152,199.88614790055,
    12.915539602165));
#5414 = CARTESIAN_POINT('',(122.47801051938,199.94123491945,
    12.877780727338));
#5415 = CARTESIAN_POINT('',(122.46769041873,199.99527947595,
    12.839715999924));
#5416 = CARTESIAN_POINT('',(122.41771256469,200.22104295006,
    12.676455332617));
#5417 = CARTESIAN_POINT('',(122.3644623606,200.38277681455,
    12.548698230775));
#5418 = CARTESIAN_POINT('',(122.29858394109,200.53441932833,
    12.418932228805));
#5419 = CARTESIAN_POINT('',(122.22146109149,200.67629252799,
    12.287764830415));
#5420 = CARTESIAN_POINT('',(122.13419042647,200.80864412871,
    12.155688486273));
#5421 = CARTESIAN_POINT('',(122.03749030665,200.9315718819,
    12.023068461444));
#5422 = CARTESIAN_POINT('',(121.93183169056,201.04510313288,
    11.890169345686));
#5423 = CARTESIAN_POINT('',(121.70945402408,201.2470344997,
    11.631842668787));
#5424 = CARTESIAN_POINT('',(121.59390562037,201.33635190211,
    11.506631000922));
#5425 = CARTESIAN_POINT('',(121.47081960848,201.41695493713,
    11.381651214471));
#5426 = CARTESIAN_POINT('',(121.34020343057,201.48848364264,
    11.257131337268));
#5427 = CARTESIAN_POINT('',(121.20200072542,201.55038036079,
    11.133386638129));
#5428 = CARTESIAN_POINT('',(121.05601657561,201.60177806774,
    11.010846068807));
#5429 = CARTESIAN_POINT('',(120.90196473626,201.64156572863,
    10.890043550769));
#5430 = CARTESIAN_POINT('',(120.69510080891,201.67483209476,
    10.739840912685));
#5431 = CARTESIAN_POINT('',(120.65054978237,201.68090611656,
    10.708142385151));
#5432 = CARTESIAN_POINT('',(120.60534838117,201.68595352782,
    10.676647540039));
#5433 = CARTESIAN_POINT('',(120.55948382687,201.68993141046,
    10.645375981423));
#5434 = CARTESIAN_POINT('',(120.51294328131,201.69279174439,
    10.61435058096));
#5435 = CARTESIAN_POINT('',(120.46571333565,201.69448050522,
    10.583597749362));
#5436 = CARTESIAN_POINT('',(120.41777949953,201.69493676205,
    10.553147707885));
#5437 = CARTESIAN_POINT('',(120.32000545727,201.69323868766,
    10.492633131739));
#5438 = CARTESIAN_POINT('',(120.2701569151,201.69105951343,
    10.462578436046));
#5439 = CARTESIAN_POINT('',(120.21955975385,201.68748283924,
    10.432904040011));
#5440 = CARTESIAN_POINT('',(120.16819852038,201.6824292764,10.4036515599
    ));
#5441 = CARTESIAN_POINT('',(120.11606192956,201.67580975055,
    10.374871563433));
#5442 = CARTESIAN_POINT('',(120.06314217577,201.66752379152,
    10.346624272255));
#5443 = CARTESIAN_POINT('',(120.00943424427,201.65745782319,
    10.318980264401));
#5444 = CARTESIAN_POINT('',(119.89361799264,201.63201100617,
    10.261689318811));
#5445 = CARTESIAN_POINT('',(119.83133008775,201.61612925656,
    10.232239853863));
#5446 = CARTESIAN_POINT('',(119.76804356397,201.59765239518,
    10.203775894494));
#5447 = CARTESIAN_POINT('',(119.70377567677,201.57637373234,
    10.176442850659));
#5448 = CARTESIAN_POINT('',(119.6385908054,201.55207033734,
    10.150427068339));
#5449 = CARTESIAN_POINT('',(119.57260301209,201.524510027,
    10.125953171974));
#5450 = CARTESIAN_POINT('',(119.50597923643,201.49346070326,
    10.103280110677));
#5451 = CARTESIAN_POINT('',(119.4147310301,201.44614791023,
    10.07526130853));
#5452 = CARTESIAN_POINT('',(119.39047020303,201.43311251026,
    10.068100758758));
#5453 = CARTESIAN_POINT('',(119.36617367299,201.41958714911,
    10.061228340811));
#5454 = CARTESIAN_POINT('',(119.34185656928,201.40556414623,
    10.054658840099));
#5455 = CARTESIAN_POINT('',(119.31753611711,201.3910372106,
    10.048407497654));
#5456 = CARTESIAN_POINT('',(119.2932316337,201.37600181978,
    10.042489762238));
#5457 = CARTESIAN_POINT('',(119.26896452437,201.36045559908,
    10.036921042455));
#5458 = CARTESIAN_POINT('',(119.23114439089,201.33536810515,
    10.028789337571));
#5459 = CARTESIAN_POINT('',(119.21754978262,201.32617603242,
    10.02597737825));
#5460 = CARTESIAN_POINT('',(119.20397870592,201.31682250983,
    10.023283317885));
#5461 = CARTESIAN_POINT('',(119.19043559327,201.30730787176,
    10.020709811394));
#5462 = CARTESIAN_POINT('',(119.17692505758,201.29763275947,
    10.018259431613));
#5463 = CARTESIAN_POINT('',(119.16345189218,201.28779812121,
    10.015934669293));
#5464 = CARTESIAN_POINT('',(119.15002107078,201.27780521211,
    10.013737933107));
#5465 = CARTESIAN_POINT('',(119.10872711495,201.24648878473,
    10.007362151396));
#5466 = CARTESIAN_POINT('',(119.0810207188,201.22463876095,
    10.003619242658));
#5467 = CARTESIAN_POINT('',(119.0535680124,201.20212213005,
    10.00046409293));
#5468 = CARTESIAN_POINT('',(119.02641874517,201.17896056408,
    9.997914885259));
#5469 = CARTESIAN_POINT('',(118.9996225789,201.15518131143,
    9.995986135547));
#5470 = CARTESIAN_POINT('',(118.97322870397,201.13081770838,
    9.994688111858));
#5471 = CARTESIAN_POINT('',(118.94728545566,201.10590969048,
    9.994026253736));
#5472 = CARTESIAN_POINT('',(118.89095739484,201.04967048408,
    9.993969445984));
#5473 = CARTESIAN_POINT('',(118.86080159713,201.01809759832,
    9.994875437175));
#5474 = CARTESIAN_POINT('',(118.83145889944,200.98587116136,
    9.996719120387));
#5475 = CARTESIAN_POINT('',(118.80299914204,200.95307860218,
    9.999489104985));
#5476 = CARTESIAN_POINT('',(118.77547719965,200.91980822499,
    10.003163738472));
#5477 = CARTESIAN_POINT('',(118.74893453786,200.88614816988,
    10.007712790557));
#5478 = CARTESIAN_POINT('',(118.72340076955,200.85218537355,
    10.013099137223));
#5479 = CARTESIAN_POINT('',(118.68608575322,200.8001376413,
    10.022511515855));
#5480 = CARTESIAN_POINT('',(118.67355621661,200.78220961414,
    10.025960144048));
#5481 = CARTESIAN_POINT('',(118.66130848439,200.76423155129,
    10.02962035695));
#5482 = CARTESIAN_POINT('',(118.64934366033,200.74621392711,
    10.033486084036));
#5483 = CARTESIAN_POINT('',(118.63766206904,200.7281665875,
    10.037551156682));
#5484 = CARTESIAN_POINT('',(118.62626325597,200.71009874991,
    10.041809308167));
#5485 = CARTESIAN_POINT('',(118.61514598737,200.69201900338,
    10.046254173665));
#5486 = CARTESIAN_POINT('',(118.5818906018,200.63652953661,
    10.060446254143));
#5487 = CARTESIAN_POINT('',(118.56067094031,200.59910919448,
    10.07078423103));
#5488 = CARTESIAN_POINT('',(118.54063024787,200.56174071458,
    10.081837830338));
#5489 = CARTESIAN_POINT('',(118.52174147962,200.5244806618,
    10.093552855402));
#5490 = CARTESIAN_POINT('',(118.503971482,200.4873759695,10.105877388482
    ));
#5491 = CARTESIAN_POINT('',(118.48728291086,200.45046417546,
    10.118762875776));
#5492 = CARTESIAN_POINT('',(118.47163614956,200.4137736579,
    10.132165212422));
#5493 = CARTESIAN_POINT('',(118.43392207294,200.31990699291,
    10.167911019916));
#5494 = CARTESIAN_POINT('',(118.41334499534,200.26310389314,
    10.190956449307));
#5495 = CARTESIAN_POINT('',(118.39509662762,200.20698028603,
    10.215033329265));
#5496 = CARTESIAN_POINT('',(118.37902437292,200.15158434966,
    10.240011327525));
#5497 = CARTESIAN_POINT('',(118.36498659507,200.09694708702,
    10.265778396513));
#5498 = CARTESIAN_POINT('',(118.35285280955,200.0430826866,
    10.29224060387));
#5499 = CARTESIAN_POINT('',(118.34250387442,199.98998888295,
    10.319321962991));
#5500 = CARTESIAN_POINT('',(118.32504595886,199.8846144631,
    10.374971643147));
#5501 = CARTESIAN_POINT('',(118.31798375567,199.8323674331,
    10.403547651491));
#5502 = CARTESIAN_POINT('',(118.31253485552,199.78089566243,
    10.432627099426));
#5503 = CARTESIAN_POINT('',(118.30860156595,199.73018838214,
    10.462153452945));
#5504 = CARTESIAN_POINT('',(118.30609766299,199.68023391071,
    10.492078251309));
#5505 = CARTESIAN_POINT('',(118.30494683592,199.6310189455,
    10.522360525156));
#5506 = CARTESIAN_POINT('',(118.30508113201,199.58252785419,
    10.552966214619));
#5507 = CARTESIAN_POINT('',(118.30776650723,199.48805245017,
    10.614059976973));
#5508 = CARTESIAN_POINT('',(118.31026207223,199.44203994405,
    10.644532254651));
#5509 = CARTESIAN_POINT('',(118.31386950907,199.39668959605,
    10.6752572331));
#5510 = CARTESIAN_POINT('',(118.31853844106,199.35198810976,
    10.706210785729));
#5511 = CARTESIAN_POINT('',(118.32422401144,199.30792333406,
    10.737371651324));
#5512 = CARTESIAN_POINT('',(118.33088619294,199.26448385279,
    10.76872123865));
#5513 = CARTESIAN_POINT('',(118.33848909722,199.22165857464,
    10.800243431039));
#5514 = CARTESIAN_POINT('',(118.37694906156,199.03086658912,
    10.943401907799));
#5515 = CARTESIAN_POINT('',(118.41812848389,198.88984328558,
    11.056785680486));
#5516 = CARTESIAN_POINT('',(118.4691328958,198.75578343412,
    11.171538385141));
#5517 = CARTESIAN_POINT('',(118.52911183529,198.62845981018,
    11.287257278809));
#5518 = CARTESIAN_POINT('',(118.59741400403,198.50773523353,
    11.403614590132));
#5519 = CARTESIAN_POINT('',(118.6736013262,198.39357334002,
    11.520357812337));
#5520 = CARTESIAN_POINT('',(118.75738908738,198.28599787084,
    11.637295648825));
#5521 = CARTESIAN_POINT('',(118.95105769711,198.07204188242,
    11.885483710285));
#5522 = CARTESIAN_POINT('',(119.06272462158,197.96754782065,
    12.016563904875));
#5523 = CARTESIAN_POINT('',(119.18353651253,197.87175992948,
    12.14738022393));
#5524 = CARTESIAN_POINT('',(119.31351074736,197.78512377052,
    12.277677147605));
#5525 = CARTESIAN_POINT('',(119.45273613436,197.70831953247,
    12.407106510927));
#5526 = CARTESIAN_POINT('',(119.60144169733,197.64237514017,
    12.535204719307));
#5527 = CARTESIAN_POINT('',(119.75993588142,197.5885950613,
    12.661401635947));
#5528 = CARTESIAN_POINT('',(119.97615963593,197.5382162419,
    12.81931981785));
#5529 = CARTESIAN_POINT('',(120.0240650329,197.52836092797,
    12.853497931169));
#5530 = CARTESIAN_POINT('',(120.07279843986,197.51967039908,
    12.887441732124));
#5531 = CARTESIAN_POINT('',(120.12237344638,197.51219789188,
    12.921128619449));
#5532 = CARTESIAN_POINT('',(120.17280324076,197.50600289629,
    12.954532183471));
#5533 = CARTESIAN_POINT('',(120.22410110589,197.50115215105,
    12.98762194092));
#5534 = CARTESIAN_POINT('',(120.27628091523,197.49772063917,
    13.02036306975));
#5535 = CARTESIAN_POINT('',(120.38374103834,197.49381706098,
    13.085865718885));
#5536 = CARTESIAN_POINT('',(120.43905888544,197.49342036982,
    13.118603421591));
#5537 = CARTESIAN_POINT('',(120.4953317878,197.49469252107,
    13.150889864285));
#5538 = CARTESIAN_POINT('',(120.55257371234,197.49773602584,
    13.182674588863));
#5539 = CARTESIAN_POINT('',(120.61079158733,197.50266548815,
    13.213896161388));
#5540 = CARTESIAN_POINT('',(120.66998553633,197.50960864663,
    13.244481770929));
#5541 = CARTESIAN_POINT('',(120.73014973385,197.51870886553,
    13.274346332752));
#5542 = CARTESIAN_POINT('',(120.85480149194,197.54199833751,
    13.333577927106));
#5543 = CARTESIAN_POINT('',(120.91933959574,197.55636866369,
    13.362866672877));
#5544 = CARTESIAN_POINT('',(120.98489222973,197.57342301376,
    13.391155604318));
#5545 = CARTESIAN_POINT('',(121.05142021025,197.59336277923,
    13.418307336181));
#5546 = CARTESIAN_POINT('',(121.1188387471,197.61640277478,13.4441506185
    ));
#5547 = CARTESIAN_POINT('',(121.18701473085,197.64276362292,
    13.468483296633));
#5548 = CARTESIAN_POINT('',(121.25576369462,197.67266153109,
    13.491076439692));
#5549 = CARTESIAN_POINT('',(121.35154811083,197.71929554742,
    13.519643123813));
#5550 = CARTESIAN_POINT('',(121.37829497416,197.73285151325,
    13.52730792714));
#5551 = CARTESIAN_POINT('',(121.4050708079,197.74697326817,
    13.534659098369));
#5552 = CARTESIAN_POINT('',(121.43185704929,197.76166957076,
    13.54168101151));
#5553 = CARTESIAN_POINT('',(121.45863282675,197.77694759727,
    13.548357622912));
#5554 = CARTESIAN_POINT('',(121.48537498152,197.79281251024,
    13.554672730649));
#5555 = CARTESIAN_POINT('',(121.51205808915,197.80926702712,
    13.560610233896));
#5556 = CARTESIAN_POINT('',(121.55378886843,197.83600966971,
    13.569309235293));
#5557 = CARTESIAN_POINT('',(121.56889516073,197.84589916383,
    13.572336731671));
#5558 = CARTESIAN_POINT('',(121.58396817941,197.85597944861,
    13.575233931069));
#5559 = CARTESIAN_POINT('',(121.59900255441,197.86625014171,
    13.577997979318));
#5560 = CARTESIAN_POINT('',(121.61399272424,197.87671050104,
    13.580626118453));
#5561 = CARTESIAN_POINT('',(121.62893293599,197.88735942474,
    13.583115686717));
#5562 = CARTESIAN_POINT('',(121.6438172453,197.89819545123,
    13.58546411856));
#5563 = CARTESIAN_POINT('',(121.68873977069,197.93159822607,
    13.592146384366));
#5564 = CARTESIAN_POINT('',(121.71858652599,197.95474538086,
    13.596032032161));
#5565 = CARTESIAN_POINT('',(121.74812575901,197.9786405665,
    13.599305069095));
#5566 = CARTESIAN_POINT('',(121.77730347256,198.00326072223,
    13.601947786251));
#5567 = CARTESIAN_POINT('',(121.80606610896,198.02857688023,
    13.603946108552));
#5568 = CARTESIAN_POINT('',(121.8343609634,198.05455366229,
    13.60529011859));
#5569 = CARTESIAN_POINT('',(121.86213659731,198.08114877648,
    13.605974580456));
#5570 = CARTESIAN_POINT('',(121.92015888273,198.13907953495,
    13.606027647441));
#5571 = CARTESIAN_POINT('',(121.95024968091,198.17058116359,
    13.605209651299));
#5572 = CARTESIAN_POINT('',(121.97954212334,198.2027445581,
    13.603545089146));
#5573 = CARTESIAN_POINT('',(122.00797539962,198.23549444043,
    13.601042242663));
#5574 = CARTESIAN_POINT('',(122.03550038324,198.2687538868,
    13.59771702179));
#5575 = CARTESIAN_POINT('',(122.06207860299,198.30244511824,
    13.5935919253));
#5576 = CARTESIAN_POINT('',(122.0876812143,198.33649029115,
    13.58869500138));
#5577 = CARTESIAN_POINT('',(122.12455714618,198.3879255796,
    13.580248545797));
#5578 = CARTESIAN_POINT('',(122.13657942628,198.40510873761,
    13.57725428524));
#5579 = CARTESIAN_POINT('',(122.14835283597,198.42235280963,
    13.574080019737));
#5580 = CARTESIAN_POINT('',(122.1598759685,198.43964921495,
    13.570729854761));
#5581 = CARTESIAN_POINT('',(122.17114798541,198.45698974459,
    13.567208008062));
#5582 = CARTESIAN_POINT('',(122.18216861657,198.47436656123,
    13.563518809666));
#5583 = CARTESIAN_POINT('',(122.19293816015,198.49177219923,
    13.559666701877));
#5584 = CARTESIAN_POINT('',(122.22303606087,198.54163540243,
    13.548191960468));
#5585 = CARTESIAN_POINT('',(122.24174727309,198.57414601073,
    13.540179081536));
#5586 = CARTESIAN_POINT('',(122.25959683285,198.60668693883,
    13.531646299827));
#5587 = CARTESIAN_POINT('',(122.27659539388,198.63921846459,
    13.522622432019));
#5588 = CARTESIAN_POINT('',(122.29275762319,198.67170557241,
    13.51313589535));
#5589 = CARTESIAN_POINT('',(122.30810127417,198.70411793127,
    13.503214188844));
#5590 = CARTESIAN_POINT('',(122.32264625962,198.73642987269,
    13.492883374544));
#5591 = CARTESIAN_POINT('',(122.38411021341,198.88014224999,
    13.445043311426));
#5592 = CARTESIAN_POINT('',(122.42238449374,198.9899938239,
    13.403369406956));
#5593 = CARTESIAN_POINT('',(122.45231488951,199.09762134314,
    13.358077661982));
#5594 = CARTESIAN_POINT('',(122.47482407317,199.20263172383,
    13.30991866951));
#5595 = CARTESIAN_POINT('',(122.4907411118,199.30480280491,
    13.259493135707));
#5596 = CARTESIAN_POINT('',(122.50079622309,199.40407526006,
    13.20725284817));
#5597 = CARTESIAN_POINT('',(122.50559159102,199.50053668821,
    13.153491160149));
#5598 = CARTESIAN_POINT('',(122.50559159102,199.59440840897,
    13.098342875195));
#5599 = FACE_BOUND('',#5600,.F.);
#5600 = EDGE_LOOP('',(#5601));
#5601 = ORIENTED_EDGE('',*,*,#5602,.T.);
#5602 = EDGE_CURVE('',#5603,#5603,#5605,.T.);
#5603 = VERTEX_POINT('',#5604);
#5604 = CARTESIAN_POINT('',(122.50559159102,260.40559159102,
    13.098342875195));
#5605 = B_SPLINE_CURVE_WITH_KNOTS('',8,(#5606,#5607,#5608,#5609,#5610,
    #5611,#5612,#5613,#5614,#5615,#5616,#5617,#5618,#5619,#5620,#5621,
    #5622,#5623,#5624,#5625,#5626,#5627,#5628,#5629,#5630,#5631,#5632,
    #5633,#5634,#5635,#5636,#5637,#5638,#5639,#5640,#5641,#5642,#5643,
    #5644,#5645,#5646,#5647,#5648,#5649,#5650,#5651,#5652,#5653,#5654,
    #5655,#5656,#5657,#5658,#5659,#5660,#5661,#5662,#5663,#5664,#5665,
    #5666,#5667,#5668,#5669,#5670,#5671,#5672,#5673,#5674,#5675,#5676,
    #5677,#5678,#5679,#5680,#5681,#5682,#5683,#5684,#5685,#5686,#5687,
    #5688,#5689,#5690,#5691,#5692,#5693,#5694,#5695,#5696,#5697,#5698,
    #5699,#5700,#5701,#5702,#5703,#5704,#5705,#5706,#5707,#5708,#5709,
    #5710,#5711,#5712,#5713,#5714,#5715,#5716,#5717,#5718,#5719,#5720,
    #5721,#5722,#5723,#5724,#5725,#5726,#5727,#5728,#5729,#5730,#5731,
    #5732,#5733,#5734,#5735,#5736,#5737,#5738,#5739,#5740,#5741,#5742,
    #5743,#5744,#5745,#5746,#5747,#5748,#5749,#5750,#5751,#5752,#5753,
    #5754,#5755,#5756,#5757,#5758,#5759,#5760,#5761,#5762,#5763,#5764,
    #5765,#5766,#5767,#5768,#5769,#5770,#5771,#5772,#5773,#5774,#5775,
    #5776,#5777,#5778,#5779,#5780,#5781,#5782,#5783,#5784,#5785,#5786,
    #5787,#5788,#5789,#5790,#5791,#5792,#5793,#5794,#5795,#5796),
  .UNSPECIFIED.,.T.,.F.,(9,7,7,7,7,7,7,7,7,7,7,7,7,7,7,7,7,7,7,7,7,7,7,7
    ,7,7,7,9),(0.,5.784919746729E-02,7.390371431616E-02,
    8.274244576845E-02,0.100145004279,0.119648716804,0.130026793825,
    0.151619157272,0.185143520958,0.2190682644,0.250911421977,
    0.357212612603,0.469648470448,0.500136822354,0.530923847458,
    0.565566212175,0.578432671079,0.585456956343,0.600111667303,
    0.617909485581,0.627216865907,0.64647360822,0.676809423182,
    0.707541136497,0.737561438803,0.843149309165,0.966522378053,1.),
  .UNSPECIFIED.);
#5606 = CARTESIAN_POINT('',(122.50559159102,260.40559159102,
    13.098342875195));
#5607 = CARTESIAN_POINT('',(122.50559159102,260.50075449659,
    13.154249712645));
#5608 = CARTESIAN_POINT('',(122.50066339046,260.59856390191,
    13.208722765617));
#5609 = CARTESIAN_POINT('',(122.49032597022,260.69926134757,
    13.261629716828));
#5610 = CARTESIAN_POINT('',(122.4739494181,260.80294389731,
    13.312666845729));
#5611 = CARTESIAN_POINT('',(122.4507679994,260.90954791798,
    13.361359517387));
#5612 = CARTESIAN_POINT('',(122.41991197746,261.01883276736,
    13.407073182204));
#5613 = CARTESIAN_POINT('',(122.38041584291,261.13037150766,
    13.449013492764));
#5614 = CARTESIAN_POINT('',(122.31749112131,261.27496706271,
    13.496512651801));
#5615 = CARTESIAN_POINT('',(122.30307746205,261.30648780239,
    13.506458858376));
#5616 = CARTESIAN_POINT('',(122.28790034683,261.33809760853,
    13.516010093646));
#5617 = CARTESIAN_POINT('',(122.27194173521,261.3697718609,
    13.525141964548));
#5618 = CARTESIAN_POINT('',(122.25518567143,261.40148167921,
    13.533828829075));
#5619 = CARTESIAN_POINT('',(122.23761912398,261.43319391054,
    13.542044270273));
#5620 = CARTESIAN_POINT('',(122.21923282515,261.4648711167,
    13.549761570244));
#5621 = CARTESIAN_POINT('',(122.18944575079,261.51386902367,
    13.560914040617));
#5622 = CARTESIAN_POINT('',(122.17861966346,261.53124310155,
    13.564714884261));
#5623 = CARTESIAN_POINT('',(122.16754308306,261.54858663994,
    13.568352183032));
#5624 = CARTESIAN_POINT('',(122.15621581724,261.56589211906,
    13.571821524115));
#5625 = CARTESIAN_POINT('',(122.14463824677,261.5831516547,
    13.575118613906));
#5626 = CARTESIAN_POINT('',(122.1328113256,261.60035699823,
    13.578239278017));
#5627 = CARTESIAN_POINT('',(122.12073658084,261.61749953659,
    13.581179461274));
#5628 = CARTESIAN_POINT('',(122.08415837077,261.66818086492,
    13.589361050077));
#5629 = CARTESIAN_POINT('',(122.05894554765,261.70151700268,
    13.594072728517));
#5630 = CARTESIAN_POINT('',(122.03279765106,261.73450574647,
    13.598039948935));
#5631 = CARTESIAN_POINT('',(122.00574268384,261.76707360259,
    13.601236671251));
#5632 = CARTESIAN_POINT('',(121.97781755927,261.79914725565,
    13.603642059673));
#5633 = CARTESIAN_POINT('',(121.94906901635,261.83065428136,
    13.605241412964));
#5634 = CARTESIAN_POINT('',(121.91955453507,261.86152385938,
    13.606027094707));
#5635 = CARTESIAN_POINT('',(121.85548431156,261.92549301564,
    13.605968496298));
#5636 = CARTESIAN_POINT('',(121.82074244486,261.95841948357,
    13.604915931798));
#5637 = CARTESIAN_POINT('',(121.78521564023,261.99036887507,
    13.602841762122));
#5638 = CARTESIAN_POINT('',(121.74900477338,262.02126246896,
    13.599758668949));
#5639 = CARTESIAN_POINT('',(121.71221231561,262.05103902187,
    13.595690248384));
#5640 = CARTESIAN_POINT('',(121.67494104247,262.07965295245,
    13.590669235746));
#5641 = CARTESIAN_POINT('',(121.6372927423,262.10707252548,
    13.584735730372));
#5642 = CARTESIAN_POINT('',(121.57918630263,262.14722219188,
    13.574316922621));
#5643 = CARTESIAN_POINT('',(121.55892527663,262.16082387975,
    13.570452681815));
#5644 = CARTESIAN_POINT('',(121.53859767566,262.17408085815,
    13.566349329243));
#5645 = CARTESIAN_POINT('',(121.51821660432,262.18699210888,
    13.562013781171));
#5646 = CARTESIAN_POINT('',(121.49779442223,262.19955770405,
    13.557453150911));
#5647 = CARTESIAN_POINT('',(121.47734272318,262.2117786732,
    13.552674660868));
#5648 = CARTESIAN_POINT('',(121.45687231442,262.22365687028,
    13.547685554577));
#5649 = CARTESIAN_POINT('',(121.39378486189,262.2592004491,
    13.531689529779));
#5650 = CARTESIAN_POINT('',(121.35114196665,262.28173137328,
    13.520006119887));
#5651 = CARTESIAN_POINT('',(121.30855020274,262.30281404021,
    13.507506898277));
#5652 = CARTESIAN_POINT('',(121.26608289616,262.3224847644,
    13.494254567891));
#5653 = CARTESIAN_POINT('',(121.22380127607,262.34078725719,
    13.480309138787));
#5654 = CARTESIAN_POINT('',(121.18175474445,262.35777013587,
    13.465726651525));
#5655 = CARTESIAN_POINT('',(121.1399811458,262.37348443287,
    13.450557900541));
#5656 = CARTESIAN_POINT('',(121.03411421983,262.41048867836,
    13.410454614148));
#5657 = CARTESIAN_POINT('',(120.97046242069,262.43005496791,
    13.384763113089));
#5658 = CARTESIAN_POINT('',(120.90763935437,262.44687843827,
    13.357935993166));
#5659 = CARTESIAN_POINT('',(120.84571051666,262.46114453379,
    13.330116562099));
#5660 = CARTESIAN_POINT('',(120.78471989189,262.47302520317,
    13.30142816186));
#5661 = CARTESIAN_POINT('',(120.72469066051,262.48267842408,
    13.271974234029));
#5662 = CARTESIAN_POINT('',(120.66562590666,262.4902477278,
    13.241838385137));
#5663 = CARTESIAN_POINT('',(120.54869866143,262.50154276766,
    13.179963226249));
#5664 = CARTESIAN_POINT('',(120.49087443853,262.50522009977,
    13.148217292712));
#5665 = CARTESIAN_POINT('',(120.4340292968,262.5070263435,
    13.115917996946));
#5666 = CARTESIAN_POINT('',(120.37815471072,262.5070788968,
    13.083127402793));
#5667 = CARTESIAN_POINT('',(120.32324033182,262.50548161833,
    13.04989884287));
#5668 = CARTESIAN_POINT('',(120.26927333105,262.50232651337,
    13.016277469047));
#5669 = CARTESIAN_POINT('',(120.21623774124,262.49769541988,
    12.982300802929));
#5670 = CARTESIAN_POINT('',(120.11518812671,262.48599819181,
    12.915802473989));
#5671 = CARTESIAN_POINT('',(120.06706958053,262.47909922175,
    12.883321952815));
#5672 = CARTESIAN_POINT('',(120.01974442903,262.47102523891,
    12.850584322004));
#5673 = CARTESIAN_POINT('',(119.97320017255,262.46183046247,
    12.817613361363));
#5674 = CARTESIAN_POINT('',(119.92742519926,262.45156350504,
    12.784430181036));
#5675 = CARTESIAN_POINT('',(119.88240844089,262.44026800157,
    12.751053371244));
#5676 = CARTESIAN_POINT('',(119.83813902839,262.4279832383,
    12.717499152013));
#5677 = CARTESIAN_POINT('',(119.64928058867,262.37055118393,
    12.571222832417));
#5678 = CARTESIAN_POINT('',(119.51223113844,262.31575092423,
    12.456897455732));
#5679 = CARTESIAN_POINT('',(119.38296615788,262.2516501453,
    12.341268271982));
#5680 = CARTESIAN_POINT('',(119.26126257609,262.17911099217,
    12.224702122368));
#5681 = CARTESIAN_POINT('',(119.14699921995,262.09877579197,
    12.107502042643));
#5682 = CARTESIAN_POINT('',(119.0401170299,262.01112310219,
    11.989915300609));
#5683 = CARTESIAN_POINT('',(118.94063989985,261.91644902422,
    11.872133209609));
#5684 = CARTESIAN_POINT('',(118.75143381192,261.70742302038,
    11.629663909875));
#5685 = CARTESIAN_POINT('',(118.66272098793,261.5923843005,
    11.505126210693));
#5686 = CARTESIAN_POINT('',(118.58263458268,261.46988860141,
    11.380821169936));
#5687 = CARTESIAN_POINT('',(118.51153029848,261.33994287254,
    11.256973915696));
#5688 = CARTESIAN_POINT('',(118.44995831734,261.20249079388,
    11.133895087036));
#5689 = CARTESIAN_POINT('',(118.39877059805,261.05734089969,
    11.012006242521));
#5690 = CARTESIAN_POINT('',(118.3590603508,260.90421036256,
    10.891831950953));
#5691 = CARTESIAN_POINT('',(118.32562678159,260.69838010427,
    10.742181189664));
#5692 = CARTESIAN_POINT('',(118.31948209859,260.65383521464,
    10.710444324659));
#5693 = CARTESIAN_POINT('',(118.31436333429,260.60863959509,
    10.678910395664));
#5694 = CARTESIAN_POINT('',(118.31031328746,260.56278047923,
    10.647598936522));
#5695 = CARTESIAN_POINT('',(118.30737984628,260.51624502855,
    10.616532732572));
#5696 = CARTESIAN_POINT('',(118.30561688805,260.46901982203,
    10.585738090749));
#5697 = CARTESIAN_POINT('',(118.30508517881,260.4210903458,
    10.555245109685));
#5698 = CARTESIAN_POINT('',(118.30662889174,260.32331403088,
    10.494635361215));
#5699 = CARTESIAN_POINT('',(118.30872968822,260.27345851268,
    10.464528536512));
#5700 = CARTESIAN_POINT('',(118.31222692578,260.22285358961,
    10.434800726563));
#5701 = CARTESIAN_POINT('',(118.31719983344,260.17148373186,
    10.40549339414));
#5702 = CARTESIAN_POINT('',(118.32373732224,260.11933752431,
    10.376656916689));
#5703 = CARTESIAN_POINT('',(118.33193970141,260.06640697232,
    10.348351289085));
#5704 = CARTESIAN_POINT('',(118.34192039463,260.01268680763,
    10.320646826386));
#5705 = CARTESIAN_POINT('',(118.36718351344,259.89683432772,
    10.26321905169));
#5706 = CARTESIAN_POINT('',(118.38296691575,259.83452175821,
    10.233692791817));
#5707 = CARTESIAN_POINT('',(118.40134349554,259.77120762958,
    10.205148755684));
#5708 = CARTESIAN_POINT('',(118.42251994838,259.70690841811,
    10.177731853973));
#5709 = CARTESIAN_POINT('',(118.4467194122,259.6416874481,
    10.151627884722));
#5710 = CARTESIAN_POINT('',(118.47417461071,259.57565742504,
    10.127060944974));
#5711 = CARTESIAN_POINT('',(118.50511876106,259.5089835863,
    10.10428960871));
#5712 = CARTESIAN_POINT('',(118.55264557754,259.41696742018,
    10.075918275283));
#5713 = CARTESIAN_POINT('',(118.56602611724,259.39199445823,
    10.068523750801));
#5714 = CARTESIAN_POINT('',(118.57992542776,259.36698263532,
    10.061433607778));
#5715 = CARTESIAN_POINT('',(118.59435196241,259.3419483588,
    10.054663961066));
#5716 = CARTESIAN_POINT('',(118.60931262745,259.3169103867,
    10.048231443872));
#5717 = CARTESIAN_POINT('',(118.62481234464,259.29188982282,
    10.042152921458));
#5718 = CARTESIAN_POINT('',(118.64085361374,259.26691011186,
    10.036445204836));
#5719 = CARTESIAN_POINT('',(118.66648906614,259.22839604587,
    10.028220135369));
#5720 = CARTESIAN_POINT('',(118.6757033001,259.21481495084,
    10.025430916942));
#5721 = CARTESIAN_POINT('',(118.68507871487,259.20125802046,
    10.022759836007));
#5722 = CARTESIAN_POINT('',(118.6946149405,259.18772970385,
    10.020209535168));
#5723 = CARTESIAN_POINT('',(118.70431129909,259.17423462826,
    10.017782572808));
#5724 = CARTESIAN_POINT('',(118.71416680479,259.16077759902,
    10.015481423093));
#5725 = CARTESIAN_POINT('',(118.72418016382,259.14736359964,
    10.013308475967));
#5726 = CARTESIAN_POINT('',(118.75556655286,259.10611281196,
    10.007004913169));
#5727 = CARTESIAN_POINT('',(118.77746510249,259.07843523494,
    10.003311399827));
#5728 = CARTESIAN_POINT('',(118.80002842629,259.05101464981,
    10.000206602026));
#5729 = CARTESIAN_POINT('',(118.82323447068,259.02390085657,
    9.997708488392));
#5730 = CARTESIAN_POINT('',(118.84705562779,258.99714348594,
    9.995831321869));
#5731 = CARTESIAN_POINT('',(118.87145823775,258.97079161929,
    9.994585090306));
#5732 = CARTESIAN_POINT('',(118.89640209096,258.9448934085,
    9.993974937047));
#5733 = CARTESIAN_POINT('',(118.95273361665,258.88865074269,
    9.994031748294));
#5734 = CARTESIAN_POINT('',(118.98436234138,258.85853762776,
    9.995000727962));
#5735 = CARTESIAN_POINT('',(119.01664013761,258.82924232091,
    9.99690753889));
#5736 = CARTESIAN_POINT('',(119.04947927393,258.80083414581,
    9.999740260081));
#5737 = CARTESIAN_POINT('',(119.08279129916,258.77336736995,
    10.00347675051));
#5738 = CARTESIAN_POINT('',(119.11648808699,258.74688279466,
    10.008086358467));
#5739 = CARTESIAN_POINT('',(119.15048288069,258.72140934508,
    10.01353163089));
#5740 = CARTESIAN_POINT('',(119.20258067201,258.68418281968,
    10.023032393652));
#5741 = CARTESIAN_POINT('',(119.22052998972,258.67168058736,
    10.026512012919));
#5742 = CARTESIAN_POINT('',(119.23852821716,258.65946075773,
    10.030202869591));
#5743 = CARTESIAN_POINT('',(119.25656491323,258.64752435099,
    10.034098860512));
#5744 = CARTESIAN_POINT('',(119.27463026945,258.63587161309,
    10.038193790284));
#5745 = CARTESIAN_POINT('',(119.29271510993,258.62450201569,
    10.042481371265));
#5746 = CARTESIAN_POINT('',(119.31081089138,258.61341425617,
    10.046955223574));
#5747 = CARTESIAN_POINT('',(119.36635570215,258.58024477298,
    10.061237166272));
#5748 = CARTESIAN_POINT('',(119.4038123249,258.55908283753,
    10.071634894383));
#5749 = CARTESIAN_POINT('',(119.44121353371,258.53910085963,
    10.082746552178));
#5750 = CARTESIAN_POINT('',(119.47850314389,258.52027134183,
    10.09451789552));
#5751 = CARTESIAN_POINT('',(119.51563458415,258.5025607819,10.1068970148
    ));
#5752 = CARTESIAN_POINT('',(119.55257065678,258.48593157377,
    10.119835406366));
#5753 = CARTESIAN_POINT('',(119.589283298,258.47034390847,
    10.133289043951));
#5754 = CARTESIAN_POINT('',(119.68320585934,258.43277947515,
    10.169164502703));
#5755 = CARTESIAN_POINT('',(119.74003988329,258.41229263256,
    10.192286178572));
#5756 = CARTESIAN_POINT('',(119.79619063888,258.39413332073,
    10.21643600205));
#5757 = CARTESIAN_POINT('',(119.85161070605,258.37814870354,
    10.241483975723));
#5758 = CARTESIAN_POINT('',(119.90626967294,258.36419707406,
    10.267318388389));
#5759 = CARTESIAN_POINT('',(119.96015379296,258.3521479934,
    10.293845623035));
#5760 = CARTESIAN_POINT('',(120.0132656418,258.34188242941,
    10.320989964814));
#5761 = CARTESIAN_POINT('',(120.11866520818,258.32459126355,
    10.376758397759));
#5762 = CARTESIAN_POINT('',(120.17091958756,258.31761184979,
    10.405389964992));
#5763 = CARTESIAN_POINT('',(120.22239768453,258.312244122,
    10.434523175153));
#5764 = CARTESIAN_POINT('',(120.27311042938,258.30839056551,
    10.464101714129));
#5765 = CARTESIAN_POINT('',(120.32306962199,258.30596512671,
    10.494077308494));
#5766 = CARTESIAN_POINT('',(120.37228864322,258.30489165666,
    10.524409144743));
#5767 = CARTESIAN_POINT('',(120.42078316629,258.30510235467,
    10.555063288519));
#5768 = CARTESIAN_POINT('',(120.51525430527,258.3079368766,
    10.616244482451));
#5769 = CARTESIAN_POINT('',(120.56125944999,258.31050472666,
    10.646755676735));
#5770 = CARTESIAN_POINT('',(120.60660216341,258.31418333935,
    10.677518612617));
#5771 = CARTESIAN_POINT('',(120.65129574534,258.31892248409,
    10.708509261024));
#5772 = CARTESIAN_POINT('',(120.69535234369,258.32467743429,
    10.739706443587));
#5773 = CARTESIAN_POINT('',(120.73878336387,258.33140827925,
    10.771091638329));
#5774 = CARTESIAN_POINT('',(120.78159987829,258.33907923608,
    10.802648785362));
#5775 = CARTESIAN_POINT('',(120.97228580431,258.37783118723,
    10.945913660356));
#5776 = CARTESIAN_POINT('',(121.11321503901,258.41921882093,
    11.059360514745));
#5777 = CARTESIAN_POINT('',(121.24718132911,258.47042138125,
    11.174169827625));
#5778 = CARTESIAN_POINT('',(121.37441075533,258.53059174734,
    11.289940314265));
#5779 = CARTESIAN_POINT('',(121.49503906385,258.59908151391,
    11.406345179003));
#5780 = CARTESIAN_POINT('',(121.60910111933,258.67545470143,
    11.5231323413));
#5781 = CARTESIAN_POINT('',(121.71657130111,258.75942838616,
    11.640110506801));
#5782 = CARTESIAN_POINT('',(121.93504591385,258.95781556174,
    11.893903172172));
#5783 = CARTESIAN_POINT('',(122.04340062127,259.07479637873,
    12.030512705732));
#5784 = CARTESIAN_POINT('',(122.14228657062,259.20169788755,
    12.166820847971));
#5785 = CARTESIAN_POINT('',(122.2311841183,259.33856498314,
    12.302544565615));
#5786 = CARTESIAN_POINT('',(122.30930111259,259.48551040529,
    12.437284055509));
#5787 = CARTESIAN_POINT('',(122.37540091744,259.64281922623,
    12.57048751209));
#5788 = CARTESIAN_POINT('',(122.42794228565,259.81083727061,
    12.701471404287));
#5789 = CARTESIAN_POINT('',(122.4740168875,260.03940390918,
    12.863961340449));
#5790 = CARTESIAN_POINT('',(122.4826478454,260.08904029529,
    12.898398719539));
#5791 = CARTESIAN_POINT('',(122.49002078567,260.13954495219,
    12.932570232195));
#5792 = CARTESIAN_POINT('',(122.49607456366,260.19093269806,
    12.966449478832));
#5793 = CARTESIAN_POINT('',(122.50074066137,260.2432174541,
    13.00000532343));
#5794 = CARTESIAN_POINT('',(122.50394197307,260.2964128184,
    13.033201552438));
#5795 = CARTESIAN_POINT('',(122.50559159102,260.35053263964,
    13.065996533668));
#5796 = CARTESIAN_POINT('',(122.50559159102,260.40559159102,
    13.098342875195));
#5797 = FACE_BOUND('',#5798,.F.);
#5798 = EDGE_LOOP('',(#5799));
#5799 = ORIENTED_EDGE('',*,*,#5800,.T.);
#5800 = EDGE_CURVE('',#5801,#5801,#5803,.T.);
#5801 = VERTEX_POINT('',#5802);
#5802 = CARTESIAN_POINT('',(61.694408408978,260.40559159102,
    10.54579654436));
#5803 = B_SPLINE_CURVE_WITH_KNOTS('',8,(#5804,#5805,#5806,#5807,#5808,
    #5809,#5810,#5811,#5812,#5813,#5814,#5815,#5816,#5817,#5818,#5819,
    #5820,#5821,#5822,#5823,#5824,#5825,#5826,#5827,#5828,#5829,#5830,
    #5831,#5832,#5833,#5834,#5835,#5836,#5837,#5838,#5839,#5840,#5841,
    #5842,#5843,#5844,#5845,#5846,#5847,#5848,#5849,#5850,#5851,#5852,
    #5853,#5854,#5855,#5856,#5857,#5858,#5859,#5860,#5861,#5862,#5863,
    #5864,#5865,#5866,#5867,#5868,#5869,#5870,#5871,#5872,#5873,#5874,
    #5875,#5876,#5877,#5878,#5879,#5880,#5881,#5882,#5883,#5884,#5885,
    #5886,#5887,#5888,#5889,#5890,#5891,#5892,#5893,#5894,#5895,#5896,
    #5897,#5898,#5899,#5900,#5901,#5902,#5903,#5904,#5905,#5906,#5907,
    #5908,#5909,#5910,#5911,#5912,#5913,#5914,#5915,#5916,#5917,#5918,
    #5919,#5920,#5921,#5922,#5923,#5924,#5925,#5926,#5927,#5928,#5929,
    #5930,#5931,#5932,#5933,#5934,#5935,#5936,#5937,#5938,#5939,#5940,
    #5941,#5942,#5943,#5944,#5945,#5946,#5947,#5948,#5949,#5950,#5951,
    #5952,#5953,#5954,#5955,#5956,#5957,#5958,#5959,#5960,#5961,#5962,
    #5963,#5964,#5965,#5966,#5967,#5968,#5969,#5970,#5971,#5972,#5973,
    #5974,#5975,#5976,#5977,#5978,#5979,#5980,#5981,#5982,#5983,#5984,
    #5985,#5986,#5987,#5988,#5989,#5990,#5991,#5992,#5993,#5994),
  .UNSPECIFIED.,.T.,.F.,(9,7,7,7,7,7,7,7,7,7,7,7,7,7,7,7,7,7,7,7,7,7,7,7
    ,7,7,7,9),(0.,3.359568835746E-02,0.14029623317,0.258635350019,
    0.291584849087,0.325345532285,0.360433718118,0.373995898991,
    0.381713310351,0.39738540556,0.417233725489,0.427619687662,
    0.448825842926,0.482316614124,0.516212042648,0.5480337317,
    0.654305471767,0.767350055538,0.797814769003,0.82857153469,
    0.863176186774,0.87567469076,0.882704001789,0.897363478644,
    0.91375677618,0.921912211874,0.937704474389,1.),.UNSPECIFIED.);
#5804 = CARTESIAN_POINT('',(61.694408408978,260.40559159102,
    10.54579654436));
#5805 = CARTESIAN_POINT('',(61.694408408978,260.45873507473,
    10.579248264895));
#5806 = CARTESIAN_POINT('',(61.692871600508,260.51101081552,
    10.613085338263));
#5807 = CARTESIAN_POINT('',(61.68988521108,260.56244157297,
    10.647265742457));
#5808 = CARTESIAN_POINT('',(61.685525600816,260.61304715947,
    10.681752667464));
#5809 = CARTESIAN_POINT('',(61.679859642942,260.66284524539,
    10.716514118546));
#5810 = CARTESIAN_POINT('',(61.672946104271,260.71185216425,
    10.751522519521));
#5811 = CARTESIAN_POINT('',(61.664837025702,260.76008371789,
    10.786754316054));
#5812 = CARTESIAN_POINT('',(61.62617576329,260.95832879364,
    10.934732647381));
#5813 = CARTESIAN_POINT('',(61.585199340764,261.10135615237,
    11.049264490455));
#5814 = CARTESIAN_POINT('',(61.534133388232,261.23725502249,
    11.165218954588));
#5815 = CARTESIAN_POINT('',(61.473866156998,261.36626187584,
    11.282174726358));
#5816 = CARTESIAN_POINT('',(61.405079329725,261.48852198184,
    11.399789749536));
#5817 = CARTESIAN_POINT('',(61.328228610559,261.60407477385,
    11.517802330749));
#5818 = CARTESIAN_POINT('',(61.243609753157,261.71289865701,
    11.636015625705));
#5819 = CARTESIAN_POINT('',(61.048942302888,261.92795811757,
    11.885483710285));
#5820 = CARTESIAN_POINT('',(60.937275378417,262.03245217934,
    12.016563904874));
#5821 = CARTESIAN_POINT('',(60.816463487458,262.12824007052,
    12.147380223934));
#5822 = CARTESIAN_POINT('',(60.68648925264,262.21487622947,
    12.277677147599));
#5823 = CARTESIAN_POINT('',(60.547263865624,262.29168046752,
    12.407106510932));
#5824 = CARTESIAN_POINT('',(60.398558302672,262.35762485982,
    12.535204719304));
#5825 = CARTESIAN_POINT('',(60.240064118573,262.41140493869,
    12.661401635948));
#5826 = CARTESIAN_POINT('',(60.023840364067,262.46178375809,
    12.81931981785));
#5827 = CARTESIAN_POINT('',(59.975934967095,262.47163907202,
    12.853497931169));
#5828 = CARTESIAN_POINT('',(59.927201560133,262.48032960091,
    12.887441732124));
#5829 = CARTESIAN_POINT('',(59.877626553612,262.48780210811,
    12.921128619449));
#5830 = CARTESIAN_POINT('',(59.82719675924,262.4939971037,
    12.954532183471));
#5831 = CARTESIAN_POINT('',(59.775898894104,262.49884784894,
    12.98762194092));
#5832 = CARTESIAN_POINT('',(59.723719084761,262.50227936082,
    13.02036306975));
#5833 = CARTESIAN_POINT('',(59.616258961655,262.50618293902,
    13.085865718885));
#5834 = CARTESIAN_POINT('',(59.560941114552,262.50657963017,
    13.118603421591));
#5835 = CARTESIAN_POINT('',(59.504668212191,262.50530747893,
    13.150889864285));
#5836 = CARTESIAN_POINT('',(59.447426287652,262.50226397415,
    13.182674588863));
#5837 = CARTESIAN_POINT('',(59.389208412666,262.49733451184,
    13.213896161388));
#5838 = CARTESIAN_POINT('',(59.330014463664,262.49039135336,
    13.244481770929));
#5839 = CARTESIAN_POINT('',(59.269850266144,262.48129113446,
    13.274346332752));
#5840 = CARTESIAN_POINT('',(59.145198508058,262.45800166248,
    13.333577927105));
#5841 = CARTESIAN_POINT('',(59.08066040426,262.4436313363,
    13.362866672877));
#5842 = CARTESIAN_POINT('',(59.015107770264,262.42657698623,
    13.391155604318));
#5843 = CARTESIAN_POINT('',(58.948579789744,262.40663722076,
    13.418307336181));
#5844 = CARTESIAN_POINT('',(58.881161252899,262.38359722521,
    13.4441506185));
#5845 = CARTESIAN_POINT('',(58.81298526915,262.35723637707,
    13.468483296633));
#5846 = CARTESIAN_POINT('',(58.74423630538,262.3273384689,
    13.491076439692));
#5847 = CARTESIAN_POINT('',(58.648451889168,262.28070445257,
    13.519643123813));
#5848 = CARTESIAN_POINT('',(58.621705025835,262.26714848674,
    13.52730792714));
#5849 = CARTESIAN_POINT('',(58.594929192096,262.25302673182,
    13.534659098369));
#5850 = CARTESIAN_POINT('',(58.56814295071,262.23833042923,
    13.54168101151));
#5851 = CARTESIAN_POINT('',(58.541367173242,262.22305240272,
    13.548357622912));
#5852 = CARTESIAN_POINT('',(58.514625018477,262.20718748975,
    13.554672730649));
#5853 = CARTESIAN_POINT('',(58.487941910849,262.19073297287,
    13.560610233896));
#5854 = CARTESIAN_POINT('',(58.446211131571,262.16399033028,
    13.569309235293));
#5855 = CARTESIAN_POINT('',(58.431104839268,262.15410083616,
    13.572336731671));
#5856 = CARTESIAN_POINT('',(58.416031820585,262.14402055138,
    13.575233931069));
#5857 = CARTESIAN_POINT('',(58.400997445583,262.13374985828,
    13.577997979318));
#5858 = CARTESIAN_POINT('',(58.386007275753,262.12328949895,
    13.580626118452));
#5859 = CARTESIAN_POINT('',(58.371067064009,262.11264057525,
    13.583115686717));
#5860 = CARTESIAN_POINT('',(58.356182754693,262.10180454876,
    13.58546411856));
#5861 = CARTESIAN_POINT('',(58.311260229304,262.06840177392,
    13.592146384366));
#5862 = CARTESIAN_POINT('',(58.281413474001,262.04525461913,
    13.596032032161));
#5863 = CARTESIAN_POINT('',(58.251874240985,262.02135943349,
    13.599305069095));
#5864 = CARTESIAN_POINT('',(58.222696527438,261.99673927776,
    13.601947786251));
#5865 = CARTESIAN_POINT('',(58.193933891037,261.97142311976,
    13.603946108552));
#5866 = CARTESIAN_POINT('',(58.165639036593,261.9454463377,
    13.60529011859));
#5867 = CARTESIAN_POINT('',(58.13786340269,261.91885122351,
    13.605974580456));
#5868 = CARTESIAN_POINT('',(58.076200195273,261.85728528641,
    13.606030977416));
#5869 = CARTESIAN_POINT('',(58.042648908876,261.82196362573,
    13.605004517592));
#5870 = CARTESIAN_POINT('',(58.01010695191,261.78582555001,
    13.602919509646));
#5871 = CARTESIAN_POINT('',(57.97865766812,261.74897726542,
    13.599789040392));
#5872 = CARTESIAN_POINT('',(57.948365656211,261.71152673099,
    13.595637926155));
#5873 = CARTESIAN_POINT('',(57.919278743823,261.67358225125,
    13.590500781022));
#5874 = CARTESIAN_POINT('',(57.891429961515,261.63525106892,
    13.584420085089));
#5875 = CARTESIAN_POINT('',(57.850925626076,261.5764330073,
    13.573794032871));
#5876 = CARTESIAN_POINT('',(57.837354931403,261.55614893385,
    13.569898380653));
#5877 = CARTESIAN_POINT('',(57.824129576298,261.53579953856,
    13.565763967639));
#5878 = CARTESIAN_POINT('',(57.81125048654,261.51539789266,
    13.561397743857));
#5879 = CARTESIAN_POINT('',(57.79871750315,261.49495631696,
    13.55680685006));
#5880 = CARTESIAN_POINT('',(57.786529515433,261.47448636152,
    13.551998530023));
#5881 = CARTESIAN_POINT('',(57.774684594014,261.45399878544,
    13.546980042819));
#5882 = CARTESIAN_POINT('',(57.73969018852,261.39165614467,
    13.531097333239));
#5883 = CARTESIAN_POINT('',(57.717621322287,261.34977962265,
    13.519590525042));
#5884 = CARTESIAN_POINT('',(57.696948095026,261.30795466945,
    13.507298843942));
#5885 = CARTESIAN_POINT('',(57.677635949492,261.26625046856,
    13.494281618604));
#5886 = CARTESIAN_POINT('',(57.659643481202,261.22472493679,
    13.480595645549));
#5887 = CARTESIAN_POINT('',(57.642924718296,261.18342497318,
    13.466294021771));
#5888 = CARTESIAN_POINT('',(57.627431401396,261.14238670771,
    13.451424977346));
#5889 = CARTESIAN_POINT('',(57.590505860966,261.03727797404,
    13.41171861826));
#5890 = CARTESIAN_POINT('',(57.570838666439,260.97365572869,
    13.386103993119));
#5891 = CARTESIAN_POINT('',(57.553915696615,260.91085774019,
    13.35935047641));
#5892 = CARTESIAN_POINT('',(57.539551755426,260.84895032474,
    13.331601704397));
#5893 = CARTESIAN_POINT('',(57.52757496505,260.78797811345,
    13.302981349334));
#5894 = CARTESIAN_POINT('',(57.517827296955,260.72796477721,
    13.273593162976));
#5895 = CARTESIAN_POINT('',(57.510165102939,260.66891375142,
    13.243521020093));
#5896 = CARTESIAN_POINT('',(57.498685252369,260.55200211027,
    13.181766062414));
#5897 = CARTESIAN_POINT('',(57.494916611294,260.4941800325,
    13.150076418568));
#5898 = CARTESIAN_POINT('',(57.493020906118,260.43733560916,
    13.117831624921));
#5899 = CARTESIAN_POINT('',(57.49288055108,260.38146050511,
    13.085093961489));
#5900 = CARTESIAN_POINT('',(57.49439150725,260.32654451423,
    13.051916945217));
#5901 = CARTESIAN_POINT('',(57.497461598266,260.27257490521,
    13.018345881374));
#5902 = CARTESIAN_POINT('',(57.502008826094,260.21953576738,
    12.984418414948));
#5903 = CARTESIAN_POINT('',(57.513546470772,260.11846818815,
    12.91800738537));
#5904 = CARTESIAN_POINT('',(57.520370077864,260.07033566198,
    12.885564986305));
#5905 = CARTESIAN_POINT('',(57.528369898631,260.02299606566,
    12.852864583064));
#5906 = CARTESIAN_POINT('',(57.537491575332,259.97643691177,
    12.819930041139));
#5907 = CARTESIAN_POINT('',(57.547686371014,259.93064659304,
    12.786782543833));
#5908 = CARTESIAN_POINT('',(57.558910538622,259.88561403761,
    12.753440742801));
#5909 = CARTESIAN_POINT('',(57.571124690113,259.8413283642,
    12.71992090859));
#5910 = CARTESIAN_POINT('',(57.62827061748,259.65233949828,
    12.57374654225));
#5911 = CARTESIAN_POINT('',(57.682870226779,259.51517783046,
    12.459481560665));
#5912 = CARTESIAN_POINT('',(57.74678074206,259.38580041927,
    12.34390694514));
#5913 = CARTESIAN_POINT('',(57.819136883269,259.26398320882,
    12.227390737405));
#5914 = CARTESIAN_POINT('',(57.899293814645,259.14960388318,
    12.110236725645));
#5915 = CARTESIAN_POINT('',(57.986770852495,259.04260194403,
    11.992692533846));
#5916 = CARTESIAN_POINT('',(58.081270226593,258.94299959306,
    11.874949405779));
#5917 = CARTESIAN_POINT('',(58.290545975919,258.75296550029,
    11.631842668787));
#5918 = CARTESIAN_POINT('',(58.40609437962,258.66364809789,
    11.506631000925));
#5919 = CARTESIAN_POINT('',(58.529180391527,258.58304506286,
    11.381651214466));
#5920 = CARTESIAN_POINT('',(58.659796569421,258.51151635736,
    11.257131337275));
#5921 = CARTESIAN_POINT('',(58.797999274579,258.4496196392,
    11.133386638124));
#5922 = CARTESIAN_POINT('',(58.943983424387,258.39822193225,
    11.010846068809));
#5923 = CARTESIAN_POINT('',(59.09803526374,258.35843427136,
    10.890043550769));
#5924 = CARTESIAN_POINT('',(59.304899191088,258.32516790523,
    10.739840912684));
#5925 = CARTESIAN_POINT('',(59.349450217627,258.31909388343,
    10.708142385151));
#5926 = CARTESIAN_POINT('',(59.394651618826,258.31404647217,
    10.676647540038));
#5927 = CARTESIAN_POINT('',(59.440516173122,258.31006858953,
    10.645375981423));
#5928 = CARTESIAN_POINT('',(59.487056718687,258.3072082556,
    10.614350580959));
#5929 = CARTESIAN_POINT('',(59.534286664341,258.30551949477,
    10.583597749361));
#5930 = CARTESIAN_POINT('',(59.58222050047,258.30506323794,
    10.553147707885));
#5931 = CARTESIAN_POINT('',(59.67999454273,258.30676131233,
    10.492633131739));
#5932 = CARTESIAN_POINT('',(59.729843084896,258.30894048656,
    10.462578436046));
#5933 = CARTESIAN_POINT('',(59.780440246146,258.31251716075,
    10.432904040011));
#5934 = CARTESIAN_POINT('',(59.83180147962,258.31757072359,10.4036515599
    ));
#5935 = CARTESIAN_POINT('',(59.883938070435,258.32419024944,
    10.374871563433));
#5936 = CARTESIAN_POINT('',(59.93685782423,258.33247620847,
    10.346624272254));
#5937 = CARTESIAN_POINT('',(59.990565755721,258.3425421768,
    10.318980264401));
#5938 = CARTESIAN_POINT('',(60.106382007354,258.36798899382,
    10.261689318811));
#5939 = CARTESIAN_POINT('',(60.168669912245,258.38387074343,
    10.232239853862));
#5940 = CARTESIAN_POINT('',(60.231956436028,258.40234760481,
    10.203775894494));
#5941 = CARTESIAN_POINT('',(60.296224323226,258.42362626765,
    10.176442850659));
#5942 = CARTESIAN_POINT('',(60.3614091946,258.44792966265,
    10.150427068339));
#5943 = CARTESIAN_POINT('',(60.427396987903,258.47548997299,
    10.125953171974));
#5944 = CARTESIAN_POINT('',(60.494020763562,258.50653929673,
    10.103280110677));
#5945 = CARTESIAN_POINT('',(60.585268969898,258.55385208976,
    10.07526130853));
#5946 = CARTESIAN_POINT('',(60.609529796964,258.56688748973,
    10.068100758758));
#5947 = CARTESIAN_POINT('',(60.633826327003,258.58041285089,
    10.061228340811));
#5948 = CARTESIAN_POINT('',(60.658143430713,258.59443585376,
    10.054658840099));
#5949 = CARTESIAN_POINT('',(60.682463882882,258.60896278939,
    10.048407497654));
#5950 = CARTESIAN_POINT('',(60.706768366294,258.62399818021,
    10.042489762238));
#5951 = CARTESIAN_POINT('',(60.73103547563,258.63954440091,
    10.036921042455));
#5952 = CARTESIAN_POINT('',(60.768855609105,258.66463189484,
    10.028789337571));
#5953 = CARTESIAN_POINT('',(60.782450217372,258.67382396758,
    10.02597737825));
#5954 = CARTESIAN_POINT('',(60.79602129408,258.68317749016,
    10.023283317885));
#5955 = CARTESIAN_POINT('',(60.80956440673,258.69269212823,
    10.020709811394));
#5956 = CARTESIAN_POINT('',(60.823074942415,258.70236724052,
    10.018259431613));
#5957 = CARTESIAN_POINT('',(60.836548107818,258.71220187878,
    10.015934669293));
#5958 = CARTESIAN_POINT('',(60.849978929213,258.72219478788,
    10.013737933106));
#5959 = CARTESIAN_POINT('',(60.891272885047,258.75351121526,
    10.007362151396));
#5960 = CARTESIAN_POINT('',(60.918979281195,258.77536123904,
    10.003619242658));
#5961 = CARTESIAN_POINT('',(60.946431987593,258.79787786994,
    10.00046409293));
#5962 = CARTESIAN_POINT('',(60.973581254821,258.82103943591,
    9.997914885259));
#5963 = CARTESIAN_POINT('',(61.000377421097,258.84481868856,
    9.995986135547));
#5964 = CARTESIAN_POINT('',(61.026771296024,258.86918229162,
    9.994688111858));
#5965 = CARTESIAN_POINT('',(61.052714544334,258.89409030951,
    9.994026253736));
#5966 = CARTESIAN_POINT('',(61.106615114194,258.94790585419,
    9.993971894147));
#5967 = CARTESIAN_POINT('',(61.134452660932,258.97694291927,
    9.994738786418));
#5968 = CARTESIAN_POINT('',(61.161605777419,259.00654059053,
    9.996301681383));
#5969 = CARTESIAN_POINT('',(61.188019066352,259.03663089762,
    9.998652436743));
#5970 = CARTESIAN_POINT('',(61.213647699993,259.06714488327,
    10.001775424179));
#5971 = CARTESIAN_POINT('',(61.238456454624,259.09801328604,
    10.005648598689));
#5972 = CARTESIAN_POINT('',(61.262418744996,259.12916722318,
    10.010244567926));
#5973 = CARTESIAN_POINT('',(61.297006049568,259.17614582954,
    10.018161916471));
#5974 = CARTESIAN_POINT('',(61.308282930967,259.19180764692,
    10.020963421186));
#5975 = CARTESIAN_POINT('',(61.319344486276,259.20751655203,
    10.023932317205));
#5976 = CARTESIAN_POINT('',(61.330189407962,259.22326512738,
    10.02706464659));
#5977 = CARTESIAN_POINT('',(61.340816897652,259.23904631146,
    10.030356351924));
#5978 = CARTESIAN_POINT('',(61.35122666614,259.25485339877,
    10.033803276321));
#5979 = CARTESIAN_POINT('',(61.361418933381,259.27068003978,
    10.037401163419));
#5980 = CARTESIAN_POINT('',(61.390711071208,259.31719335584,
    10.048396530768));
#5981 = CARTESIAN_POINT('',(61.409214175421,259.34791662876,
    10.056197151692));
#5982 = CARTESIAN_POINT('',(61.426909342532,259.3786480094,
    10.064516639489));
#5983 = CARTESIAN_POINT('',(61.443807172425,259.40935044732,
    10.073324112785));
#5984 = CARTESIAN_POINT('',(61.459922302188,259.43999183287,
    10.082589272676));
#5985 = CARTESIAN_POINT('',(61.47527244484,259.47054493812,
    10.092282985908));
#5986 = CARTESIAN_POINT('',(61.489877428049,259.50098735783,
    10.102377868052));
#5987 = CARTESIAN_POINT('',(61.558513656957,259.65088104356,
    10.154153674203));
#5988 = CARTESIAN_POINT('',(61.601838341202,259.76810596666,
    10.201186348656));
#5989 = CARTESIAN_POINT('',(61.635396641429,259.88247328965,
    10.252539095673));
#5990 = CARTESIAN_POINT('',(61.660438180523,259.99361714838,
    10.307161163998));
#5991 = CARTESIAN_POINT('',(61.678039747841,260.10137278788,
    10.364247334192));
#5992 = CARTESIAN_POINT('',(61.689125053375,260.20577862626,
    10.42322478177));
#5993 = CARTESIAN_POINT('',(61.694408408978,260.3070541675,
    10.483771134594));
#5994 = CARTESIAN_POINT('',(61.694408408978,260.40559159102,
    10.54579654436));
#5995 = CONICAL_SURFACE('',#5996,38.,0.860525319308);
#5996 = AXIS2_PLACEMENT_3D('',#5997,#5998,#5999);
#5997 = CARTESIAN_POINT('',(90.,230.,7.5));
#5998 = DIRECTION('',(0.,0.,1.));
#5999 = DIRECTION('',(1.,0.,0.));
#6000 = ADVANCED_FACE('',(#6001),#6012,.F.);
#6001 = FACE_BOUND('',#6002,.F.);
#6002 = EDGE_LOOP('',(#6003,#6009,#6010,#6011));
#6003 = ORIENTED_EDGE('',*,*,#6004,.T.);
#6004 = EDGE_CURVE('',#5054,#4849,#6005,.T.);
#6005 = LINE('',#6006,#6007);
#6006 = CARTESIAN_POINT('',(23.1,233.,3.));
#6007 = VECTOR('',#6008,1.);
#6008 = DIRECTION('',(0.,0.,1.));
#6009 = ORIENTED_EDGE('',*,*,#4848,.F.);
#6010 = ORIENTED_EDGE('',*,*,#6004,.F.);
#6011 = ORIENTED_EDGE('',*,*,#5053,.T.);
#6012 = CYLINDRICAL_SURFACE('',#6013,2.1);
#6013 = AXIS2_PLACEMENT_3D('',#6014,#6015,#6016);
#6014 = CARTESIAN_POINT('',(21.,233.,3.));
#6015 = DIRECTION('',(0.,0.,1.));
#6016 = DIRECTION('',(1.,0.,0.));
#6017 = ADVANCED_FACE('',(#6018),#6029,.F.);
#6018 = FACE_BOUND('',#6019,.F.);
#6019 = EDGE_LOOP('',(#6020,#6026,#6027,#6028));
#6020 = ORIENTED_EDGE('',*,*,#6021,.T.);
#6021 = EDGE_CURVE('',#5079,#4860,#6022,.T.);
#6022 = LINE('',#6023,#6024);
#6023 = CARTESIAN_POINT('',(23.1,275.,3.));
#6024 = VECTOR('',#6025,1.);
#6025 = DIRECTION('',(0.,0.,1.));
#6026 = ORIENTED_EDGE('',*,*,#4859,.F.);
#6027 = ORIENTED_EDGE('',*,*,#6021,.F.);
#6028 = ORIENTED_EDGE('',*,*,#5078,.T.);
#6029 = CYLINDRICAL_SURFACE('',#6030,2.1);
#6030 = AXIS2_PLACEMENT_3D('',#6031,#6032,#6033);
#6031 = CARTESIAN_POINT('',(21.,275.,3.));
#6032 = DIRECTION('',(0.,0.,1.));
#6033 = DIRECTION('',(1.,0.,0.));
#6034 = ADVANCED_FACE('',(#6035),#6046,.F.);
#6035 = FACE_BOUND('',#6036,.F.);
#6036 = EDGE_LOOP('',(#6037,#6043,#6044,#6045));
#6037 = ORIENTED_EDGE('',*,*,#6038,.T.);
#6038 = EDGE_CURVE('',#5104,#4871,#6039,.T.);
#6039 = LINE('',#6040,#6041);
#6040 = CARTESIAN_POINT('',(161.1,233.,3.));
#6041 = VECTOR('',#6042,1.);
#6042 = DIRECTION('',(0.,0.,1.));
#6043 = ORIENTED_EDGE('',*,*,#4870,.F.);
#6044 = ORIENTED_EDGE('',*,*,#6038,.F.);
#6045 = ORIENTED_EDGE('',*,*,#5103,.T.);
#6046 = CYLINDRICAL_SURFACE('',#6047,2.1);
#6047 = AXIS2_PLACEMENT_3D('',#6048,#6049,#6050);
#6048 = CARTESIAN_POINT('',(159.,233.,3.));
#6049 = DIRECTION('',(0.,0.,1.));
#6050 = DIRECTION('',(1.,0.,0.));
#6051 = ADVANCED_FACE('',(#6052),#6063,.F.);
#6052 = FACE_BOUND('',#6053,.F.);
#6053 = EDGE_LOOP('',(#6054,#6060,#6061,#6062));
#6054 = ORIENTED_EDGE('',*,*,#6055,.T.);
#6055 = EDGE_CURVE('',#5129,#4882,#6056,.T.);
#6056 = LINE('',#6057,#6058);
#6057 = CARTESIAN_POINT('',(161.1,275.,3.));
#6058 = VECTOR('',#6059,1.);
#6059 = DIRECTION('',(0.,0.,1.));
#6060 = ORIENTED_EDGE('',*,*,#4881,.F.);
#6061 = ORIENTED_EDGE('',*,*,#6055,.F.);
#6062 = ORIENTED_EDGE('',*,*,#5128,.T.);
#6063 = CYLINDRICAL_SURFACE('',#6064,2.1);
#6064 = AXIS2_PLACEMENT_3D('',#6065,#6066,#6067);
#6065 = CARTESIAN_POINT('',(159.,275.,3.));
#6066 = DIRECTION('',(0.,0.,1.));
#6067 = DIRECTION('',(1.,0.,0.));
#6068 = ADVANCED_FACE('',(#6069,#6072,#6083,#6094,#6105,#6108),#6119,.F.
  );
#6069 = FACE_BOUND('',#6070,.F.);
#6070 = EDGE_LOOP('',(#6071));
#6071 = ORIENTED_EDGE('',*,*,#5036,.T.);
#6072 = FACE_BOUND('',#6073,.F.);
#6073 = EDGE_LOOP('',(#6074));
#6074 = ORIENTED_EDGE('',*,*,#6075,.F.);
#6075 = EDGE_CURVE('',#6076,#6076,#6078,.T.);
#6076 = VERTEX_POINT('',#6077);
#6077 = CARTESIAN_POINT('',(61.694408408978,199.59440840897,7.55));
#6078 = CIRCLE('',#6079,2.1);
#6079 = AXIS2_PLACEMENT_3D('',#6080,#6081,#6082);
#6080 = CARTESIAN_POINT('',(59.594408408978,199.59440840897,7.55));
#6081 = DIRECTION('',(0.,0.,1.));
#6082 = DIRECTION('',(1.,0.,0.));
#6083 = FACE_BOUND('',#6084,.F.);
#6084 = EDGE_LOOP('',(#6085));
#6085 = ORIENTED_EDGE('',*,*,#6086,.F.);
#6086 = EDGE_CURVE('',#6087,#6087,#6089,.T.);
#6087 = VERTEX_POINT('',#6088);
#6088 = CARTESIAN_POINT('',(122.50559159102,199.59440840897,7.55));
#6089 = CIRCLE('',#6090,2.1);
#6090 = AXIS2_PLACEMENT_3D('',#6091,#6092,#6093);
#6091 = CARTESIAN_POINT('',(120.40559159102,199.59440840897,7.55));
#6092 = DIRECTION('',(0.,0.,1.));
#6093 = DIRECTION('',(1.,0.,0.));
#6094 = FACE_BOUND('',#6095,.F.);
#6095 = EDGE_LOOP('',(#6096));
#6096 = ORIENTED_EDGE('',*,*,#6097,.F.);
#6097 = EDGE_CURVE('',#6098,#6098,#6100,.T.);
#6098 = VERTEX_POINT('',#6099);
#6099 = CARTESIAN_POINT('',(61.694408408978,260.40559159102,7.55));
#6100 = CIRCLE('',#6101,2.1);
#6101 = AXIS2_PLACEMENT_3D('',#6102,#6103,#6104);
#6102 = CARTESIAN_POINT('',(59.594408408978,260.40559159102,7.55));
#6103 = DIRECTION('',(0.,0.,1.));
#6104 = DIRECTION('',(1.,0.,0.));
#6105 = FACE_BOUND('',#6106,.F.);
#6106 = EDGE_LOOP('',(#6107));
#6107 = ORIENTED_EDGE('',*,*,#5187,.F.);
#6108 = FACE_BOUND('',#6109,.F.);
#6109 = EDGE_LOOP('',(#6110));
#6110 = ORIENTED_EDGE('',*,*,#6111,.F.);
#6111 = EDGE_CURVE('',#6112,#6112,#6114,.T.);
#6112 = VERTEX_POINT('',#6113);
#6113 = CARTESIAN_POINT('',(122.50559159102,260.40559159102,7.55));
#6114 = CIRCLE('',#6115,2.1);
#6115 = AXIS2_PLACEMENT_3D('',#6116,#6117,#6118);
#6116 = CARTESIAN_POINT('',(120.40559159102,260.40559159102,7.55));
#6117 = DIRECTION('',(0.,0.,1.));
#6118 = DIRECTION('',(1.,0.,0.));
#6119 = PLANE('',#6120);
#6120 = AXIS2_PLACEMENT_3D('',#6121,#6122,#6123);
#6121 = CARTESIAN_POINT('',(90.,230.,7.55));
#6122 = DIRECTION('',(0.,0.,1.));
#6123 = DIRECTION('',(1.,0.,0.));
#6124 = ADVANCED_FACE('',(#6125),#6136,.F.);
#6125 = FACE_BOUND('',#6126,.F.);
#6126 = EDGE_LOOP('',(#6127,#6128,#6134,#6135));
#6127 = ORIENTED_EDGE('',*,*,#5206,.F.);
#6128 = ORIENTED_EDGE('',*,*,#6129,.F.);
#6129 = EDGE_CURVE('',#6076,#5207,#6130,.T.);
#6130 = LINE('',#6131,#6132);
#6131 = CARTESIAN_POINT('',(61.694408408978,199.59440840897,3.));
#6132 = VECTOR('',#6133,1.);
#6133 = DIRECTION('',(0.,0.,1.));
#6134 = ORIENTED_EDGE('',*,*,#6075,.T.);
#6135 = ORIENTED_EDGE('',*,*,#6129,.T.);
#6136 = CYLINDRICAL_SURFACE('',#6137,2.1);
#6137 = AXIS2_PLACEMENT_3D('',#6138,#6139,#6140);
#6138 = CARTESIAN_POINT('',(59.594408408978,199.59440840897,3.));
#6139 = DIRECTION('',(0.,0.,1.));
#6140 = DIRECTION('',(1.,0.,0.));
#6141 = ADVANCED_FACE('',(#6142),#6153,.F.);
#6142 = FACE_BOUND('',#6143,.F.);
#6143 = EDGE_LOOP('',(#6144,#6145,#6151,#6152));
#6144 = ORIENTED_EDGE('',*,*,#5404,.F.);
#6145 = ORIENTED_EDGE('',*,*,#6146,.F.);
#6146 = EDGE_CURVE('',#6087,#5405,#6147,.T.);
#6147 = LINE('',#6148,#6149);
#6148 = CARTESIAN_POINT('',(122.50559159102,199.59440840897,3.));
#6149 = VECTOR('',#6150,1.);
#6150 = DIRECTION('',(0.,0.,1.));
#6151 = ORIENTED_EDGE('',*,*,#6086,.T.);
#6152 = ORIENTED_EDGE('',*,*,#6146,.T.);
#6153 = CYLINDRICAL_SURFACE('',#6154,2.1);
#6154 = AXIS2_PLACEMENT_3D('',#6155,#6156,#6157);
#6155 = CARTESIAN_POINT('',(120.40559159102,199.59440840897,3.));
#6156 = DIRECTION('',(0.,0.,1.));
#6157 = DIRECTION('',(1.,0.,0.));
#6158 = ADVANCED_FACE('',(#6159),#6170,.F.);
#6159 = FACE_BOUND('',#6160,.F.);
#6160 = EDGE_LOOP('',(#6161,#6162,#6168,#6169));
#6161 = ORIENTED_EDGE('',*,*,#5602,.F.);
#6162 = ORIENTED_EDGE('',*,*,#6163,.F.);
#6163 = EDGE_CURVE('',#6112,#5603,#6164,.T.);
#6164 = LINE('',#6165,#6166);
#6165 = CARTESIAN_POINT('',(122.50559159102,260.40559159102,3.));
#6166 = VECTOR('',#6167,1.);
#6167 = DIRECTION('',(0.,0.,1.));
#6168 = ORIENTED_EDGE('',*,*,#6111,.T.);
#6169 = ORIENTED_EDGE('',*,*,#6163,.T.);
#6170 = CYLINDRICAL_SURFACE('',#6171,2.1);
#6171 = AXIS2_PLACEMENT_3D('',#6172,#6173,#6174);
#6172 = CARTESIAN_POINT('',(120.40559159102,260.40559159102,3.));
#6173 = DIRECTION('',(0.,0.,1.));
#6174 = DIRECTION('',(1.,0.,0.));
#6175 = ADVANCED_FACE('',(#6176),#6187,.F.);
#6176 = FACE_BOUND('',#6177,.F.);
#6177 = EDGE_LOOP('',(#6178,#6179,#6185,#6186));
#6178 = ORIENTED_EDGE('',*,*,#5800,.F.);
#6179 = ORIENTED_EDGE('',*,*,#6180,.F.);
#6180 = EDGE_CURVE('',#6098,#5801,#6181,.T.);
#6181 = LINE('',#6182,#6183);
#6182 = CARTESIAN_POINT('',(61.694408408978,260.40559159102,3.));
#6183 = VECTOR('',#6184,1.);
#6184 = DIRECTION('',(0.,0.,1.));
#6185 = ORIENTED_EDGE('',*,*,#6097,.T.);
#6186 = ORIENTED_EDGE('',*,*,#6180,.T.);
#6187 = CYLINDRICAL_SURFACE('',#6188,2.1);
#6188 = AXIS2_PLACEMENT_3D('',#6189,#6190,#6191);
#6189 = CARTESIAN_POINT('',(59.594408408978,260.40559159102,3.));
#6190 = DIRECTION('',(0.,0.,1.));
#6191 = DIRECTION('',(1.,0.,0.));
#6192 = MANIFOLD_SOLID_BREP('',#6193);
#6193 = CLOSED_SHELL('',(#6194,#6234,#6267,#6300,#6428,#6589,#6606,#6623
    ,#6640,#6657,#6669,#6694,#6719,#6744,#6769,#6794,#6819,#6844,#6861,
    #6886,#6903,#6928,#6953,#6970,#6995,#7012,#7029,#7046));
#6194 = ADVANCED_FACE('',(#6195),#6229,.F.);
#6195 = FACE_BOUND('',#6196,.F.);
#6196 = EDGE_LOOP('',(#6197,#6207,#6215,#6223));
#6197 = ORIENTED_EDGE('',*,*,#6198,.T.);
#6198 = EDGE_CURVE('',#6199,#6201,#6203,.T.);
#6199 = VERTEX_POINT('',#6200);
#6200 = CARTESIAN_POINT('',(16.,12.,4.));
#6201 = VERTEX_POINT('',#6202);
#6202 = CARTESIAN_POINT('',(16.,12.,16.));
#6203 = LINE('',#6204,#6205);
#6204 = CARTESIAN_POINT('',(16.,12.,4.));
#6205 = VECTOR('',#6206,1.);
#6206 = DIRECTION('',(0.,0.,1.));
#6207 = ORIENTED_EDGE('',*,*,#6208,.T.);
#6208 = EDGE_CURVE('',#6201,#6209,#6211,.T.);
#6209 = VERTEX_POINT('',#6210);
#6210 = CARTESIAN_POINT('',(164.,12.,16.));
#6211 = LINE('',#6212,#6213);
#6212 = CARTESIAN_POINT('',(16.,12.,16.));
#6213 = VECTOR('',#6214,1.);
#6214 = DIRECTION('',(1.,0.,0.));
#6215 = ORIENTED_EDGE('',*,*,#6216,.F.);
#6216 = EDGE_CURVE('',#6217,#6209,#6219,.T.);
#6217 = VERTEX_POINT('',#6218);
#6218 = CARTESIAN_POINT('',(164.,12.,4.));
#6219 = LINE('',#6220,#6221);
#6220 = CARTESIAN_POINT('',(164.,12.,4.));
#6221 = VECTOR('',#6222,1.);
#6222 = DIRECTION('',(0.,0.,1.));
#6223 = ORIENTED_EDGE('',*,*,#6224,.F.);
#6224 = EDGE_CURVE('',#6199,#6217,#6225,.T.);
#6225 = LINE('',#6226,#6227);
#6226 = CARTESIAN_POINT('',(16.,12.,4.));
#6227 = VECTOR('',#6228,1.);
#6228 = DIRECTION('',(1.,0.,0.));
#6229 = PLANE('',#6230);
#6230 = AXIS2_PLACEMENT_3D('',#6231,#6232,#6233);
#6231 = CARTESIAN_POINT('',(16.,12.,4.));
#6232 = DIRECTION('',(0.,1.,0.));
#6233 = DIRECTION('',(1.,0.,0.));
#6234 = ADVANCED_FACE('',(#6235),#6262,.T.);
#6235 = FACE_BOUND('',#6236,.F.);
#6236 = EDGE_LOOP('',(#6237,#6247,#6254,#6255));
#6237 = ORIENTED_EDGE('',*,*,#6238,.T.);
#6238 = EDGE_CURVE('',#6239,#6241,#6243,.T.);
#6239 = VERTEX_POINT('',#6240);
#6240 = CARTESIAN_POINT('',(12.,16.,4.));
#6241 = VERTEX_POINT('',#6242);
#6242 = CARTESIAN_POINT('',(12.,16.,16.));
#6243 = LINE('',#6244,#6245);
#6244 = CARTESIAN_POINT('',(12.,16.,4.));
#6245 = VECTOR('',#6246,1.);
#6246 = DIRECTION('',(0.,0.,1.));
#6247 = ORIENTED_EDGE('',*,*,#6248,.T.);
#6248 = EDGE_CURVE('',#6241,#6201,#6249,.T.);
#6249 = CIRCLE('',#6250,4.);
#6250 = AXIS2_PLACEMENT_3D('',#6251,#6252,#6253);
#6251 = CARTESIAN_POINT('',(16.,16.,16.));
#6252 = DIRECTION('',(0.,0.,1.));
#6253 = DIRECTION('',(-1.,-3.5527136788E-15,0.));
#6254 = ORIENTED_EDGE('',*,*,#6198,.F.);
#6255 = ORIENTED_EDGE('',*,*,#6256,.F.);
#6256 = EDGE_CURVE('',#6239,#6199,#6257,.T.);
#6257 = CIRCLE('',#6258,4.);
#6258 = AXIS2_PLACEMENT_3D('',#6259,#6260,#6261);
#6259 = CARTESIAN_POINT('',(16.,16.,4.));
#6260 = DIRECTION('',(0.,0.,1.));
#6261 = DIRECTION('',(-1.,-3.5527136788E-15,0.));
#6262 = CYLINDRICAL_SURFACE('',#6263,4.);
#6263 = AXIS2_PLACEMENT_3D('',#6264,#6265,#6266);
#6264 = CARTESIAN_POINT('',(16.,16.,4.));
#6265 = DIRECTION('',(-0.,-0.,-1.));
#6266 = DIRECTION('',(-1.,-3.5527136788E-15,0.));
#6267 = ADVANCED_FACE('',(#6268),#6295,.T.);
#6268 = FACE_BOUND('',#6269,.F.);
#6269 = EDGE_LOOP('',(#6270,#6271,#6280,#6288));
#6270 = ORIENTED_EDGE('',*,*,#6216,.T.);
#6271 = ORIENTED_EDGE('',*,*,#6272,.T.);
#6272 = EDGE_CURVE('',#6209,#6273,#6275,.T.);
#6273 = VERTEX_POINT('',#6274);
#6274 = CARTESIAN_POINT('',(168.,16.,16.));
#6275 = CIRCLE('',#6276,4.);
#6276 = AXIS2_PLACEMENT_3D('',#6277,#6278,#6279);
#6277 = CARTESIAN_POINT('',(164.,16.,16.));
#6278 = DIRECTION('',(-0.,0.,1.));
#6279 = DIRECTION('',(3.5527136788E-15,-1.,0.));
#6280 = ORIENTED_EDGE('',*,*,#6281,.F.);
#6281 = EDGE_CURVE('',#6282,#6273,#6284,.T.);
#6282 = VERTEX_POINT('',#6283);
#6283 = CARTESIAN_POINT('',(168.,16.,4.));
#6284 = LINE('',#6285,#6286);
#6285 = CARTESIAN_POINT('',(168.,16.,4.));
#6286 = VECTOR('',#6287,1.);
#6287 = DIRECTION('',(0.,0.,1.));
#6288 = ORIENTED_EDGE('',*,*,#6289,.F.);
#6289 = EDGE_CURVE('',#6217,#6282,#6290,.T.);
#6290 = CIRCLE('',#6291,4.);
#6291 = AXIS2_PLACEMENT_3D('',#6292,#6293,#6294);
#6292 = CARTESIAN_POINT('',(164.,16.,4.));
#6293 = DIRECTION('',(-0.,0.,1.));
#6294 = DIRECTION('',(3.5527136788E-15,-1.,0.));
#6295 = CYLINDRICAL_SURFACE('',#6296,4.);
#6296 = AXIS2_PLACEMENT_3D('',#6297,#6298,#6299);
#6297 = CARTESIAN_POINT('',(164.,16.,4.));
#6298 = DIRECTION('',(-0.,-0.,-1.));
#6299 = DIRECTION('',(3.5527136788E-15,-1.,0.));
#6300 = ADVANCED_FACE('',(#6301,#6346,#6357,#6368,#6379,#6390,#6401,
    #6412),#6423,.F.);
#6301 = FACE_BOUND('',#6302,.F.);
#6302 = EDGE_LOOP('',(#6303,#6304,#6305,#6313,#6322,#6330,#6339,#6345));
#6303 = ORIENTED_EDGE('',*,*,#6224,.T.);
#6304 = ORIENTED_EDGE('',*,*,#6289,.T.);
#6305 = ORIENTED_EDGE('',*,*,#6306,.T.);
#6306 = EDGE_CURVE('',#6282,#6307,#6309,.T.);
#6307 = VERTEX_POINT('',#6308);
#6308 = CARTESIAN_POINT('',(168.,174.5,4.));
#6309 = LINE('',#6310,#6311);
#6310 = CARTESIAN_POINT('',(168.,16.,4.));
#6311 = VECTOR('',#6312,1.);
#6312 = DIRECTION('',(0.,1.,0.));
#6313 = ORIENTED_EDGE('',*,*,#6314,.T.);
#6314 = EDGE_CURVE('',#6307,#6315,#6317,.T.);
#6315 = VERTEX_POINT('',#6316);
#6316 = CARTESIAN_POINT('',(167.5,175.,4.));
#6317 = CIRCLE('',#6318,0.5);
#6318 = AXIS2_PLACEMENT_3D('',#6319,#6320,#6321);
#6319 = CARTESIAN_POINT('',(167.5,174.5,4.));
#6320 = DIRECTION('',(-0.,0.,1.));
#6321 = DIRECTION('',(1.,-2.84217094304E-14,0.));
#6322 = ORIENTED_EDGE('',*,*,#6323,.T.);
#6323 = EDGE_CURVE('',#6315,#6324,#6326,.T.);
#6324 = VERTEX_POINT('',#6325);
#6325 = CARTESIAN_POINT('',(12.5,175.,4.));
#6326 = LINE('',#6327,#6328);
#6327 = CARTESIAN_POINT('',(167.5,175.,4.));
#6328 = VECTOR('',#6329,1.);
#6329 = DIRECTION('',(-1.,0.,0.));
#6330 = ORIENTED_EDGE('',*,*,#6331,.T.);
#6331 = EDGE_CURVE('',#6324,#6332,#6334,.T.);
#6332 = VERTEX_POINT('',#6333);
#6333 = CARTESIAN_POINT('',(12.,174.5,4.));
#6334 = CIRCLE('',#6335,0.5);
#6335 = AXIS2_PLACEMENT_3D('',#6336,#6337,#6338);
#6336 = CARTESIAN_POINT('',(12.5,174.5,4.));
#6337 = DIRECTION('',(0.,-0.,1.));
#6338 = DIRECTION('',(2.84217094304E-14,1.,0.));
#6339 = ORIENTED_EDGE('',*,*,#6340,.T.);
#6340 = EDGE_CURVE('',#6332,#6239,#6341,.T.);
#6341 = LINE('',#6342,#6343);
#6342 = CARTESIAN_POINT('',(12.,174.5,4.));
#6343 = VECTOR('',#6344,1.);
#6344 = DIRECTION('',(0.,-1.,0.));
#6345 = ORIENTED_EDGE('',*,*,#6256,.T.);
#6346 = FACE_BOUND('',#6347,.F.);
#6347 = EDGE_LOOP('',(#6348));
#6348 = ORIENTED_EDGE('',*,*,#6349,.F.);
#6349 = EDGE_CURVE('',#6350,#6350,#6352,.T.);
#6350 = VERTEX_POINT('',#6351);
#6351 = CARTESIAN_POINT('',(25.25,22.,4.));
#6352 = CIRCLE('',#6353,4.25);
#6353 = AXIS2_PLACEMENT_3D('',#6354,#6355,#6356);
#6354 = CARTESIAN_POINT('',(21.,22.,4.));
#6355 = DIRECTION('',(0.,0.,1.));
#6356 = DIRECTION('',(1.,0.,0.));
#6357 = FACE_BOUND('',#6358,.F.);
#6358 = EDGE_LOOP('',(#6359));
#6359 = ORIENTED_EDGE('',*,*,#6360,.F.);
#6360 = EDGE_CURVE('',#6361,#6361,#6363,.T.);
#6361 = VERTEX_POINT('',#6362);
#6362 = CARTESIAN_POINT('',(163.25,22.,4.));
#6363 = CIRCLE('',#6364,4.25);
#6364 = AXIS2_PLACEMENT_3D('',#6365,#6366,#6367);
#6365 = CARTESIAN_POINT('',(159.,22.,4.));
#6366 = DIRECTION('',(0.,0.,1.));
#6367 = DIRECTION('',(1.,0.,0.));
#6368 = FACE_BOUND('',#6369,.F.);
#6369 = EDGE_LOOP('',(#6370));
#6370 = ORIENTED_EDGE('',*,*,#6371,.F.);
#6371 = EDGE_CURVE('',#6372,#6372,#6374,.T.);
#6372 = VERTEX_POINT('',#6373);
#6373 = CARTESIAN_POINT('',(122.5,83.5,4.));
#6374 = CIRCLE('',#6375,32.5);
#6375 = AXIS2_PLACEMENT_3D('',#6376,#6377,#6378);
#6376 = CARTESIAN_POINT('',(90.,83.5,4.));
#6377 = DIRECTION('',(0.,0.,1.));
#6378 = DIRECTION('',(1.,0.,0.));
#6379 = FACE_BOUND('',#6380,.F.);
#6380 = EDGE_LOOP('',(#6381));
#6381 = ORIENTED_EDGE('',*,*,#6382,.F.);
#6382 = EDGE_CURVE('',#6383,#6383,#6385,.T.);
#6383 = VERTEX_POINT('',#6384);
#6384 = CARTESIAN_POINT('',(25.25,90.5,4.));
#6385 = CIRCLE('',#6386,4.25);
#6386 = AXIS2_PLACEMENT_3D('',#6387,#6388,#6389);
#6387 = CARTESIAN_POINT('',(21.,90.5,4.));
#6388 = DIRECTION('',(0.,0.,1.));
#6389 = DIRECTION('',(1.,0.,0.));
#6390 = FACE_BOUND('',#6391,.F.);
#6391 = EDGE_LOOP('',(#6392));
#6392 = ORIENTED_EDGE('',*,*,#6393,.F.);
#6393 = EDGE_CURVE('',#6394,#6394,#6396,.T.);
#6394 = VERTEX_POINT('',#6395);
#6395 = CARTESIAN_POINT('',(25.25,159.,4.));
#6396 = CIRCLE('',#6397,4.25);
#6397 = AXIS2_PLACEMENT_3D('',#6398,#6399,#6400);
#6398 = CARTESIAN_POINT('',(21.,159.,4.));
#6399 = DIRECTION('',(0.,0.,1.));
#6400 = DIRECTION('',(1.,0.,0.));
#6401 = FACE_BOUND('',#6402,.F.);
#6402 = EDGE_LOOP('',(#6403));
#6403 = ORIENTED_EDGE('',*,*,#6404,.F.);
#6404 = EDGE_CURVE('',#6405,#6405,#6407,.T.);
#6405 = VERTEX_POINT('',#6406);
#6406 = CARTESIAN_POINT('',(163.25,90.5,4.));
#6407 = CIRCLE('',#6408,4.25);
#6408 = AXIS2_PLACEMENT_3D('',#6409,#6410,#6411);
#6409 = CARTESIAN_POINT('',(159.,90.5,4.));
#6410 = DIRECTION('',(0.,0.,1.));
#6411 = DIRECTION('',(1.,0.,0.));
#6412 = FACE_BOUND('',#6413,.F.);
#6413 = EDGE_LOOP('',(#6414));
#6414 = ORIENTED_EDGE('',*,*,#6415,.F.);
#6415 = EDGE_CURVE('',#6416,#6416,#6418,.T.);
#6416 = VERTEX_POINT('',#6417);
#6417 = CARTESIAN_POINT('',(163.25,159.,4.));
#6418 = CIRCLE('',#6419,4.25);
#6419 = AXIS2_PLACEMENT_3D('',#6420,#6421,#6422);
#6420 = CARTESIAN_POINT('',(159.,159.,4.));
#6421 = DIRECTION('',(0.,0.,1.));
#6422 = DIRECTION('',(1.,0.,0.));
#6423 = PLANE('',#6424);
#6424 = AXIS2_PLACEMENT_3D('',#6425,#6426,#6427);
#6425 = CARTESIAN_POINT('',(90.,93.906643866201,4.));
#6426 = DIRECTION('',(0.,0.,1.));
#6427 = DIRECTION('',(1.,0.,0.));
#6428 = ADVANCED_FACE('',(#6429,#6474,#6485,#6496,#6507,#6518,#6529,
    #6540,#6551,#6562,#6573),#6584,.T.);
#6429 = FACE_BOUND('',#6430,.T.);
#6430 = EDGE_LOOP('',(#6431,#6432,#6433,#6441,#6450,#6458,#6467,#6473));
#6431 = ORIENTED_EDGE('',*,*,#6208,.T.);
#6432 = ORIENTED_EDGE('',*,*,#6272,.T.);
#6433 = ORIENTED_EDGE('',*,*,#6434,.T.);
#6434 = EDGE_CURVE('',#6273,#6435,#6437,.T.);
#6435 = VERTEX_POINT('',#6436);
#6436 = CARTESIAN_POINT('',(168.,174.5,16.));
#6437 = LINE('',#6438,#6439);
#6438 = CARTESIAN_POINT('',(168.,16.,16.));
#6439 = VECTOR('',#6440,1.);
#6440 = DIRECTION('',(0.,1.,0.));
#6441 = ORIENTED_EDGE('',*,*,#6442,.T.);
#6442 = EDGE_CURVE('',#6435,#6443,#6445,.T.);
#6443 = VERTEX_POINT('',#6444);
#6444 = CARTESIAN_POINT('',(167.5,175.,16.));
#6445 = CIRCLE('',#6446,0.5);
#6446 = AXIS2_PLACEMENT_3D('',#6447,#6448,#6449);
#6447 = CARTESIAN_POINT('',(167.5,174.5,16.));
#6448 = DIRECTION('',(-0.,0.,1.));
#6449 = DIRECTION('',(1.,-2.84217094304E-14,0.));
#6450 = ORIENTED_EDGE('',*,*,#6451,.T.);
#6451 = EDGE_CURVE('',#6443,#6452,#6454,.T.);
#6452 = VERTEX_POINT('',#6453);
#6453 = CARTESIAN_POINT('',(12.5,175.,16.));
#6454 = LINE('',#6455,#6456);
#6455 = CARTESIAN_POINT('',(167.5,175.,16.));
#6456 = VECTOR('',#6457,1.);
#6457 = DIRECTION('',(-1.,0.,0.));
#6458 = ORIENTED_EDGE('',*,*,#6459,.T.);
#6459 = EDGE_CURVE('',#6452,#6460,#6462,.T.);
#6460 = VERTEX_POINT('',#6461);
#6461 = CARTESIAN_POINT('',(12.,174.5,16.));
#6462 = CIRCLE('',#6463,0.5);
#6463 = AXIS2_PLACEMENT_3D('',#6464,#6465,#6466);
#6464 = CARTESIAN_POINT('',(12.5,174.5,16.));
#6465 = DIRECTION('',(0.,-0.,1.));
#6466 = DIRECTION('',(2.84217094304E-14,1.,0.));
#6467 = ORIENTED_EDGE('',*,*,#6468,.T.);
#6468 = EDGE_CURVE('',#6460,#6241,#6469,.T.);
#6469 = LINE('',#6470,#6471);
#6470 = CARTESIAN_POINT('',(12.,174.5,16.));
#6471 = VECTOR('',#6472,1.);
#6472 = DIRECTION('',(0.,-1.,0.));
#6473 = ORIENTED_EDGE('',*,*,#6248,.T.);
#6474 = FACE_BOUND('',#6475,.T.);
#6475 = EDGE_LOOP('',(#6476));
#6476 = ORIENTED_EDGE('',*,*,#6477,.F.);
#6477 = EDGE_CURVE('',#6478,#6478,#6480,.T.);
#6478 = VERTEX_POINT('',#6479);
#6479 = CARTESIAN_POINT('',(23.1,22.,16.));
#6480 = CIRCLE('',#6481,2.1);
#6481 = AXIS2_PLACEMENT_3D('',#6482,#6483,#6484);
#6482 = CARTESIAN_POINT('',(21.,22.,16.));
#6483 = DIRECTION('',(0.,0.,1.));
#6484 = DIRECTION('',(1.,0.,0.));
#6485 = FACE_BOUND('',#6486,.T.);
#6486 = EDGE_LOOP('',(#6487));
#6487 = ORIENTED_EDGE('',*,*,#6488,.F.);
#6488 = EDGE_CURVE('',#6489,#6489,#6491,.T.);
#6489 = VERTEX_POINT('',#6490);
#6490 = CARTESIAN_POINT('',(77.,57.952250588359,16.));
#6491 = CIRCLE('',#6492,1.75);
#6492 = AXIS2_PLACEMENT_3D('',#6493,#6494,#6495);
#6493 = CARTESIAN_POINT('',(75.25,57.952250588359,16.));
#6494 = DIRECTION('',(0.,0.,1.));
#6495 = DIRECTION('',(1.,0.,0.));
#6496 = FACE_BOUND('',#6497,.T.);
#6497 = EDGE_LOOP('',(#6498));
#6498 = ORIENTED_EDGE('',*,*,#6499,.F.);
#6499 = EDGE_CURVE('',#6500,#6500,#6502,.T.);
#6500 = VERTEX_POINT('',#6501);
#6501 = CARTESIAN_POINT('',(161.1,22.,16.));
#6502 = CIRCLE('',#6503,2.1);
#6503 = AXIS2_PLACEMENT_3D('',#6504,#6505,#6506);
#6504 = CARTESIAN_POINT('',(159.,22.,16.));
#6505 = DIRECTION('',(0.,0.,1.));
#6506 = DIRECTION('',(1.,0.,0.));
#6507 = FACE_BOUND('',#6508,.T.);
#6508 = EDGE_LOOP('',(#6509));
#6509 = ORIENTED_EDGE('',*,*,#6510,.F.);
#6510 = EDGE_CURVE('',#6511,#6511,#6513,.T.);
#6511 = VERTEX_POINT('',#6512);
#6512 = CARTESIAN_POINT('',(116.5,83.5,16.));
#6513 = CIRCLE('',#6514,26.5);
#6514 = AXIS2_PLACEMENT_3D('',#6515,#6516,#6517);
#6515 = CARTESIAN_POINT('',(90.,83.5,16.));
#6516 = DIRECTION('',(0.,0.,1.));
#6517 = DIRECTION('',(1.,0.,0.));
#6518 = FACE_BOUND('',#6519,.T.);
#6519 = EDGE_LOOP('',(#6520));
#6520 = ORIENTED_EDGE('',*,*,#6521,.F.);
#6521 = EDGE_CURVE('',#6522,#6522,#6524,.T.);
#6522 = VERTEX_POINT('',#6523);
#6523 = CARTESIAN_POINT('',(121.25,83.5,16.));
#6524 = CIRCLE('',#6525,1.75);
#6525 = AXIS2_PLACEMENT_3D('',#6526,#6527,#6528);
#6526 = CARTESIAN_POINT('',(119.5,83.5,16.));
#6527 = DIRECTION('',(0.,0.,1.));
#6528 = DIRECTION('',(1.,0.,0.));
#6529 = FACE_BOUND('',#6530,.T.);
#6530 = EDGE_LOOP('',(#6531));
#6531 = ORIENTED_EDGE('',*,*,#6532,.F.);
#6532 = EDGE_CURVE('',#6533,#6533,#6535,.T.);
#6533 = VERTEX_POINT('',#6534);
#6534 = CARTESIAN_POINT('',(23.1,90.5,16.));
#6535 = CIRCLE('',#6536,2.1);
#6536 = AXIS2_PLACEMENT_3D('',#6537,#6538,#6539);
#6537 = CARTESIAN_POINT('',(21.,90.5,16.));
#6538 = DIRECTION('',(0.,0.,1.));
#6539 = DIRECTION('',(1.,0.,0.));
#6540 = FACE_BOUND('',#6541,.T.);
#6541 = EDGE_LOOP('',(#6542));
#6542 = ORIENTED_EDGE('',*,*,#6543,.F.);
#6543 = EDGE_CURVE('',#6544,#6544,#6546,.T.);
#6544 = VERTEX_POINT('',#6545);
#6545 = CARTESIAN_POINT('',(77.,109.04774941164,16.));
#6546 = CIRCLE('',#6547,1.75);
#6547 = AXIS2_PLACEMENT_3D('',#6548,#6549,#6550);
#6548 = CARTESIAN_POINT('',(75.25,109.04774941164,16.));
#6549 = DIRECTION('',(0.,0.,1.));
#6550 = DIRECTION('',(1.,0.,0.));
#6551 = FACE_BOUND('',#6552,.T.);
#6552 = EDGE_LOOP('',(#6553));
#6553 = ORIENTED_EDGE('',*,*,#6554,.F.);
#6554 = EDGE_CURVE('',#6555,#6555,#6557,.T.);
#6555 = VERTEX_POINT('',#6556);
#6556 = CARTESIAN_POINT('',(23.1,159.,16.));
#6557 = CIRCLE('',#6558,2.1);
#6558 = AXIS2_PLACEMENT_3D('',#6559,#6560,#6561);
#6559 = CARTESIAN_POINT('',(21.,159.,16.));
#6560 = DIRECTION('',(0.,0.,1.));
#6561 = DIRECTION('',(1.,0.,0.));
#6562 = FACE_BOUND('',#6563,.T.);
#6563 = EDGE_LOOP('',(#6564));
#6564 = ORIENTED_EDGE('',*,*,#6565,.F.);
#6565 = EDGE_CURVE('',#6566,#6566,#6568,.T.);
#6566 = VERTEX_POINT('',#6567);
#6567 = CARTESIAN_POINT('',(161.1,90.5,16.));
#6568 = CIRCLE('',#6569,2.1);
#6569 = AXIS2_PLACEMENT_3D('',#6570,#6571,#6572);
#6570 = CARTESIAN_POINT('',(159.,90.5,16.));
#6571 = DIRECTION('',(0.,0.,1.));
#6572 = DIRECTION('',(1.,0.,0.));
#6573 = FACE_BOUND('',#6574,.T.);
#6574 = EDGE_LOOP('',(#6575));
#6575 = ORIENTED_EDGE('',*,*,#6576,.F.);
#6576 = EDGE_CURVE('',#6577,#6577,#6579,.T.);
#6577 = VERTEX_POINT('',#6578);
#6578 = CARTESIAN_POINT('',(161.1,159.,16.));
#6579 = CIRCLE('',#6580,2.1);
#6580 = AXIS2_PLACEMENT_3D('',#6581,#6582,#6583);
#6581 = CARTESIAN_POINT('',(159.,159.,16.));
#6582 = DIRECTION('',(0.,0.,1.));
#6583 = DIRECTION('',(1.,0.,0.));
#6584 = PLANE('',#6585);
#6585 = AXIS2_PLACEMENT_3D('',#6586,#6587,#6588);
#6586 = CARTESIAN_POINT('',(90.,93.906643866201,16.));
#6587 = DIRECTION('',(0.,0.,1.));
#6588 = DIRECTION('',(1.,0.,0.));
#6589 = ADVANCED_FACE('',(#6590),#6601,.F.);
#6590 = FACE_BOUND('',#6591,.F.);
#6591 = EDGE_LOOP('',(#6592,#6598,#6599,#6600));
#6592 = ORIENTED_EDGE('',*,*,#6593,.T.);
#6593 = EDGE_CURVE('',#6332,#6460,#6594,.T.);
#6594 = LINE('',#6595,#6596);
#6595 = CARTESIAN_POINT('',(12.,174.5,4.));
#6596 = VECTOR('',#6597,1.);
#6597 = DIRECTION('',(0.,0.,1.));
#6598 = ORIENTED_EDGE('',*,*,#6468,.T.);
#6599 = ORIENTED_EDGE('',*,*,#6238,.F.);
#6600 = ORIENTED_EDGE('',*,*,#6340,.F.);
#6601 = PLANE('',#6602);
#6602 = AXIS2_PLACEMENT_3D('',#6603,#6604,#6605);
#6603 = CARTESIAN_POINT('',(12.,174.5,4.));
#6604 = DIRECTION('',(1.,0.,0.));
#6605 = DIRECTION('',(0.,-1.,0.));
#6606 = ADVANCED_FACE('',(#6607),#6618,.F.);
#6607 = FACE_BOUND('',#6608,.F.);
#6608 = EDGE_LOOP('',(#6609,#6610,#6611,#6617));
#6609 = ORIENTED_EDGE('',*,*,#6281,.T.);
#6610 = ORIENTED_EDGE('',*,*,#6434,.T.);
#6611 = ORIENTED_EDGE('',*,*,#6612,.F.);
#6612 = EDGE_CURVE('',#6307,#6435,#6613,.T.);
#6613 = LINE('',#6614,#6615);
#6614 = CARTESIAN_POINT('',(168.,174.5,4.));
#6615 = VECTOR('',#6616,1.);
#6616 = DIRECTION('',(0.,0.,1.));
#6617 = ORIENTED_EDGE('',*,*,#6306,.F.);
#6618 = PLANE('',#6619);
#6619 = AXIS2_PLACEMENT_3D('',#6620,#6621,#6622);
#6620 = CARTESIAN_POINT('',(168.,16.,4.));
#6621 = DIRECTION('',(-1.,0.,0.));
#6622 = DIRECTION('',(0.,1.,0.));
#6623 = ADVANCED_FACE('',(#6624),#6635,.T.);
#6624 = FACE_BOUND('',#6625,.F.);
#6625 = EDGE_LOOP('',(#6626,#6632,#6633,#6634));
#6626 = ORIENTED_EDGE('',*,*,#6627,.T.);
#6627 = EDGE_CURVE('',#6324,#6452,#6628,.T.);
#6628 = LINE('',#6629,#6630);
#6629 = CARTESIAN_POINT('',(12.5,175.,4.));
#6630 = VECTOR('',#6631,1.);
#6631 = DIRECTION('',(0.,0.,1.));
#6632 = ORIENTED_EDGE('',*,*,#6459,.T.);
#6633 = ORIENTED_EDGE('',*,*,#6593,.F.);
#6634 = ORIENTED_EDGE('',*,*,#6331,.F.);
#6635 = CYLINDRICAL_SURFACE('',#6636,0.5);
#6636 = AXIS2_PLACEMENT_3D('',#6637,#6638,#6639);
#6637 = CARTESIAN_POINT('',(12.5,174.5,4.));
#6638 = DIRECTION('',(-0.,-0.,-1.));
#6639 = DIRECTION('',(2.84217094304E-14,1.,0.));
#6640 = ADVANCED_FACE('',(#6641),#6652,.T.);
#6641 = FACE_BOUND('',#6642,.F.);
#6642 = EDGE_LOOP('',(#6643,#6644,#6645,#6651));
#6643 = ORIENTED_EDGE('',*,*,#6612,.T.);
#6644 = ORIENTED_EDGE('',*,*,#6442,.T.);
#6645 = ORIENTED_EDGE('',*,*,#6646,.F.);
#6646 = EDGE_CURVE('',#6315,#6443,#6647,.T.);
#6647 = LINE('',#6648,#6649);
#6648 = CARTESIAN_POINT('',(167.5,175.,4.));
#6649 = VECTOR('',#6650,1.);
#6650 = DIRECTION('',(0.,0.,1.));
#6651 = ORIENTED_EDGE('',*,*,#6314,.F.);
#6652 = CYLINDRICAL_SURFACE('',#6653,0.5);
#6653 = AXIS2_PLACEMENT_3D('',#6654,#6655,#6656);
#6654 = CARTESIAN_POINT('',(167.5,174.5,4.));
#6655 = DIRECTION('',(-0.,-0.,-1.));
#6656 = DIRECTION('',(1.,-2.84217094304E-14,0.));
#6657 = ADVANCED_FACE('',(#6658),#6664,.F.);
#6658 = FACE_BOUND('',#6659,.F.);
#6659 = EDGE_LOOP('',(#6660,#6661,#6662,#6663));
#6660 = ORIENTED_EDGE('',*,*,#6646,.T.);
#6661 = ORIENTED_EDGE('',*,*,#6451,.T.);
#6662 = ORIENTED_EDGE('',*,*,#6627,.F.);
#6663 = ORIENTED_EDGE('',*,*,#6323,.F.);
#6664 = PLANE('',#6665);
#6665 = AXIS2_PLACEMENT_3D('',#6666,#6667,#6668);
#6666 = CARTESIAN_POINT('',(167.5,175.,4.));
#6667 = DIRECTION('',(0.,-1.,0.));
#6668 = DIRECTION('',(-1.,0.,0.));
#6669 = ADVANCED_FACE('',(#6670),#6689,.F.);
#6670 = FACE_BOUND('',#6671,.F.);
#6671 = EDGE_LOOP('',(#6672,#6681,#6687,#6688));
#6672 = ORIENTED_EDGE('',*,*,#6673,.F.);
#6673 = EDGE_CURVE('',#6674,#6674,#6676,.T.);
#6674 = VERTEX_POINT('',#6675);
#6675 = CARTESIAN_POINT('',(23.1,22.,6.5));
#6676 = CIRCLE('',#6677,2.1);
#6677 = AXIS2_PLACEMENT_3D('',#6678,#6679,#6680);
#6678 = CARTESIAN_POINT('',(21.,22.,6.5));
#6679 = DIRECTION('',(0.,0.,1.));
#6680 = DIRECTION('',(1.,0.,0.));
#6681 = ORIENTED_EDGE('',*,*,#6682,.F.);
#6682 = EDGE_CURVE('',#6350,#6674,#6683,.T.);
#6683 = LINE('',#6684,#6685);
#6684 = CARTESIAN_POINT('',(25.25,22.,4.));
#6685 = VECTOR('',#6686,1.);
#6686 = DIRECTION('',(-0.652039268828,1.597035606977E-16,0.758185196312)
  );
#6687 = ORIENTED_EDGE('',*,*,#6349,.T.);
#6688 = ORIENTED_EDGE('',*,*,#6682,.T.);
#6689 = CONICAL_SURFACE('',#6690,4.25,0.710271007487);
#6690 = AXIS2_PLACEMENT_3D('',#6691,#6692,#6693);
#6691 = CARTESIAN_POINT('',(21.,22.,4.));
#6692 = DIRECTION('',(-0.,-0.,-1.));
#6693 = DIRECTION('',(1.,0.,0.));
#6694 = ADVANCED_FACE('',(#6695),#6714,.F.);
#6695 = FACE_BOUND('',#6696,.F.);
#6696 = EDGE_LOOP('',(#6697,#6706,#6712,#6713));
#6697 = ORIENTED_EDGE('',*,*,#6698,.F.);
#6698 = EDGE_CURVE('',#6699,#6699,#6701,.T.);
#6699 = VERTEX_POINT('',#6700);
#6700 = CARTESIAN_POINT('',(161.1,22.,6.5));
#6701 = CIRCLE('',#6702,2.1);
#6702 = AXIS2_PLACEMENT_3D('',#6703,#6704,#6705);
#6703 = CARTESIAN_POINT('',(159.,22.,6.5));
#6704 = DIRECTION('',(0.,0.,1.));
#6705 = DIRECTION('',(1.,0.,0.));
#6706 = ORIENTED_EDGE('',*,*,#6707,.F.);
#6707 = EDGE_CURVE('',#6361,#6699,#6708,.T.);
#6708 = LINE('',#6709,#6710);
#6709 = CARTESIAN_POINT('',(163.25,22.,4.));
#6710 = VECTOR('',#6711,1.);
#6711 = DIRECTION('',(-0.652039268828,1.597035606977E-16,0.758185196312)
  );
#6712 = ORIENTED_EDGE('',*,*,#6360,.T.);
#6713 = ORIENTED_EDGE('',*,*,#6707,.T.);
#6714 = CONICAL_SURFACE('',#6715,4.25,0.710271007487);
#6715 = AXIS2_PLACEMENT_3D('',#6716,#6717,#6718);
#6716 = CARTESIAN_POINT('',(159.,22.,4.));
#6717 = DIRECTION('',(-0.,-0.,-1.));
#6718 = DIRECTION('',(1.,0.,0.));
#6719 = ADVANCED_FACE('',(#6720),#6739,.F.);
#6720 = FACE_BOUND('',#6721,.F.);
#6721 = EDGE_LOOP('',(#6722,#6730,#6737,#6738));
#6722 = ORIENTED_EDGE('',*,*,#6723,.T.);
#6723 = EDGE_CURVE('',#6372,#6724,#6726,.T.);
#6724 = VERTEX_POINT('',#6725);
#6725 = CARTESIAN_POINT('',(122.5,83.5,7.05));
#6726 = LINE('',#6727,#6728);
#6727 = CARTESIAN_POINT('',(122.5,83.5,3.95));
#6728 = VECTOR('',#6729,1.);
#6729 = DIRECTION('',(0.,0.,1.));
#6730 = ORIENTED_EDGE('',*,*,#6731,.F.);
#6731 = EDGE_CURVE('',#6724,#6724,#6732,.T.);
#6732 = CIRCLE('',#6733,32.5);
#6733 = AXIS2_PLACEMENT_3D('',#6734,#6735,#6736);
#6734 = CARTESIAN_POINT('',(90.,83.5,7.05));
#6735 = DIRECTION('',(0.,0.,1.));
#6736 = DIRECTION('',(1.,0.,0.));
#6737 = ORIENTED_EDGE('',*,*,#6723,.F.);
#6738 = ORIENTED_EDGE('',*,*,#6371,.T.);
#6739 = CYLINDRICAL_SURFACE('',#6740,32.5);
#6740 = AXIS2_PLACEMENT_3D('',#6741,#6742,#6743);
#6741 = CARTESIAN_POINT('',(90.,83.5,3.95));
#6742 = DIRECTION('',(0.,0.,1.));
#6743 = DIRECTION('',(1.,0.,0.));
#6744 = ADVANCED_FACE('',(#6745),#6764,.F.);
#6745 = FACE_BOUND('',#6746,.F.);
#6746 = EDGE_LOOP('',(#6747,#6756,#6762,#6763));
#6747 = ORIENTED_EDGE('',*,*,#6748,.F.);
#6748 = EDGE_CURVE('',#6749,#6749,#6751,.T.);
#6749 = VERTEX_POINT('',#6750);
#6750 = CARTESIAN_POINT('',(23.1,90.5,6.5));
#6751 = CIRCLE('',#6752,2.1);
#6752 = AXIS2_PLACEMENT_3D('',#6753,#6754,#6755);
#6753 = CARTESIAN_POINT('',(21.,90.5,6.5));
#6754 = DIRECTION('',(0.,0.,1.));
#6755 = DIRECTION('',(1.,0.,0.));
#6756 = ORIENTED_EDGE('',*,*,#6757,.F.);
#6757 = EDGE_CURVE('',#6383,#6749,#6758,.T.);
#6758 = LINE('',#6759,#6760);
#6759 = CARTESIAN_POINT('',(25.25,90.5,4.));
#6760 = VECTOR('',#6761,1.);
#6761 = DIRECTION('',(-0.652039268828,1.597035606977E-16,0.758185196312)
  );
#6762 = ORIENTED_EDGE('',*,*,#6382,.T.);
#6763 = ORIENTED_EDGE('',*,*,#6757,.T.);
#6764 = CONICAL_SURFACE('',#6765,4.25,0.710271007487);
#6765 = AXIS2_PLACEMENT_3D('',#6766,#6767,#6768);
#6766 = CARTESIAN_POINT('',(21.,90.5,4.));
#6767 = DIRECTION('',(-0.,-0.,-1.));
#6768 = DIRECTION('',(1.,0.,0.));
#6769 = ADVANCED_FACE('',(#6770),#6789,.F.);
#6770 = FACE_BOUND('',#6771,.F.);
#6771 = EDGE_LOOP('',(#6772,#6781,#6787,#6788));
#6772 = ORIENTED_EDGE('',*,*,#6773,.F.);
#6773 = EDGE_CURVE('',#6774,#6774,#6776,.T.);
#6774 = VERTEX_POINT('',#6775);
#6775 = CARTESIAN_POINT('',(23.1,159.,6.5));
#6776 = CIRCLE('',#6777,2.1);
#6777 = AXIS2_PLACEMENT_3D('',#6778,#6779,#6780);
#6778 = CARTESIAN_POINT('',(21.,159.,6.5));
#6779 = DIRECTION('',(0.,0.,1.));
#6780 = DIRECTION('',(1.,0.,0.));
#6781 = ORIENTED_EDGE('',*,*,#6782,.F.);
#6782 = EDGE_CURVE('',#6394,#6774,#6783,.T.);
#6783 = LINE('',#6784,#6785);
#6784 = CARTESIAN_POINT('',(25.25,159.,4.));
#6785 = VECTOR('',#6786,1.);
#6786 = DIRECTION('',(-0.652039268828,1.597035606977E-16,0.758185196312)
  );
#6787 = ORIENTED_EDGE('',*,*,#6393,.T.);
#6788 = ORIENTED_EDGE('',*,*,#6782,.T.);
#6789 = CONICAL_SURFACE('',#6790,4.25,0.710271007487);
#6790 = AXIS2_PLACEMENT_3D('',#6791,#6792,#6793);
#6791 = CARTESIAN_POINT('',(21.,159.,4.));
#6792 = DIRECTION('',(-0.,-0.,-1.));
#6793 = DIRECTION('',(1.,0.,0.));
#6794 = ADVANCED_FACE('',(#6795),#6814,.F.);
#6795 = FACE_BOUND('',#6796,.F.);
#6796 = EDGE_LOOP('',(#6797,#6806,#6812,#6813));
#6797 = ORIENTED_EDGE('',*,*,#6798,.F.);
#6798 = EDGE_CURVE('',#6799,#6799,#6801,.T.);
#6799 = VERTEX_POINT('',#6800);
#6800 = CARTESIAN_POINT('',(161.1,90.5,6.5));
#6801 = CIRCLE('',#6802,2.1);
#6802 = AXIS2_PLACEMENT_3D('',#6803,#6804,#6805);
#6803 = CARTESIAN_POINT('',(159.,90.5,6.5));
#6804 = DIRECTION('',(0.,0.,1.));
#6805 = DIRECTION('',(1.,0.,0.));
#6806 = ORIENTED_EDGE('',*,*,#6807,.F.);
#6807 = EDGE_CURVE('',#6405,#6799,#6808,.T.);
#6808 = LINE('',#6809,#6810);
#6809 = CARTESIAN_POINT('',(163.25,90.5,4.));
#6810 = VECTOR('',#6811,1.);
#6811 = DIRECTION('',(-0.652039268828,1.597035606977E-16,0.758185196312)
  );
#6812 = ORIENTED_EDGE('',*,*,#6404,.T.);
#6813 = ORIENTED_EDGE('',*,*,#6807,.T.);
#6814 = CONICAL_SURFACE('',#6815,4.25,0.710271007487);
#6815 = AXIS2_PLACEMENT_3D('',#6816,#6817,#6818);
#6816 = CARTESIAN_POINT('',(159.,90.5,4.));
#6817 = DIRECTION('',(-0.,-0.,-1.));
#6818 = DIRECTION('',(1.,0.,0.));
#6819 = ADVANCED_FACE('',(#6820),#6839,.F.);
#6820 = FACE_BOUND('',#6821,.F.);
#6821 = EDGE_LOOP('',(#6822,#6831,#6837,#6838));
#6822 = ORIENTED_EDGE('',*,*,#6823,.F.);
#6823 = EDGE_CURVE('',#6824,#6824,#6826,.T.);
#6824 = VERTEX_POINT('',#6825);
#6825 = CARTESIAN_POINT('',(161.1,159.,6.5));
#6826 = CIRCLE('',#6827,2.1);
#6827 = AXIS2_PLACEMENT_3D('',#6828,#6829,#6830);
#6828 = CARTESIAN_POINT('',(159.,159.,6.5));
#6829 = DIRECTION('',(0.,0.,1.));
#6830 = DIRECTION('',(1.,0.,0.));
#6831 = ORIENTED_EDGE('',*,*,#6832,.F.);
#6832 = EDGE_CURVE('',#6416,#6824,#6833,.T.);
#6833 = LINE('',#6834,#6835);
#6834 = CARTESIAN_POINT('',(163.25,159.,4.));
#6835 = VECTOR('',#6836,1.);
#6836 = DIRECTION('',(-0.652039268828,1.597035606977E-16,0.758185196312)
  );
#6837 = ORIENTED_EDGE('',*,*,#6415,.T.);
#6838 = ORIENTED_EDGE('',*,*,#6832,.T.);
#6839 = CONICAL_SURFACE('',#6840,4.25,0.710271007487);
#6840 = AXIS2_PLACEMENT_3D('',#6841,#6842,#6843);
#6841 = CARTESIAN_POINT('',(159.,159.,4.));
#6842 = DIRECTION('',(-0.,-0.,-1.));
#6843 = DIRECTION('',(1.,0.,0.));
#6844 = ADVANCED_FACE('',(#6845),#6856,.F.);
#6845 = FACE_BOUND('',#6846,.F.);
#6846 = EDGE_LOOP('',(#6847,#6853,#6854,#6855));
#6847 = ORIENTED_EDGE('',*,*,#6848,.T.);
#6848 = EDGE_CURVE('',#6674,#6478,#6849,.T.);
#6849 = LINE('',#6850,#6851);
#6850 = CARTESIAN_POINT('',(23.1,22.,3.));
#6851 = VECTOR('',#6852,1.);
#6852 = DIRECTION('',(0.,0.,1.));
#6853 = ORIENTED_EDGE('',*,*,#6477,.F.);
#6854 = ORIENTED_EDGE('',*,*,#6848,.F.);
#6855 = ORIENTED_EDGE('',*,*,#6673,.T.);
#6856 = CYLINDRICAL_SURFACE('',#6857,2.1);
#6857 = AXIS2_PLACEMENT_3D('',#6858,#6859,#6860);
#6858 = CARTESIAN_POINT('',(21.,22.,3.));
#6859 = DIRECTION('',(0.,0.,1.));
#6860 = DIRECTION('',(1.,0.,0.));
#6861 = ADVANCED_FACE('',(#6862),#6881,.F.);
#6862 = FACE_BOUND('',#6863,.F.);
#6863 = EDGE_LOOP('',(#6864,#6865,#6873,#6880));
#6864 = ORIENTED_EDGE('',*,*,#6488,.F.);
#6865 = ORIENTED_EDGE('',*,*,#6866,.F.);
#6866 = EDGE_CURVE('',#6867,#6489,#6869,.T.);
#6867 = VERTEX_POINT('',#6868);
#6868 = CARTESIAN_POINT('',(77.,57.952250588359,7.05));
#6869 = LINE('',#6870,#6871);
#6870 = CARTESIAN_POINT('',(77.,57.952250588359,3.));
#6871 = VECTOR('',#6872,1.);
#6872 = DIRECTION('',(0.,0.,1.));
#6873 = ORIENTED_EDGE('',*,*,#6874,.T.);
#6874 = EDGE_CURVE('',#6867,#6867,#6875,.T.);
#6875 = CIRCLE('',#6876,1.75);
#6876 = AXIS2_PLACEMENT_3D('',#6877,#6878,#6879);
#6877 = CARTESIAN_POINT('',(75.25,57.952250588359,7.05));
#6878 = DIRECTION('',(0.,0.,1.));
#6879 = DIRECTION('',(1.,0.,0.));
#6880 = ORIENTED_EDGE('',*,*,#6866,.T.);
#6881 = CYLINDRICAL_SURFACE('',#6882,1.75);
#6882 = AXIS2_PLACEMENT_3D('',#6883,#6884,#6885);
#6883 = CARTESIAN_POINT('',(75.25,57.952250588359,3.));
#6884 = DIRECTION('',(0.,0.,1.));
#6885 = DIRECTION('',(1.,0.,0.));
#6886 = ADVANCED_FACE('',(#6887),#6898,.F.);
#6887 = FACE_BOUND('',#6888,.F.);
#6888 = EDGE_LOOP('',(#6889,#6895,#6896,#6897));
#6889 = ORIENTED_EDGE('',*,*,#6890,.T.);
#6890 = EDGE_CURVE('',#6699,#6500,#6891,.T.);
#6891 = LINE('',#6892,#6893);
#6892 = CARTESIAN_POINT('',(161.1,22.,3.));
#6893 = VECTOR('',#6894,1.);
#6894 = DIRECTION('',(0.,0.,1.));
#6895 = ORIENTED_EDGE('',*,*,#6499,.F.);
#6896 = ORIENTED_EDGE('',*,*,#6890,.F.);
#6897 = ORIENTED_EDGE('',*,*,#6698,.T.);
#6898 = CYLINDRICAL_SURFACE('',#6899,2.1);
#6899 = AXIS2_PLACEMENT_3D('',#6900,#6901,#6902);
#6900 = CARTESIAN_POINT('',(159.,22.,3.));
#6901 = DIRECTION('',(0.,0.,1.));
#6902 = DIRECTION('',(1.,0.,0.));
#6903 = ADVANCED_FACE('',(#6904),#6923,.F.);
#6904 = FACE_BOUND('',#6905,.F.);
#6905 = EDGE_LOOP('',(#6906,#6907,#6915,#6922));
#6906 = ORIENTED_EDGE('',*,*,#6510,.F.);
#6907 = ORIENTED_EDGE('',*,*,#6908,.F.);
#6908 = EDGE_CURVE('',#6909,#6511,#6911,.T.);
#6909 = VERTEX_POINT('',#6910);
#6910 = CARTESIAN_POINT('',(116.5,83.5,7.05));
#6911 = LINE('',#6912,#6913);
#6912 = CARTESIAN_POINT('',(116.5,83.5,3.9));
#6913 = VECTOR('',#6914,1.);
#6914 = DIRECTION('',(0.,0.,1.));
#6915 = ORIENTED_EDGE('',*,*,#6916,.T.);
#6916 = EDGE_CURVE('',#6909,#6909,#6917,.T.);
#6917 = CIRCLE('',#6918,26.5);
#6918 = AXIS2_PLACEMENT_3D('',#6919,#6920,#6921);
#6919 = CARTESIAN_POINT('',(90.,83.5,7.05));
#6920 = DIRECTION('',(0.,0.,1.));
#6921 = DIRECTION('',(1.,0.,0.));
#6922 = ORIENTED_EDGE('',*,*,#6908,.T.);
#6923 = CYLINDRICAL_SURFACE('',#6924,26.5);
#6924 = AXIS2_PLACEMENT_3D('',#6925,#6926,#6927);
#6925 = CARTESIAN_POINT('',(90.,83.5,3.9));
#6926 = DIRECTION('',(0.,0.,1.));
#6927 = DIRECTION('',(1.,0.,0.));
#6928 = ADVANCED_FACE('',(#6929),#6948,.F.);
#6929 = FACE_BOUND('',#6930,.F.);
#6930 = EDGE_LOOP('',(#6931,#6932,#6940,#6947));
#6931 = ORIENTED_EDGE('',*,*,#6521,.F.);
#6932 = ORIENTED_EDGE('',*,*,#6933,.F.);
#6933 = EDGE_CURVE('',#6934,#6522,#6936,.T.);
#6934 = VERTEX_POINT('',#6935);
#6935 = CARTESIAN_POINT('',(121.25,83.5,7.05));
#6936 = LINE('',#6937,#6938);
#6937 = CARTESIAN_POINT('',(121.25,83.5,3.));
#6938 = VECTOR('',#6939,1.);
#6939 = DIRECTION('',(0.,0.,1.));
#6940 = ORIENTED_EDGE('',*,*,#6941,.T.);
#6941 = EDGE_CURVE('',#6934,#6934,#6942,.T.);
#6942 = CIRCLE('',#6943,1.75);
#6943 = AXIS2_PLACEMENT_3D('',#6944,#6945,#6946);
#6944 = CARTESIAN_POINT('',(119.5,83.5,7.05));
#6945 = DIRECTION('',(0.,0.,1.));
#6946 = DIRECTION('',(1.,0.,0.));
#6947 = ORIENTED_EDGE('',*,*,#6933,.T.);
#6948 = CYLINDRICAL_SURFACE('',#6949,1.75);
#6949 = AXIS2_PLACEMENT_3D('',#6950,#6951,#6952);
#6950 = CARTESIAN_POINT('',(119.5,83.5,3.));
#6951 = DIRECTION('',(0.,0.,1.));
#6952 = DIRECTION('',(1.,0.,0.));
#6953 = ADVANCED_FACE('',(#6954),#6965,.F.);
#6954 = FACE_BOUND('',#6955,.F.);
#6955 = EDGE_LOOP('',(#6956,#6962,#6963,#6964));
#6956 = ORIENTED_EDGE('',*,*,#6957,.T.);
#6957 = EDGE_CURVE('',#6749,#6533,#6958,.T.);
#6958 = LINE('',#6959,#6960);
#6959 = CARTESIAN_POINT('',(23.1,90.5,3.));
#6960 = VECTOR('',#6961,1.);
#6961 = DIRECTION('',(0.,0.,1.));
#6962 = ORIENTED_EDGE('',*,*,#6532,.F.);
#6963 = ORIENTED_EDGE('',*,*,#6957,.F.);
#6964 = ORIENTED_EDGE('',*,*,#6748,.T.);
#6965 = CYLINDRICAL_SURFACE('',#6966,2.1);
#6966 = AXIS2_PLACEMENT_3D('',#6967,#6968,#6969);
#6967 = CARTESIAN_POINT('',(21.,90.5,3.));
#6968 = DIRECTION('',(0.,0.,1.));
#6969 = DIRECTION('',(1.,0.,0.));
#6970 = ADVANCED_FACE('',(#6971),#6990,.F.);
#6971 = FACE_BOUND('',#6972,.F.);
#6972 = EDGE_LOOP('',(#6973,#6974,#6982,#6989));
#6973 = ORIENTED_EDGE('',*,*,#6543,.F.);
#6974 = ORIENTED_EDGE('',*,*,#6975,.F.);
#6975 = EDGE_CURVE('',#6976,#6544,#6978,.T.);
#6976 = VERTEX_POINT('',#6977);
#6977 = CARTESIAN_POINT('',(77.,109.04774941164,7.05));
#6978 = LINE('',#6979,#6980);
#6979 = CARTESIAN_POINT('',(77.,109.04774941164,3.));
#6980 = VECTOR('',#6981,1.);
#6981 = DIRECTION('',(0.,0.,1.));
#6982 = ORIENTED_EDGE('',*,*,#6983,.T.);
#6983 = EDGE_CURVE('',#6976,#6976,#6984,.T.);
#6984 = CIRCLE('',#6985,1.75);
#6985 = AXIS2_PLACEMENT_3D('',#6986,#6987,#6988);
#6986 = CARTESIAN_POINT('',(75.25,109.04774941164,7.05));
#6987 = DIRECTION('',(0.,0.,1.));
#6988 = DIRECTION('',(1.,0.,0.));
#6989 = ORIENTED_EDGE('',*,*,#6975,.T.);
#6990 = CYLINDRICAL_SURFACE('',#6991,1.75);
#6991 = AXIS2_PLACEMENT_3D('',#6992,#6993,#6994);
#6992 = CARTESIAN_POINT('',(75.25,109.04774941164,3.));
#6993 = DIRECTION('',(0.,0.,1.));
#6994 = DIRECTION('',(1.,0.,0.));
#6995 = ADVANCED_FACE('',(#6996),#7007,.F.);
#6996 = FACE_BOUND('',#6997,.F.);
#6997 = EDGE_LOOP('',(#6998,#7004,#7005,#7006));
#6998 = ORIENTED_EDGE('',*,*,#6999,.T.);
#6999 = EDGE_CURVE('',#6774,#6555,#7000,.T.);
#7000 = LINE('',#7001,#7002);
#7001 = CARTESIAN_POINT('',(23.1,159.,3.));
#7002 = VECTOR('',#7003,1.);
#7003 = DIRECTION('',(0.,0.,1.));
#7004 = ORIENTED_EDGE('',*,*,#6554,.F.);
#7005 = ORIENTED_EDGE('',*,*,#6999,.F.);
#7006 = ORIENTED_EDGE('',*,*,#6773,.T.);
#7007 = CYLINDRICAL_SURFACE('',#7008,2.1);
#7008 = AXIS2_PLACEMENT_3D('',#7009,#7010,#7011);
#7009 = CARTESIAN_POINT('',(21.,159.,3.));
#7010 = DIRECTION('',(0.,0.,1.));
#7011 = DIRECTION('',(1.,0.,0.));
#7012 = ADVANCED_FACE('',(#7013),#7024,.F.);
#7013 = FACE_BOUND('',#7014,.F.);
#7014 = EDGE_LOOP('',(#7015,#7021,#7022,#7023));
#7015 = ORIENTED_EDGE('',*,*,#7016,.T.);
#7016 = EDGE_CURVE('',#6799,#6566,#7017,.T.);
#7017 = LINE('',#7018,#7019);
#7018 = CARTESIAN_POINT('',(161.1,90.5,3.));
#7019 = VECTOR('',#7020,1.);
#7020 = DIRECTION('',(0.,0.,1.));
#7021 = ORIENTED_EDGE('',*,*,#6565,.F.);
#7022 = ORIENTED_EDGE('',*,*,#7016,.F.);
#7023 = ORIENTED_EDGE('',*,*,#6798,.T.);
#7024 = CYLINDRICAL_SURFACE('',#7025,2.1);
#7025 = AXIS2_PLACEMENT_3D('',#7026,#7027,#7028);
#7026 = CARTESIAN_POINT('',(159.,90.5,3.));
#7027 = DIRECTION('',(0.,0.,1.));
#7028 = DIRECTION('',(1.,0.,0.));
#7029 = ADVANCED_FACE('',(#7030),#7041,.F.);
#7030 = FACE_BOUND('',#7031,.F.);
#7031 = EDGE_LOOP('',(#7032,#7038,#7039,#7040));
#7032 = ORIENTED_EDGE('',*,*,#7033,.T.);
#7033 = EDGE_CURVE('',#6824,#6577,#7034,.T.);
#7034 = LINE('',#7035,#7036);
#7035 = CARTESIAN_POINT('',(161.1,159.,3.));
#7036 = VECTOR('',#7037,1.);
#7037 = DIRECTION('',(0.,0.,1.));
#7038 = ORIENTED_EDGE('',*,*,#6576,.F.);
#7039 = ORIENTED_EDGE('',*,*,#7033,.F.);
#7040 = ORIENTED_EDGE('',*,*,#6823,.T.);
#7041 = CYLINDRICAL_SURFACE('',#7042,2.1);
#7042 = AXIS2_PLACEMENT_3D('',#7043,#7044,#7045);
#7043 = CARTESIAN_POINT('',(159.,159.,3.));
#7044 = DIRECTION('',(0.,0.,1.));
#7045 = DIRECTION('',(1.,0.,0.));
#7046 = ADVANCED_FACE('',(#7047,#7050,#7053,#7056,#7059),#7062,.F.);
#7047 = FACE_BOUND('',#7048,.F.);
#7048 = EDGE_LOOP('',(#7049));
#7049 = ORIENTED_EDGE('',*,*,#6731,.T.);
#7050 = FACE_BOUND('',#7051,.F.);
#7051 = EDGE_LOOP('',(#7052));
#7052 = ORIENTED_EDGE('',*,*,#6874,.F.);
#7053 = FACE_BOUND('',#7054,.F.);
#7054 = EDGE_LOOP('',(#7055));
#7055 = ORIENTED_EDGE('',*,*,#6916,.F.);
#7056 = FACE_BOUND('',#7057,.F.);
#7057 = EDGE_LOOP('',(#7058));
#7058 = ORIENTED_EDGE('',*,*,#6941,.F.);
#7059 = FACE_BOUND('',#7060,.F.);
#7060 = EDGE_LOOP('',(#7061));
#7061 = ORIENTED_EDGE('',*,*,#6983,.F.);
#7062 = PLANE('',#7063);
#7063 = AXIS2_PLACEMENT_3D('',#7064,#7065,#7066);
#7064 = CARTESIAN_POINT('',(90.,83.5,7.05));
#7065 = DIRECTION('',(0.,0.,1.));
#7066 = DIRECTION('',(1.,0.,0.));
#7067 = MANIFOLD_SOLID_BREP('',#7068);
#7068 = CLOSED_SHELL('',(#7069,#7109,#7142,#7175,#7366,#7557,#7574,#7591
    ,#7608,#7625,#7637,#7659,#7676,#7693,#7710,#7727,#7744,#7761,#7773,
    #7795,#7812,#7829,#7846,#7863,#7880,#7897));
#7069 = ADVANCED_FACE('',(#7070),#7104,.F.);
#7070 = FACE_BOUND('',#7071,.F.);
#7071 = EDGE_LOOP('',(#7072,#7082,#7090,#7098));
#7072 = ORIENTED_EDGE('',*,*,#7073,.T.);
#7073 = EDGE_CURVE('',#7074,#7076,#7078,.T.);
#7074 = VERTEX_POINT('',#7075);
#7075 = CARTESIAN_POINT('',(16.,12.,14.5));
#7076 = VERTEX_POINT('',#7077);
#7077 = CARTESIAN_POINT('',(16.,12.,16.));
#7078 = LINE('',#7079,#7080);
#7079 = CARTESIAN_POINT('',(16.,12.,14.5));
#7080 = VECTOR('',#7081,1.);
#7081 = DIRECTION('',(0.,0.,1.));
#7082 = ORIENTED_EDGE('',*,*,#7083,.T.);
#7083 = EDGE_CURVE('',#7076,#7084,#7086,.T.);
#7084 = VERTEX_POINT('',#7085);
#7085 = CARTESIAN_POINT('',(164.,12.,16.));
#7086 = LINE('',#7087,#7088);
#7087 = CARTESIAN_POINT('',(16.,12.,16.));
#7088 = VECTOR('',#7089,1.);
#7089 = DIRECTION('',(1.,0.,0.));
#7090 = ORIENTED_EDGE('',*,*,#7091,.F.);
#7091 = EDGE_CURVE('',#7092,#7084,#7094,.T.);
#7092 = VERTEX_POINT('',#7093);
#7093 = CARTESIAN_POINT('',(164.,12.,14.5));
#7094 = LINE('',#7095,#7096);
#7095 = CARTESIAN_POINT('',(164.,12.,14.5));
#7096 = VECTOR('',#7097,1.);
#7097 = DIRECTION('',(0.,0.,1.));
#7098 = ORIENTED_EDGE('',*,*,#7099,.F.);
#7099 = EDGE_CURVE('',#7074,#7092,#7100,.T.);
#7100 = LINE('',#7101,#7102);
#7101 = CARTESIAN_POINT('',(16.,12.,14.5));
#7102 = VECTOR('',#7103,1.);
#7103 = DIRECTION('',(1.,0.,0.));
#7104 = PLANE('',#7105);
#7105 = AXIS2_PLACEMENT_3D('',#7106,#7107,#7108);
#7106 = CARTESIAN_POINT('',(16.,12.,14.5));
#7107 = DIRECTION('',(0.,1.,0.));
#7108 = DIRECTION('',(1.,0.,0.));
#7109 = ADVANCED_FACE('',(#7110),#7137,.T.);
#7110 = FACE_BOUND('',#7111,.F.);
#7111 = EDGE_LOOP('',(#7112,#7122,#7129,#7130));
#7112 = ORIENTED_EDGE('',*,*,#7113,.T.);
#7113 = EDGE_CURVE('',#7114,#7116,#7118,.T.);
#7114 = VERTEX_POINT('',#7115);
#7115 = CARTESIAN_POINT('',(12.,16.,14.5));
#7116 = VERTEX_POINT('',#7117);
#7117 = CARTESIAN_POINT('',(12.,16.,16.));
#7118 = LINE('',#7119,#7120);
#7119 = CARTESIAN_POINT('',(12.,16.,14.5));
#7120 = VECTOR('',#7121,1.);
#7121 = DIRECTION('',(0.,0.,1.));
#7122 = ORIENTED_EDGE('',*,*,#7123,.T.);
#7123 = EDGE_CURVE('',#7116,#7076,#7124,.T.);
#7124 = CIRCLE('',#7125,4.);
#7125 = AXIS2_PLACEMENT_3D('',#7126,#7127,#7128);
#7126 = CARTESIAN_POINT('',(16.,16.,16.));
#7127 = DIRECTION('',(0.,0.,1.));
#7128 = DIRECTION('',(-1.,0.,0.));
#7129 = ORIENTED_EDGE('',*,*,#7073,.F.);
#7130 = ORIENTED_EDGE('',*,*,#7131,.F.);
#7131 = EDGE_CURVE('',#7114,#7074,#7132,.T.);
#7132 = CIRCLE('',#7133,4.);
#7133 = AXIS2_PLACEMENT_3D('',#7134,#7135,#7136);
#7134 = CARTESIAN_POINT('',(16.,16.,14.5));
#7135 = DIRECTION('',(0.,0.,1.));
#7136 = DIRECTION('',(-1.,0.,0.));
#7137 = CYLINDRICAL_SURFACE('',#7138,4.);
#7138 = AXIS2_PLACEMENT_3D('',#7139,#7140,#7141);
#7139 = CARTESIAN_POINT('',(16.,16.,14.5));
#7140 = DIRECTION('',(-0.,-0.,-1.));
#7141 = DIRECTION('',(-1.,0.,0.));
#7142 = ADVANCED_FACE('',(#7143),#7170,.T.);
#7143 = FACE_BOUND('',#7144,.F.);
#7144 = EDGE_LOOP('',(#7145,#7146,#7155,#7163));
#7145 = ORIENTED_EDGE('',*,*,#7091,.T.);
#7146 = ORIENTED_EDGE('',*,*,#7147,.T.);
#7147 = EDGE_CURVE('',#7084,#7148,#7150,.T.);
#7148 = VERTEX_POINT('',#7149);
#7149 = CARTESIAN_POINT('',(168.,16.,16.));
#7150 = CIRCLE('',#7151,4.);
#7151 = AXIS2_PLACEMENT_3D('',#7152,#7153,#7154);
#7152 = CARTESIAN_POINT('',(164.,16.,16.));
#7153 = DIRECTION('',(-0.,0.,1.));
#7154 = DIRECTION('',(3.552713678801E-15,-1.,0.));
#7155 = ORIENTED_EDGE('',*,*,#7156,.F.);
#7156 = EDGE_CURVE('',#7157,#7148,#7159,.T.);
#7157 = VERTEX_POINT('',#7158);
#7158 = CARTESIAN_POINT('',(168.,16.,14.5));
#7159 = LINE('',#7160,#7161);
#7160 = CARTESIAN_POINT('',(168.,16.,14.5));
#7161 = VECTOR('',#7162,1.);
#7162 = DIRECTION('',(0.,0.,1.));
#7163 = ORIENTED_EDGE('',*,*,#7164,.F.);
#7164 = EDGE_CURVE('',#7092,#7157,#7165,.T.);
#7165 = CIRCLE('',#7166,4.);
#7166 = AXIS2_PLACEMENT_3D('',#7167,#7168,#7169);
#7167 = CARTESIAN_POINT('',(164.,16.,14.5));
#7168 = DIRECTION('',(-0.,0.,1.));
#7169 = DIRECTION('',(3.552713678801E-15,-1.,0.));
#7170 = CYLINDRICAL_SURFACE('',#7171,4.);
#7171 = AXIS2_PLACEMENT_3D('',#7172,#7173,#7174);
#7172 = CARTESIAN_POINT('',(164.,16.,14.5));
#7173 = DIRECTION('',(-0.,-0.,-1.));
#7174 = DIRECTION('',(3.552713678801E-15,-1.,0.));
#7175 = ADVANCED_FACE('',(#7176,#7221,#7291),#7361,.F.);
#7176 = FACE_BOUND('',#7177,.F.);
#7177 = EDGE_LOOP('',(#7178,#7179,#7180,#7188,#7197,#7205,#7214,#7220));
#7178 = ORIENTED_EDGE('',*,*,#7099,.T.);
#7179 = ORIENTED_EDGE('',*,*,#7164,.T.);
#7180 = ORIENTED_EDGE('',*,*,#7181,.T.);
#7181 = EDGE_CURVE('',#7157,#7182,#7184,.T.);
#7182 = VERTEX_POINT('',#7183);
#7183 = CARTESIAN_POINT('',(168.,281.,14.5));
#7184 = LINE('',#7185,#7186);
#7185 = CARTESIAN_POINT('',(168.,16.,14.5));
#7186 = VECTOR('',#7187,1.);
#7187 = DIRECTION('',(0.,1.,0.));
#7188 = ORIENTED_EDGE('',*,*,#7189,.T.);
#7189 = EDGE_CURVE('',#7182,#7190,#7192,.T.);
#7190 = VERTEX_POINT('',#7191);
#7191 = CARTESIAN_POINT('',(164.,285.,14.5));
#7192 = CIRCLE('',#7193,4.);
#7193 = AXIS2_PLACEMENT_3D('',#7194,#7195,#7196);
#7194 = CARTESIAN_POINT('',(164.,281.,14.5));
#7195 = DIRECTION('',(0.,0.,1.));
#7196 = DIRECTION('',(1.,0.,0.));
#7197 = ORIENTED_EDGE('',*,*,#7198,.T.);
#7198 = EDGE_CURVE('',#7190,#7199,#7201,.T.);
#7199 = VERTEX_POINT('',#7200);
#7200 = CARTESIAN_POINT('',(16.,285.,14.5));
#7201 = LINE('',#7202,#7203);
#7202 = CARTESIAN_POINT('',(164.,285.,14.5));
#7203 = VECTOR('',#7204,1.);
#7204 = DIRECTION('',(-1.,0.,0.));
#7205 = ORIENTED_EDGE('',*,*,#7206,.T.);
#7206 = EDGE_CURVE('',#7199,#7207,#7209,.T.);
#7207 = VERTEX_POINT('',#7208);
#7208 = CARTESIAN_POINT('',(12.,281.,14.5));
#7209 = CIRCLE('',#7210,4.);
#7210 = AXIS2_PLACEMENT_3D('',#7211,#7212,#7213);
#7211 = CARTESIAN_POINT('',(16.,281.,14.5));
#7212 = DIRECTION('',(0.,0.,1.));
#7213 = DIRECTION('',(-3.552713678801E-15,1.,0.));
#7214 = ORIENTED_EDGE('',*,*,#7215,.T.);
#7215 = EDGE_CURVE('',#7207,#7114,#7216,.T.);
#7216 = LINE('',#7217,#7218);
#7217 = CARTESIAN_POINT('',(12.,281.,14.5));
#7218 = VECTOR('',#7219,1.);
#7219 = DIRECTION('',(0.,-1.,0.));
#7220 = ORIENTED_EDGE('',*,*,#7131,.T.);
#7221 = FACE_BOUND('',#7222,.F.);
#7222 = EDGE_LOOP('',(#7223,#7234,#7242,#7251,#7259,#7268,#7276,#7285));
#7223 = ORIENTED_EDGE('',*,*,#7224,.T.);
#7224 = EDGE_CURVE('',#7225,#7227,#7229,.T.);
#7225 = VERTEX_POINT('',#7226);
#7226 = CARTESIAN_POINT('',(150.,38.,14.5));
#7227 = VERTEX_POINT('',#7228);
#7228 = CARTESIAN_POINT('',(144.,32.,14.5));
#7229 = CIRCLE('',#7230,6.);
#7230 = AXIS2_PLACEMENT_3D('',#7231,#7232,#7233);
#7231 = CARTESIAN_POINT('',(144.,38.,14.5));
#7232 = DIRECTION('',(-0.,-0.,-1.));
#7233 = DIRECTION('',(0.,-1.,0.));
#7234 = ORIENTED_EDGE('',*,*,#7235,.T.);
#7235 = EDGE_CURVE('',#7227,#7236,#7238,.T.);
#7236 = VERTEX_POINT('',#7237);
#7237 = CARTESIAN_POINT('',(36.,32.,14.5));
#7238 = LINE('',#7239,#7240);
#7239 = CARTESIAN_POINT('',(63.,32.,14.5));
#7240 = VECTOR('',#7241,1.);
#7241 = DIRECTION('',(-1.,0.,0.));
#7242 = ORIENTED_EDGE('',*,*,#7243,.T.);
#7243 = EDGE_CURVE('',#7236,#7244,#7246,.T.);
#7244 = VERTEX_POINT('',#7245);
#7245 = CARTESIAN_POINT('',(30.,38.,14.5));
#7246 = CIRCLE('',#7247,6.);
#7247 = AXIS2_PLACEMENT_3D('',#7248,#7249,#7250);
#7248 = CARTESIAN_POINT('',(36.,38.,14.5));
#7249 = DIRECTION('',(0.,0.,-1.));
#7250 = DIRECTION('',(-1.,0.,0.));
#7251 = ORIENTED_EDGE('',*,*,#7252,.T.);
#7252 = EDGE_CURVE('',#7244,#7253,#7255,.T.);
#7253 = VERTEX_POINT('',#7254);
#7254 = CARTESIAN_POINT('',(30.,137.,14.5));
#7255 = LINE('',#7256,#7257);
#7256 = CARTESIAN_POINT('',(30.,142.75,14.5));
#7257 = VECTOR('',#7258,1.);
#7258 = DIRECTION('',(0.,1.,0.));
#7259 = ORIENTED_EDGE('',*,*,#7260,.T.);
#7260 = EDGE_CURVE('',#7253,#7261,#7263,.T.);
#7261 = VERTEX_POINT('',#7262);
#7262 = CARTESIAN_POINT('',(36.,143.,14.5));
#7263 = CIRCLE('',#7264,6.);
#7264 = AXIS2_PLACEMENT_3D('',#7265,#7266,#7267);
#7265 = CARTESIAN_POINT('',(36.,137.,14.5));
#7266 = DIRECTION('',(0.,0.,-1.));
#7267 = DIRECTION('',(0.,1.,0.));
#7268 = ORIENTED_EDGE('',*,*,#7269,.T.);
#7269 = EDGE_CURVE('',#7261,#7270,#7272,.T.);
#7270 = VERTEX_POINT('',#7271);
#7271 = CARTESIAN_POINT('',(144.,143.,14.5));
#7272 = LINE('',#7273,#7274);
#7273 = CARTESIAN_POINT('',(117.,143.,14.5));
#7274 = VECTOR('',#7275,1.);
#7275 = DIRECTION('',(1.,0.,0.));
#7276 = ORIENTED_EDGE('',*,*,#7277,.T.);
#7277 = EDGE_CURVE('',#7270,#7278,#7280,.T.);
#7278 = VERTEX_POINT('',#7279);
#7279 = CARTESIAN_POINT('',(150.,137.,14.5));
#7280 = CIRCLE('',#7281,6.);
#7281 = AXIS2_PLACEMENT_3D('',#7282,#7283,#7284);
#7282 = CARTESIAN_POINT('',(144.,137.,14.5));
#7283 = DIRECTION('',(0.,0.,-1.));
#7284 = DIRECTION('',(1.,0.,0.));
#7285 = ORIENTED_EDGE('',*,*,#7286,.T.);
#7286 = EDGE_CURVE('',#7278,#7225,#7287,.T.);
#7287 = LINE('',#7288,#7289);
#7288 = CARTESIAN_POINT('',(150.,93.25,14.5));
#7289 = VECTOR('',#7290,1.);
#7290 = DIRECTION('',(0.,-1.,0.));
#7291 = FACE_BOUND('',#7292,.F.);
#7292 = EDGE_LOOP('',(#7293,#7304,#7312,#7321,#7329,#7338,#7346,#7355));
#7293 = ORIENTED_EDGE('',*,*,#7294,.T.);
#7294 = EDGE_CURVE('',#7295,#7297,#7299,.T.);
#7295 = VERTEX_POINT('',#7296);
#7296 = CARTESIAN_POINT('',(150.,213.,14.5));
#7297 = VERTEX_POINT('',#7298);
#7298 = CARTESIAN_POINT('',(144.,207.,14.5));
#7299 = CIRCLE('',#7300,6.);
#7300 = AXIS2_PLACEMENT_3D('',#7301,#7302,#7303);
#7301 = CARTESIAN_POINT('',(144.,213.,14.5));
#7302 = DIRECTION('',(-0.,-0.,-1.));
#7303 = DIRECTION('',(0.,-1.,0.));
#7304 = ORIENTED_EDGE('',*,*,#7305,.T.);
#7305 = EDGE_CURVE('',#7297,#7306,#7308,.T.);
#7306 = VERTEX_POINT('',#7307);
#7307 = CARTESIAN_POINT('',(36.,207.,14.5));
#7308 = LINE('',#7309,#7310);
#7309 = CARTESIAN_POINT('',(63.,207.,14.5));
#7310 = VECTOR('',#7311,1.);
#7311 = DIRECTION('',(-1.,0.,0.));
#7312 = ORIENTED_EDGE('',*,*,#7313,.T.);
#7313 = EDGE_CURVE('',#7306,#7314,#7316,.T.);
#7314 = VERTEX_POINT('',#7315);
#7315 = CARTESIAN_POINT('',(30.,213.,14.5));
#7316 = CIRCLE('',#7317,6.);
#7317 = AXIS2_PLACEMENT_3D('',#7318,#7319,#7320);
#7318 = CARTESIAN_POINT('',(36.,213.,14.5));
#7319 = DIRECTION('',(-0.,0.,-1.));
#7320 = DIRECTION('',(-1.,-5.921189464668E-16,0.));
#7321 = ORIENTED_EDGE('',*,*,#7322,.T.);
#7322 = EDGE_CURVE('',#7314,#7323,#7325,.T.);
#7323 = VERTEX_POINT('',#7324);
#7324 = CARTESIAN_POINT('',(30.,259.,14.5));
#7325 = LINE('',#7326,#7327);
#7326 = CARTESIAN_POINT('',(30.,203.75,14.5));
#7327 = VECTOR('',#7328,1.);
#7328 = DIRECTION('',(0.,1.,0.));
#7329 = ORIENTED_EDGE('',*,*,#7330,.T.);
#7330 = EDGE_CURVE('',#7323,#7331,#7333,.T.);
#7331 = VERTEX_POINT('',#7332);
#7332 = CARTESIAN_POINT('',(36.,265.,14.5));
#7333 = CIRCLE('',#7334,6.);
#7334 = AXIS2_PLACEMENT_3D('',#7335,#7336,#7337);
#7335 = CARTESIAN_POINT('',(36.,259.,14.5));
#7336 = DIRECTION('',(0.,0.,-1.));
#7337 = DIRECTION('',(0.,1.,0.));
#7338 = ORIENTED_EDGE('',*,*,#7339,.T.);
#7339 = EDGE_CURVE('',#7331,#7340,#7342,.T.);
#7340 = VERTEX_POINT('',#7341);
#7341 = CARTESIAN_POINT('',(144.,265.,14.5));
#7342 = LINE('',#7343,#7344);
#7343 = CARTESIAN_POINT('',(117.,265.,14.5));
#7344 = VECTOR('',#7345,1.);
#7345 = DIRECTION('',(1.,0.,0.));
#7346 = ORIENTED_EDGE('',*,*,#7347,.T.);
#7347 = EDGE_CURVE('',#7340,#7348,#7350,.T.);
#7348 = VERTEX_POINT('',#7349);
#7349 = CARTESIAN_POINT('',(150.,259.,14.5));
#7350 = CIRCLE('',#7351,6.);
#7351 = AXIS2_PLACEMENT_3D('',#7352,#7353,#7354);
#7352 = CARTESIAN_POINT('',(144.,259.,14.5));
#7353 = DIRECTION('',(0.,0.,-1.));
#7354 = DIRECTION('',(1.,5.921189464668E-16,0.));
#7355 = ORIENTED_EDGE('',*,*,#7356,.T.);
#7356 = EDGE_CURVE('',#7348,#7295,#7357,.T.);
#7357 = LINE('',#7358,#7359);
#7358 = CARTESIAN_POINT('',(150.,180.75,14.5));
#7359 = VECTOR('',#7360,1.);
#7360 = DIRECTION('',(0.,-1.,0.));
#7361 = PLANE('',#7362);
#7362 = AXIS2_PLACEMENT_3D('',#7363,#7364,#7365);
#7363 = CARTESIAN_POINT('',(90.,148.5,14.5));
#7364 = DIRECTION('',(0.,0.,1.));
#7365 = DIRECTION('',(1.,0.,0.));
#7366 = ADVANCED_FACE('',(#7367,#7412,#7482),#7552,.T.);
#7367 = FACE_BOUND('',#7368,.T.);
#7368 = EDGE_LOOP('',(#7369,#7370,#7371,#7379,#7388,#7396,#7405,#7411));
#7369 = ORIENTED_EDGE('',*,*,#7083,.T.);
#7370 = ORIENTED_EDGE('',*,*,#7147,.T.);
#7371 = ORIENTED_EDGE('',*,*,#7372,.T.);
#7372 = EDGE_CURVE('',#7148,#7373,#7375,.T.);
#7373 = VERTEX_POINT('',#7374);
#7374 = CARTESIAN_POINT('',(168.,281.,16.));
#7375 = LINE('',#7376,#7377);
#7376 = CARTESIAN_POINT('',(168.,16.,16.));
#7377 = VECTOR('',#7378,1.);
#7378 = DIRECTION('',(0.,1.,0.));
#7379 = ORIENTED_EDGE('',*,*,#7380,.T.);
#7380 = EDGE_CURVE('',#7373,#7381,#7383,.T.);
#7381 = VERTEX_POINT('',#7382);
#7382 = CARTESIAN_POINT('',(164.,285.,16.));
#7383 = CIRCLE('',#7384,4.);
#7384 = AXIS2_PLACEMENT_3D('',#7385,#7386,#7387);
#7385 = CARTESIAN_POINT('',(164.,281.,16.));
#7386 = DIRECTION('',(0.,0.,1.));
#7387 = DIRECTION('',(1.,0.,0.));
#7388 = ORIENTED_EDGE('',*,*,#7389,.T.);
#7389 = EDGE_CURVE('',#7381,#7390,#7392,.T.);
#7390 = VERTEX_POINT('',#7391);
#7391 = CARTESIAN_POINT('',(16.,285.,16.));
#7392 = LINE('',#7393,#7394);
#7393 = CARTESIAN_POINT('',(164.,285.,16.));
#7394 = VECTOR('',#7395,1.);
#7395 = DIRECTION('',(-1.,0.,0.));
#7396 = ORIENTED_EDGE('',*,*,#7397,.T.);
#7397 = EDGE_CURVE('',#7390,#7398,#7400,.T.);
#7398 = VERTEX_POINT('',#7399);
#7399 = CARTESIAN_POINT('',(12.,281.,16.));
#7400 = CIRCLE('',#7401,4.);
#7401 = AXIS2_PLACEMENT_3D('',#7402,#7403,#7404);
#7402 = CARTESIAN_POINT('',(16.,281.,16.));
#7403 = DIRECTION('',(0.,0.,1.));
#7404 = DIRECTION('',(-3.552713678801E-15,1.,0.));
#7405 = ORIENTED_EDGE('',*,*,#7406,.T.);
#7406 = EDGE_CURVE('',#7398,#7116,#7407,.T.);
#7407 = LINE('',#7408,#7409);
#7408 = CARTESIAN_POINT('',(12.,281.,16.));
#7409 = VECTOR('',#7410,1.);
#7410 = DIRECTION('',(0.,-1.,0.));
#7411 = ORIENTED_EDGE('',*,*,#7123,.T.);
#7412 = FACE_BOUND('',#7413,.T.);
#7413 = EDGE_LOOP('',(#7414,#7425,#7433,#7442,#7450,#7459,#7467,#7476));
#7414 = ORIENTED_EDGE('',*,*,#7415,.T.);
#7415 = EDGE_CURVE('',#7416,#7418,#7420,.T.);
#7416 = VERTEX_POINT('',#7417);
#7417 = CARTESIAN_POINT('',(150.,38.,16.));
#7418 = VERTEX_POINT('',#7419);
#7419 = CARTESIAN_POINT('',(144.,32.,16.));
#7420 = CIRCLE('',#7421,6.);
#7421 = AXIS2_PLACEMENT_3D('',#7422,#7423,#7424);
#7422 = CARTESIAN_POINT('',(144.,38.,16.));
#7423 = DIRECTION('',(-0.,-0.,-1.));
#7424 = DIRECTION('',(0.,-1.,0.));
#7425 = ORIENTED_EDGE('',*,*,#7426,.T.);
#7426 = EDGE_CURVE('',#7418,#7427,#7429,.T.);
#7427 = VERTEX_POINT('',#7428);
#7428 = CARTESIAN_POINT('',(36.,32.,16.));
#7429 = LINE('',#7430,#7431);
#7430 = CARTESIAN_POINT('',(63.,32.,16.));
#7431 = VECTOR('',#7432,1.);
#7432 = DIRECTION('',(-1.,0.,0.));
#7433 = ORIENTED_EDGE('',*,*,#7434,.T.);
#7434 = EDGE_CURVE('',#7427,#7435,#7437,.T.);
#7435 = VERTEX_POINT('',#7436);
#7436 = CARTESIAN_POINT('',(30.,38.,16.));
#7437 = CIRCLE('',#7438,6.);
#7438 = AXIS2_PLACEMENT_3D('',#7439,#7440,#7441);
#7439 = CARTESIAN_POINT('',(36.,38.,16.));
#7440 = DIRECTION('',(0.,0.,-1.));
#7441 = DIRECTION('',(-1.,0.,0.));
#7442 = ORIENTED_EDGE('',*,*,#7443,.T.);
#7443 = EDGE_CURVE('',#7435,#7444,#7446,.T.);
#7444 = VERTEX_POINT('',#7445);
#7445 = CARTESIAN_POINT('',(30.,137.,16.));
#7446 = LINE('',#7447,#7448);
#7447 = CARTESIAN_POINT('',(30.,142.75,16.));
#7448 = VECTOR('',#7449,1.);
#7449 = DIRECTION('',(0.,1.,0.));
#7450 = ORIENTED_EDGE('',*,*,#7451,.T.);
#7451 = EDGE_CURVE('',#7444,#7452,#7454,.T.);
#7452 = VERTEX_POINT('',#7453);
#7453 = CARTESIAN_POINT('',(36.,143.,16.));
#7454 = CIRCLE('',#7455,6.);
#7455 = AXIS2_PLACEMENT_3D('',#7456,#7457,#7458);
#7456 = CARTESIAN_POINT('',(36.,137.,16.));
#7457 = DIRECTION('',(0.,0.,-1.));
#7458 = DIRECTION('',(0.,1.,0.));
#7459 = ORIENTED_EDGE('',*,*,#7460,.T.);
#7460 = EDGE_CURVE('',#7452,#7461,#7463,.T.);
#7461 = VERTEX_POINT('',#7462);
#7462 = CARTESIAN_POINT('',(144.,143.,16.));
#7463 = LINE('',#7464,#7465);
#7464 = CARTESIAN_POINT('',(117.,143.,16.));
#7465 = VECTOR('',#7466,1.);
#7466 = DIRECTION('',(1.,0.,0.));
#7467 = ORIENTED_EDGE('',*,*,#7468,.T.);
#7468 = EDGE_CURVE('',#7461,#7469,#7471,.T.);
#7469 = VERTEX_POINT('',#7470);
#7470 = CARTESIAN_POINT('',(150.,137.,16.));
#7471 = CIRCLE('',#7472,6.);
#7472 = AXIS2_PLACEMENT_3D('',#7473,#7474,#7475);
#7473 = CARTESIAN_POINT('',(144.,137.,16.));
#7474 = DIRECTION('',(0.,0.,-1.));
#7475 = DIRECTION('',(1.,0.,0.));
#7476 = ORIENTED_EDGE('',*,*,#7477,.T.);
#7477 = EDGE_CURVE('',#7469,#7416,#7478,.T.);
#7478 = LINE('',#7479,#7480);
#7479 = CARTESIAN_POINT('',(150.,93.25,16.));
#7480 = VECTOR('',#7481,1.);
#7481 = DIRECTION('',(0.,-1.,0.));
#7482 = FACE_BOUND('',#7483,.T.);
#7483 = EDGE_LOOP('',(#7484,#7495,#7503,#7512,#7520,#7529,#7537,#7546));
#7484 = ORIENTED_EDGE('',*,*,#7485,.T.);
#7485 = EDGE_CURVE('',#7486,#7488,#7490,.T.);
#7486 = VERTEX_POINT('',#7487);
#7487 = CARTESIAN_POINT('',(150.,213.,16.));
#7488 = VERTEX_POINT('',#7489);
#7489 = CARTESIAN_POINT('',(144.,207.,16.));
#7490 = CIRCLE('',#7491,6.);
#7491 = AXIS2_PLACEMENT_3D('',#7492,#7493,#7494);
#7492 = CARTESIAN_POINT('',(144.,213.,16.));
#7493 = DIRECTION('',(-0.,-0.,-1.));
#7494 = DIRECTION('',(0.,-1.,0.));
#7495 = ORIENTED_EDGE('',*,*,#7496,.T.);
#7496 = EDGE_CURVE('',#7488,#7497,#7499,.T.);
#7497 = VERTEX_POINT('',#7498);
#7498 = CARTESIAN_POINT('',(36.,207.,16.));
#7499 = LINE('',#7500,#7501);
#7500 = CARTESIAN_POINT('',(63.,207.,16.));
#7501 = VECTOR('',#7502,1.);
#7502 = DIRECTION('',(-1.,0.,0.));
#7503 = ORIENTED_EDGE('',*,*,#7504,.T.);
#7504 = EDGE_CURVE('',#7497,#7505,#7507,.T.);
#7505 = VERTEX_POINT('',#7506);
#7506 = CARTESIAN_POINT('',(30.,213.,16.));
#7507 = CIRCLE('',#7508,6.);
#7508 = AXIS2_PLACEMENT_3D('',#7509,#7510,#7511);
#7509 = CARTESIAN_POINT('',(36.,213.,16.));
#7510 = DIRECTION('',(-0.,0.,-1.));
#7511 = DIRECTION('',(-1.,-5.921189464668E-16,0.));
#7512 = ORIENTED_EDGE('',*,*,#7513,.T.);
#7513 = EDGE_CURVE('',#7505,#7514,#7516,.T.);
#7514 = VERTEX_POINT('',#7515);
#7515 = CARTESIAN_POINT('',(30.,259.,16.));
#7516 = LINE('',#7517,#7518);
#7517 = CARTESIAN_POINT('',(30.,203.75,16.));
#7518 = VECTOR('',#7519,1.);
#7519 = DIRECTION('',(0.,1.,0.));
#7520 = ORIENTED_EDGE('',*,*,#7521,.T.);
#7521 = EDGE_CURVE('',#7514,#7522,#7524,.T.);
#7522 = VERTEX_POINT('',#7523);
#7523 = CARTESIAN_POINT('',(36.,265.,16.));
#7524 = CIRCLE('',#7525,6.);
#7525 = AXIS2_PLACEMENT_3D('',#7526,#7527,#7528);
#7526 = CARTESIAN_POINT('',(36.,259.,16.));
#7527 = DIRECTION('',(0.,0.,-1.));
#7528 = DIRECTION('',(0.,1.,0.));
#7529 = ORIENTED_EDGE('',*,*,#7530,.T.);
#7530 = EDGE_CURVE('',#7522,#7531,#7533,.T.);
#7531 = VERTEX_POINT('',#7532);
#7532 = CARTESIAN_POINT('',(144.,265.,16.));
#7533 = LINE('',#7534,#7535);
#7534 = CARTESIAN_POINT('',(117.,265.,16.));
#7535 = VECTOR('',#7536,1.);
#7536 = DIRECTION('',(1.,0.,0.));
#7537 = ORIENTED_EDGE('',*,*,#7538,.T.);
#7538 = EDGE_CURVE('',#7531,#7539,#7541,.T.);
#7539 = VERTEX_POINT('',#7540);
#7540 = CARTESIAN_POINT('',(150.,259.,16.));
#7541 = CIRCLE('',#7542,6.);
#7542 = AXIS2_PLACEMENT_3D('',#7543,#7544,#7545);
#7543 = CARTESIAN_POINT('',(144.,259.,16.));
#7544 = DIRECTION('',(0.,0.,-1.));
#7545 = DIRECTION('',(1.,5.921189464668E-16,0.));
#7546 = ORIENTED_EDGE('',*,*,#7547,.T.);
#7547 = EDGE_CURVE('',#7539,#7486,#7548,.T.);
#7548 = LINE('',#7549,#7550);
#7549 = CARTESIAN_POINT('',(150.,180.75,16.));
#7550 = VECTOR('',#7551,1.);
#7551 = DIRECTION('',(0.,-1.,0.));
#7552 = PLANE('',#7553);
#7553 = AXIS2_PLACEMENT_3D('',#7554,#7555,#7556);
#7554 = CARTESIAN_POINT('',(90.,148.5,16.));
#7555 = DIRECTION('',(0.,0.,1.));
#7556 = DIRECTION('',(1.,0.,0.));
#7557 = ADVANCED_FACE('',(#7558),#7569,.F.);
#7558 = FACE_BOUND('',#7559,.F.);
#7559 = EDGE_LOOP('',(#7560,#7566,#7567,#7568));
#7560 = ORIENTED_EDGE('',*,*,#7561,.T.);
#7561 = EDGE_CURVE('',#7207,#7398,#7562,.T.);
#7562 = LINE('',#7563,#7564);
#7563 = CARTESIAN_POINT('',(12.,281.,14.5));
#7564 = VECTOR('',#7565,1.);
#7565 = DIRECTION('',(0.,0.,1.));
#7566 = ORIENTED_EDGE('',*,*,#7406,.T.);
#7567 = ORIENTED_EDGE('',*,*,#7113,.F.);
#7568 = ORIENTED_EDGE('',*,*,#7215,.F.);
#7569 = PLANE('',#7570);
#7570 = AXIS2_PLACEMENT_3D('',#7571,#7572,#7573);
#7571 = CARTESIAN_POINT('',(12.,281.,14.5));
#7572 = DIRECTION('',(1.,0.,0.));
#7573 = DIRECTION('',(0.,-1.,0.));
#7574 = ADVANCED_FACE('',(#7575),#7586,.F.);
#7575 = FACE_BOUND('',#7576,.F.);
#7576 = EDGE_LOOP('',(#7577,#7578,#7579,#7585));
#7577 = ORIENTED_EDGE('',*,*,#7156,.T.);
#7578 = ORIENTED_EDGE('',*,*,#7372,.T.);
#7579 = ORIENTED_EDGE('',*,*,#7580,.F.);
#7580 = EDGE_CURVE('',#7182,#7373,#7581,.T.);
#7581 = LINE('',#7582,#7583);
#7582 = CARTESIAN_POINT('',(168.,281.,14.5));
#7583 = VECTOR('',#7584,1.);
#7584 = DIRECTION('',(0.,0.,1.));
#7585 = ORIENTED_EDGE('',*,*,#7181,.F.);
#7586 = PLANE('',#7587);
#7587 = AXIS2_PLACEMENT_3D('',#7588,#7589,#7590);
#7588 = CARTESIAN_POINT('',(168.,16.,14.5));
#7589 = DIRECTION('',(-1.,0.,0.));
#7590 = DIRECTION('',(0.,1.,0.));
#7591 = ADVANCED_FACE('',(#7592),#7603,.T.);
#7592 = FACE_BOUND('',#7593,.F.);
#7593 = EDGE_LOOP('',(#7594,#7600,#7601,#7602));
#7594 = ORIENTED_EDGE('',*,*,#7595,.T.);
#7595 = EDGE_CURVE('',#7199,#7390,#7596,.T.);
#7596 = LINE('',#7597,#7598);
#7597 = CARTESIAN_POINT('',(16.,285.,14.5));
#7598 = VECTOR('',#7599,1.);
#7599 = DIRECTION('',(0.,0.,1.));
#7600 = ORIENTED_EDGE('',*,*,#7397,.T.);
#7601 = ORIENTED_EDGE('',*,*,#7561,.F.);
#7602 = ORIENTED_EDGE('',*,*,#7206,.F.);
#7603 = CYLINDRICAL_SURFACE('',#7604,4.);
#7604 = AXIS2_PLACEMENT_3D('',#7605,#7606,#7607);
#7605 = CARTESIAN_POINT('',(16.,281.,14.5));
#7606 = DIRECTION('',(-0.,-0.,-1.));
#7607 = DIRECTION('',(-3.552713678801E-15,1.,0.));
#7608 = ADVANCED_FACE('',(#7609),#7620,.T.);
#7609 = FACE_BOUND('',#7610,.F.);
#7610 = EDGE_LOOP('',(#7611,#7612,#7613,#7619));
#7611 = ORIENTED_EDGE('',*,*,#7580,.T.);
#7612 = ORIENTED_EDGE('',*,*,#7380,.T.);
#7613 = ORIENTED_EDGE('',*,*,#7614,.F.);
#7614 = EDGE_CURVE('',#7190,#7381,#7615,.T.);
#7615 = LINE('',#7616,#7617);
#7616 = CARTESIAN_POINT('',(164.,285.,14.5));
#7617 = VECTOR('',#7618,1.);
#7618 = DIRECTION('',(0.,0.,1.));
#7619 = ORIENTED_EDGE('',*,*,#7189,.F.);
#7620 = CYLINDRICAL_SURFACE('',#7621,4.);
#7621 = AXIS2_PLACEMENT_3D('',#7622,#7623,#7624);
#7622 = CARTESIAN_POINT('',(164.,281.,14.5));
#7623 = DIRECTION('',(-0.,-0.,-1.));
#7624 = DIRECTION('',(1.,0.,0.));
#7625 = ADVANCED_FACE('',(#7626),#7632,.F.);
#7626 = FACE_BOUND('',#7627,.F.);
#7627 = EDGE_LOOP('',(#7628,#7629,#7630,#7631));
#7628 = ORIENTED_EDGE('',*,*,#7614,.T.);
#7629 = ORIENTED_EDGE('',*,*,#7389,.T.);
#7630 = ORIENTED_EDGE('',*,*,#7595,.F.);
#7631 = ORIENTED_EDGE('',*,*,#7198,.F.);
#7632 = PLANE('',#7633);
#7633 = AXIS2_PLACEMENT_3D('',#7634,#7635,#7636);
#7634 = CARTESIAN_POINT('',(164.,285.,14.5));
#7635 = DIRECTION('',(0.,-1.,0.));
#7636 = DIRECTION('',(-1.,0.,0.));
#7637 = ADVANCED_FACE('',(#7638),#7654,.F.);
#7638 = FACE_BOUND('',#7639,.T.);
#7639 = EDGE_LOOP('',(#7640,#7641,#7647,#7648));
#7640 = ORIENTED_EDGE('',*,*,#7224,.T.);
#7641 = ORIENTED_EDGE('',*,*,#7642,.T.);
#7642 = EDGE_CURVE('',#7227,#7418,#7643,.T.);
#7643 = LINE('',#7644,#7645);
#7644 = CARTESIAN_POINT('',(144.,32.,14.));
#7645 = VECTOR('',#7646,1.);
#7646 = DIRECTION('',(0.,0.,1.));
#7647 = ORIENTED_EDGE('',*,*,#7415,.F.);
#7648 = ORIENTED_EDGE('',*,*,#7649,.F.);
#7649 = EDGE_CURVE('',#7225,#7416,#7650,.T.);
#7650 = LINE('',#7651,#7652);
#7651 = CARTESIAN_POINT('',(150.,38.,14.));
#7652 = VECTOR('',#7653,1.);
#7653 = DIRECTION('',(0.,0.,1.));
#7654 = CYLINDRICAL_SURFACE('',#7655,6.);
#7655 = AXIS2_PLACEMENT_3D('',#7656,#7657,#7658);
#7656 = CARTESIAN_POINT('',(144.,38.,14.));
#7657 = DIRECTION('',(-0.,-0.,-1.));
#7658 = DIRECTION('',(0.,-1.,0.));
#7659 = ADVANCED_FACE('',(#7660),#7671,.T.);
#7660 = FACE_BOUND('',#7661,.T.);
#7661 = EDGE_LOOP('',(#7662,#7663,#7664,#7665));
#7662 = ORIENTED_EDGE('',*,*,#7286,.T.);
#7663 = ORIENTED_EDGE('',*,*,#7649,.T.);
#7664 = ORIENTED_EDGE('',*,*,#7477,.F.);
#7665 = ORIENTED_EDGE('',*,*,#7666,.F.);
#7666 = EDGE_CURVE('',#7278,#7469,#7667,.T.);
#7667 = LINE('',#7668,#7669);
#7668 = CARTESIAN_POINT('',(150.,137.,14.));
#7669 = VECTOR('',#7670,1.);
#7670 = DIRECTION('',(0.,0.,1.));
#7671 = PLANE('',#7672);
#7672 = AXIS2_PLACEMENT_3D('',#7673,#7674,#7675);
#7673 = CARTESIAN_POINT('',(150.,38.,14.));
#7674 = DIRECTION('',(-1.,0.,0.));
#7675 = DIRECTION('',(0.,1.,0.));
#7676 = ADVANCED_FACE('',(#7677),#7688,.F.);
#7677 = FACE_BOUND('',#7678,.T.);
#7678 = EDGE_LOOP('',(#7679,#7680,#7681,#7682));
#7679 = ORIENTED_EDGE('',*,*,#7277,.T.);
#7680 = ORIENTED_EDGE('',*,*,#7666,.T.);
#7681 = ORIENTED_EDGE('',*,*,#7468,.F.);
#7682 = ORIENTED_EDGE('',*,*,#7683,.F.);
#7683 = EDGE_CURVE('',#7270,#7461,#7684,.T.);
#7684 = LINE('',#7685,#7686);
#7685 = CARTESIAN_POINT('',(144.,143.,14.));
#7686 = VECTOR('',#7687,1.);
#7687 = DIRECTION('',(0.,0.,1.));
#7688 = CYLINDRICAL_SURFACE('',#7689,6.);
#7689 = AXIS2_PLACEMENT_3D('',#7690,#7691,#7692);
#7690 = CARTESIAN_POINT('',(144.,137.,14.));
#7691 = DIRECTION('',(-0.,-0.,-1.));
#7692 = DIRECTION('',(1.,0.,0.));
#7693 = ADVANCED_FACE('',(#7694),#7705,.T.);
#7694 = FACE_BOUND('',#7695,.T.);
#7695 = EDGE_LOOP('',(#7696,#7697,#7698,#7699));
#7696 = ORIENTED_EDGE('',*,*,#7269,.T.);
#7697 = ORIENTED_EDGE('',*,*,#7683,.T.);
#7698 = ORIENTED_EDGE('',*,*,#7460,.F.);
#7699 = ORIENTED_EDGE('',*,*,#7700,.F.);
#7700 = EDGE_CURVE('',#7261,#7452,#7701,.T.);
#7701 = LINE('',#7702,#7703);
#7702 = CARTESIAN_POINT('',(36.,143.,14.));
#7703 = VECTOR('',#7704,1.);
#7704 = DIRECTION('',(0.,0.,1.));
#7705 = PLANE('',#7706);
#7706 = AXIS2_PLACEMENT_3D('',#7707,#7708,#7709);
#7707 = CARTESIAN_POINT('',(144.,143.,14.));
#7708 = DIRECTION('',(0.,-1.,0.));
#7709 = DIRECTION('',(-1.,0.,0.));
#7710 = ADVANCED_FACE('',(#7711),#7722,.F.);
#7711 = FACE_BOUND('',#7712,.T.);
#7712 = EDGE_LOOP('',(#7713,#7714,#7715,#7716));
#7713 = ORIENTED_EDGE('',*,*,#7260,.T.);
#7714 = ORIENTED_EDGE('',*,*,#7700,.T.);
#7715 = ORIENTED_EDGE('',*,*,#7451,.F.);
#7716 = ORIENTED_EDGE('',*,*,#7717,.F.);
#7717 = EDGE_CURVE('',#7253,#7444,#7718,.T.);
#7718 = LINE('',#7719,#7720);
#7719 = CARTESIAN_POINT('',(30.,137.,14.));
#7720 = VECTOR('',#7721,1.);
#7721 = DIRECTION('',(0.,0.,1.));
#7722 = CYLINDRICAL_SURFACE('',#7723,6.);
#7723 = AXIS2_PLACEMENT_3D('',#7724,#7725,#7726);
#7724 = CARTESIAN_POINT('',(36.,137.,14.));
#7725 = DIRECTION('',(0.,0.,-1.));
#7726 = DIRECTION('',(0.,1.,0.));
#7727 = ADVANCED_FACE('',(#7728),#7739,.T.);
#7728 = FACE_BOUND('',#7729,.T.);
#7729 = EDGE_LOOP('',(#7730,#7731,#7732,#7733));
#7730 = ORIENTED_EDGE('',*,*,#7252,.T.);
#7731 = ORIENTED_EDGE('',*,*,#7717,.T.);
#7732 = ORIENTED_EDGE('',*,*,#7443,.F.);
#7733 = ORIENTED_EDGE('',*,*,#7734,.F.);
#7734 = EDGE_CURVE('',#7244,#7435,#7735,.T.);
#7735 = LINE('',#7736,#7737);
#7736 = CARTESIAN_POINT('',(30.,38.,14.));
#7737 = VECTOR('',#7738,1.);
#7738 = DIRECTION('',(0.,0.,1.));
#7739 = PLANE('',#7740);
#7740 = AXIS2_PLACEMENT_3D('',#7741,#7742,#7743);
#7741 = CARTESIAN_POINT('',(30.,137.,14.));
#7742 = DIRECTION('',(1.,0.,0.));
#7743 = DIRECTION('',(0.,-1.,0.));
#7744 = ADVANCED_FACE('',(#7745),#7756,.F.);
#7745 = FACE_BOUND('',#7746,.T.);
#7746 = EDGE_LOOP('',(#7747,#7748,#7749,#7750));
#7747 = ORIENTED_EDGE('',*,*,#7243,.T.);
#7748 = ORIENTED_EDGE('',*,*,#7734,.T.);
#7749 = ORIENTED_EDGE('',*,*,#7434,.F.);
#7750 = ORIENTED_EDGE('',*,*,#7751,.F.);
#7751 = EDGE_CURVE('',#7236,#7427,#7752,.T.);
#7752 = LINE('',#7753,#7754);
#7753 = CARTESIAN_POINT('',(36.,32.,14.));
#7754 = VECTOR('',#7755,1.);
#7755 = DIRECTION('',(0.,0.,1.));
#7756 = CYLINDRICAL_SURFACE('',#7757,6.);
#7757 = AXIS2_PLACEMENT_3D('',#7758,#7759,#7760);
#7758 = CARTESIAN_POINT('',(36.,38.,14.));
#7759 = DIRECTION('',(-0.,-0.,-1.));
#7760 = DIRECTION('',(-1.,0.,0.));
#7761 = ADVANCED_FACE('',(#7762),#7768,.T.);
#7762 = FACE_BOUND('',#7763,.T.);
#7763 = EDGE_LOOP('',(#7764,#7765,#7766,#7767));
#7764 = ORIENTED_EDGE('',*,*,#7235,.T.);
#7765 = ORIENTED_EDGE('',*,*,#7751,.T.);
#7766 = ORIENTED_EDGE('',*,*,#7426,.F.);
#7767 = ORIENTED_EDGE('',*,*,#7642,.F.);
#7768 = PLANE('',#7769);
#7769 = AXIS2_PLACEMENT_3D('',#7770,#7771,#7772);
#7770 = CARTESIAN_POINT('',(36.,32.,14.));
#7771 = DIRECTION('',(0.,1.,0.));
#7772 = DIRECTION('',(1.,0.,0.));
#7773 = ADVANCED_FACE('',(#7774),#7790,.F.);
#7774 = FACE_BOUND('',#7775,.T.);
#7775 = EDGE_LOOP('',(#7776,#7777,#7783,#7784));
#7776 = ORIENTED_EDGE('',*,*,#7294,.T.);
#7777 = ORIENTED_EDGE('',*,*,#7778,.T.);
#7778 = EDGE_CURVE('',#7297,#7488,#7779,.T.);
#7779 = LINE('',#7780,#7781);
#7780 = CARTESIAN_POINT('',(144.,207.,14.));
#7781 = VECTOR('',#7782,1.);
#7782 = DIRECTION('',(0.,0.,1.));
#7783 = ORIENTED_EDGE('',*,*,#7485,.F.);
#7784 = ORIENTED_EDGE('',*,*,#7785,.F.);
#7785 = EDGE_CURVE('',#7295,#7486,#7786,.T.);
#7786 = LINE('',#7787,#7788);
#7787 = CARTESIAN_POINT('',(150.,213.,14.));
#7788 = VECTOR('',#7789,1.);
#7789 = DIRECTION('',(0.,0.,1.));
#7790 = CYLINDRICAL_SURFACE('',#7791,6.);
#7791 = AXIS2_PLACEMENT_3D('',#7792,#7793,#7794);
#7792 = CARTESIAN_POINT('',(144.,213.,14.));
#7793 = DIRECTION('',(-0.,-0.,-1.));
#7794 = DIRECTION('',(0.,-1.,0.));
#7795 = ADVANCED_FACE('',(#7796),#7807,.T.);
#7796 = FACE_BOUND('',#7797,.T.);
#7797 = EDGE_LOOP('',(#7798,#7799,#7800,#7801));
#7798 = ORIENTED_EDGE('',*,*,#7356,.T.);
#7799 = ORIENTED_EDGE('',*,*,#7785,.T.);
#7800 = ORIENTED_EDGE('',*,*,#7547,.F.);
#7801 = ORIENTED_EDGE('',*,*,#7802,.F.);
#7802 = EDGE_CURVE('',#7348,#7539,#7803,.T.);
#7803 = LINE('',#7804,#7805);
#7804 = CARTESIAN_POINT('',(150.,259.,14.));
#7805 = VECTOR('',#7806,1.);
#7806 = DIRECTION('',(0.,0.,1.));
#7807 = PLANE('',#7808);
#7808 = AXIS2_PLACEMENT_3D('',#7809,#7810,#7811);
#7809 = CARTESIAN_POINT('',(150.,213.,14.));
#7810 = DIRECTION('',(-1.,0.,0.));
#7811 = DIRECTION('',(0.,1.,0.));
#7812 = ADVANCED_FACE('',(#7813),#7824,.T.);
#7813 = FACE_BOUND('',#7814,.T.);
#7814 = EDGE_LOOP('',(#7815,#7816,#7822,#7823));
#7815 = ORIENTED_EDGE('',*,*,#7305,.T.);
#7816 = ORIENTED_EDGE('',*,*,#7817,.T.);
#7817 = EDGE_CURVE('',#7306,#7497,#7818,.T.);
#7818 = LINE('',#7819,#7820);
#7819 = CARTESIAN_POINT('',(36.,207.,14.));
#7820 = VECTOR('',#7821,1.);
#7821 = DIRECTION('',(0.,0.,1.));
#7822 = ORIENTED_EDGE('',*,*,#7496,.F.);
#7823 = ORIENTED_EDGE('',*,*,#7778,.F.);
#7824 = PLANE('',#7825);
#7825 = AXIS2_PLACEMENT_3D('',#7826,#7827,#7828);
#7826 = CARTESIAN_POINT('',(36.,207.,14.));
#7827 = DIRECTION('',(0.,1.,0.));
#7828 = DIRECTION('',(1.,0.,0.));
#7829 = ADVANCED_FACE('',(#7830),#7841,.F.);
#7830 = FACE_BOUND('',#7831,.T.);
#7831 = EDGE_LOOP('',(#7832,#7833,#7834,#7835));
#7832 = ORIENTED_EDGE('',*,*,#7347,.T.);
#7833 = ORIENTED_EDGE('',*,*,#7802,.T.);
#7834 = ORIENTED_EDGE('',*,*,#7538,.F.);
#7835 = ORIENTED_EDGE('',*,*,#7836,.F.);
#7836 = EDGE_CURVE('',#7340,#7531,#7837,.T.);
#7837 = LINE('',#7838,#7839);
#7838 = CARTESIAN_POINT('',(144.,265.,14.));
#7839 = VECTOR('',#7840,1.);
#7840 = DIRECTION('',(0.,0.,1.));
#7841 = CYLINDRICAL_SURFACE('',#7842,6.);
#7842 = AXIS2_PLACEMENT_3D('',#7843,#7844,#7845);
#7843 = CARTESIAN_POINT('',(144.,259.,14.));
#7844 = DIRECTION('',(-0.,-0.,-1.));
#7845 = DIRECTION('',(1.,5.921189464668E-16,0.));
#7846 = ADVANCED_FACE('',(#7847),#7858,.F.);
#7847 = FACE_BOUND('',#7848,.T.);
#7848 = EDGE_LOOP('',(#7849,#7850,#7856,#7857));
#7849 = ORIENTED_EDGE('',*,*,#7313,.T.);
#7850 = ORIENTED_EDGE('',*,*,#7851,.T.);
#7851 = EDGE_CURVE('',#7314,#7505,#7852,.T.);
#7852 = LINE('',#7853,#7854);
#7853 = CARTESIAN_POINT('',(30.,213.,14.));
#7854 = VECTOR('',#7855,1.);
#7855 = DIRECTION('',(0.,0.,1.));
#7856 = ORIENTED_EDGE('',*,*,#7504,.F.);
#7857 = ORIENTED_EDGE('',*,*,#7817,.F.);
#7858 = CYLINDRICAL_SURFACE('',#7859,6.);
#7859 = AXIS2_PLACEMENT_3D('',#7860,#7861,#7862);
#7860 = CARTESIAN_POINT('',(36.,213.,14.));
#7861 = DIRECTION('',(-0.,-0.,-1.));
#7862 = DIRECTION('',(-1.,-5.921189464668E-16,0.));
#7863 = ADVANCED_FACE('',(#7864),#7875,.T.);
#7864 = FACE_BOUND('',#7865,.T.);
#7865 = EDGE_LOOP('',(#7866,#7867,#7868,#7869));
#7866 = ORIENTED_EDGE('',*,*,#7339,.T.);
#7867 = ORIENTED_EDGE('',*,*,#7836,.T.);
#7868 = ORIENTED_EDGE('',*,*,#7530,.F.);
#7869 = ORIENTED_EDGE('',*,*,#7870,.F.);
#7870 = EDGE_CURVE('',#7331,#7522,#7871,.T.);
#7871 = LINE('',#7872,#7873);
#7872 = CARTESIAN_POINT('',(36.,265.,14.));
#7873 = VECTOR('',#7874,1.);
#7874 = DIRECTION('',(0.,0.,1.));
#7875 = PLANE('',#7876);
#7876 = AXIS2_PLACEMENT_3D('',#7877,#7878,#7879);
#7877 = CARTESIAN_POINT('',(144.,265.,14.));
#7878 = DIRECTION('',(0.,-1.,0.));
#7879 = DIRECTION('',(-1.,0.,0.));
#7880 = ADVANCED_FACE('',(#7881),#7892,.T.);
#7881 = FACE_BOUND('',#7882,.T.);
#7882 = EDGE_LOOP('',(#7883,#7884,#7890,#7891));
#7883 = ORIENTED_EDGE('',*,*,#7322,.T.);
#7884 = ORIENTED_EDGE('',*,*,#7885,.T.);
#7885 = EDGE_CURVE('',#7323,#7514,#7886,.T.);
#7886 = LINE('',#7887,#7888);
#7887 = CARTESIAN_POINT('',(30.,259.,14.));
#7888 = VECTOR('',#7889,1.);
#7889 = DIRECTION('',(0.,0.,1.));
#7890 = ORIENTED_EDGE('',*,*,#7513,.F.);
#7891 = ORIENTED_EDGE('',*,*,#7851,.F.);
#7892 = PLANE('',#7893);
#7893 = AXIS2_PLACEMENT_3D('',#7894,#7895,#7896);
#7894 = CARTESIAN_POINT('',(30.,259.,14.));
#7895 = DIRECTION('',(1.,0.,0.));
#7896 = DIRECTION('',(0.,-1.,0.));
#7897 = ADVANCED_FACE('',(#7898),#7904,.F.);
#7898 = FACE_BOUND('',#7899,.T.);
#7899 = EDGE_LOOP('',(#7900,#7901,#7902,#7903));
#7900 = ORIENTED_EDGE('',*,*,#7330,.T.);
#7901 = ORIENTED_EDGE('',*,*,#7870,.T.);
#7902 = ORIENTED_EDGE('',*,*,#7521,.F.);
#7903 = ORIENTED_EDGE('',*,*,#7885,.F.);
#7904 = CYLINDRICAL_SURFACE('',#7905,6.);
#7905 = AXIS2_PLACEMENT_3D('',#7906,#7907,#7908);
#7906 = CARTESIAN_POINT('',(36.,259.,14.));
#7907 = DIRECTION('',(0.,0.,-1.));
#7908 = DIRECTION('',(0.,1.,0.));
#7909 = MANIFOLD_SOLID_BREP('',#7910);
#7910 = CLOSED_SHELL('',(#7911,#7944,#7997,#8017,#8042,#8067,#8092,#8117
    ,#8142,#8171));
#7911 = ADVANCED_FACE('',(#7912),#7939,.T.);
#7912 = FACE_BOUND('',#7913,.T.);
#7913 = EDGE_LOOP('',(#7914,#7924,#7931,#7932));
#7914 = ORIENTED_EDGE('',*,*,#7915,.T.);
#7915 = EDGE_CURVE('',#7916,#7918,#7920,.T.);
#7916 = VERTEX_POINT('',#7917);
#7917 = CARTESIAN_POINT('',(116.,87.5,7.));
#7918 = VERTEX_POINT('',#7919);
#7919 = CARTESIAN_POINT('',(116.,87.5,124.));
#7920 = LINE('',#7921,#7922);
#7921 = CARTESIAN_POINT('',(116.,87.5,4.));
#7922 = VECTOR('',#7923,1.);
#7923 = DIRECTION('',(0.,0.,1.));
#7924 = ORIENTED_EDGE('',*,*,#7925,.F.);
#7925 = EDGE_CURVE('',#7918,#7918,#7926,.T.);
#7926 = CIRCLE('',#7927,26.);
#7927 = AXIS2_PLACEMENT_3D('',#7928,#7929,#7930);
#7928 = CARTESIAN_POINT('',(90.,87.5,124.));
#7929 = DIRECTION('',(0.,0.,1.));
#7930 = DIRECTION('',(1.,0.,0.));
#7931 = ORIENTED_EDGE('',*,*,#7915,.F.);
#7932 = ORIENTED_EDGE('',*,*,#7933,.T.);
#7933 = EDGE_CURVE('',#7916,#7916,#7934,.T.);
#7934 = CIRCLE('',#7935,26.);
#7935 = AXIS2_PLACEMENT_3D('',#7936,#7937,#7938);
#7936 = CARTESIAN_POINT('',(90.,87.5,7.));
#7937 = DIRECTION('',(0.,0.,1.));
#7938 = DIRECTION('',(1.,0.,0.));
#7939 = CYLINDRICAL_SURFACE('',#7940,26.);
#7940 = AXIS2_PLACEMENT_3D('',#7941,#7942,#7943);
#7941 = CARTESIAN_POINT('',(90.,87.5,4.));
#7942 = DIRECTION('',(0.,0.,1.));
#7943 = DIRECTION('',(1.,0.,0.));
#7944 = ADVANCED_FACE('',(#7945,#7956,#7967,#7970,#7981),#7992,.T.);
#7945 = FACE_BOUND('',#7946,.T.);
#7946 = EDGE_LOOP('',(#7947));
#7947 = ORIENTED_EDGE('',*,*,#7948,.T.);
#7948 = EDGE_CURVE('',#7949,#7949,#7951,.T.);
#7949 = VERTEX_POINT('',#7950);
#7950 = CARTESIAN_POINT('',(122.5,87.5,7.));
#7951 = CIRCLE('',#7952,32.5);
#7952 = AXIS2_PLACEMENT_3D('',#7953,#7954,#7955);
#7953 = CARTESIAN_POINT('',(90.,87.5,7.));
#7954 = DIRECTION('',(0.,0.,1.));
#7955 = DIRECTION('',(1.,0.,0.));
#7956 = FACE_BOUND('',#7957,.T.);
#7957 = EDGE_LOOP('',(#7958));
#7958 = ORIENTED_EDGE('',*,*,#7959,.F.);
#7959 = EDGE_CURVE('',#7960,#7960,#7962,.T.);
#7960 = VERTEX_POINT('',#7961);
#7961 = CARTESIAN_POINT('',(77.,61.952250588359,7.));
#7962 = CIRCLE('',#7963,1.75);
#7963 = AXIS2_PLACEMENT_3D('',#7964,#7965,#7966);
#7964 = CARTESIAN_POINT('',(75.25,61.952250588359,7.));
#7965 = DIRECTION('',(0.,0.,1.));
#7966 = DIRECTION('',(1.,0.,0.));
#7967 = FACE_BOUND('',#7968,.T.);
#7968 = EDGE_LOOP('',(#7969));
#7969 = ORIENTED_EDGE('',*,*,#7933,.F.);
#7970 = FACE_BOUND('',#7971,.T.);
#7971 = EDGE_LOOP('',(#7972));
#7972 = ORIENTED_EDGE('',*,*,#7973,.F.);
#7973 = EDGE_CURVE('',#7974,#7974,#7976,.T.);
#7974 = VERTEX_POINT('',#7975);
#7975 = CARTESIAN_POINT('',(121.25,87.5,7.));
#7976 = CIRCLE('',#7977,1.75);
#7977 = AXIS2_PLACEMENT_3D('',#7978,#7979,#7980);
#7978 = CARTESIAN_POINT('',(119.5,87.5,7.));
#7979 = DIRECTION('',(0.,0.,1.));
#7980 = DIRECTION('',(1.,0.,0.));
#7981 = FACE_BOUND('',#7982,.T.);
#7982 = EDGE_LOOP('',(#7983));
#7983 = ORIENTED_EDGE('',*,*,#7984,.F.);
#7984 = EDGE_CURVE('',#7985,#7985,#7987,.T.);
#7985 = VERTEX_POINT('',#7986);
#7986 = CARTESIAN_POINT('',(77.,113.04774941164,7.));
#7987 = CIRCLE('',#7988,1.75);
#7988 = AXIS2_PLACEMENT_3D('',#7989,#7990,#7991);
#7989 = CARTESIAN_POINT('',(75.25,113.04774941164,7.));
#7990 = DIRECTION('',(0.,0.,1.));
#7991 = DIRECTION('',(1.,0.,0.));
#7992 = PLANE('',#7993);
#7993 = AXIS2_PLACEMENT_3D('',#7994,#7995,#7996);
#7994 = CARTESIAN_POINT('',(90.,87.5,7.));
#7995 = DIRECTION('',(0.,0.,1.));
#7996 = DIRECTION('',(1.,0.,0.));
#7997 = ADVANCED_FACE('',(#7998,#8001),#8012,.T.);
#7998 = FACE_BOUND('',#7999,.T.);
#7999 = EDGE_LOOP('',(#8000));
#8000 = ORIENTED_EDGE('',*,*,#7925,.T.);
#8001 = FACE_BOUND('',#8002,.T.);
#8002 = EDGE_LOOP('',(#8003));
#8003 = ORIENTED_EDGE('',*,*,#8004,.F.);
#8004 = EDGE_CURVE('',#8005,#8005,#8007,.T.);
#8005 = VERTEX_POINT('',#8006);
#8006 = CARTESIAN_POINT('',(112.5,87.5,124.));
#8007 = CIRCLE('',#8008,22.5);
#8008 = AXIS2_PLACEMENT_3D('',#8009,#8010,#8011);
#8009 = CARTESIAN_POINT('',(90.,87.5,124.));
#8010 = DIRECTION('',(0.,0.,1.));
#8011 = DIRECTION('',(1.,0.,0.));
#8012 = PLANE('',#8013);
#8013 = AXIS2_PLACEMENT_3D('',#8014,#8015,#8016);
#8014 = CARTESIAN_POINT('',(90.,87.5,124.));
#8015 = DIRECTION('',(0.,0.,1.));
#8016 = DIRECTION('',(1.,0.,0.));
#8017 = ADVANCED_FACE('',(#8018),#8037,.T.);
#8018 = FACE_BOUND('',#8019,.T.);
#8019 = EDGE_LOOP('',(#8020,#8021,#8029,#8036));
#8020 = ORIENTED_EDGE('',*,*,#7948,.F.);
#8021 = ORIENTED_EDGE('',*,*,#8022,.F.);
#8022 = EDGE_CURVE('',#8023,#7949,#8025,.T.);
#8023 = VERTEX_POINT('',#8024);
#8024 = CARTESIAN_POINT('',(122.5,87.5,4.));
#8025 = LINE('',#8026,#8027);
#8026 = CARTESIAN_POINT('',(122.5,87.5,4.));
#8027 = VECTOR('',#8028,1.);
#8028 = DIRECTION('',(0.,0.,1.));
#8029 = ORIENTED_EDGE('',*,*,#8030,.T.);
#8030 = EDGE_CURVE('',#8023,#8023,#8031,.T.);
#8031 = CIRCLE('',#8032,32.5);
#8032 = AXIS2_PLACEMENT_3D('',#8033,#8034,#8035);
#8033 = CARTESIAN_POINT('',(90.,87.5,4.));
#8034 = DIRECTION('',(0.,0.,1.));
#8035 = DIRECTION('',(1.,0.,0.));
#8036 = ORIENTED_EDGE('',*,*,#8022,.T.);
#8037 = CYLINDRICAL_SURFACE('',#8038,32.5);
#8038 = AXIS2_PLACEMENT_3D('',#8039,#8040,#8041);
#8039 = CARTESIAN_POINT('',(90.,87.5,4.));
#8040 = DIRECTION('',(0.,0.,1.));
#8041 = DIRECTION('',(1.,0.,0.));
#8042 = ADVANCED_FACE('',(#8043),#8062,.F.);
#8043 = FACE_BOUND('',#8044,.F.);
#8044 = EDGE_LOOP('',(#8045,#8046,#8054,#8061));
#8045 = ORIENTED_EDGE('',*,*,#7959,.F.);
#8046 = ORIENTED_EDGE('',*,*,#8047,.F.);
#8047 = EDGE_CURVE('',#8048,#7960,#8050,.T.);
#8048 = VERTEX_POINT('',#8049);
#8049 = CARTESIAN_POINT('',(77.,61.952250588359,4.));
#8050 = LINE('',#8051,#8052);
#8051 = CARTESIAN_POINT('',(77.,61.952250588359,3.));
#8052 = VECTOR('',#8053,1.);
#8053 = DIRECTION('',(0.,0.,1.));
#8054 = ORIENTED_EDGE('',*,*,#8055,.T.);
#8055 = EDGE_CURVE('',#8048,#8048,#8056,.T.);
#8056 = CIRCLE('',#8057,1.75);
#8057 = AXIS2_PLACEMENT_3D('',#8058,#8059,#8060);
#8058 = CARTESIAN_POINT('',(75.25,61.952250588359,4.));
#8059 = DIRECTION('',(0.,0.,1.));
#8060 = DIRECTION('',(1.,0.,0.));
#8061 = ORIENTED_EDGE('',*,*,#8047,.T.);
#8062 = CYLINDRICAL_SURFACE('',#8063,1.75);
#8063 = AXIS2_PLACEMENT_3D('',#8064,#8065,#8066);
#8064 = CARTESIAN_POINT('',(75.25,61.952250588359,3.));
#8065 = DIRECTION('',(0.,0.,1.));
#8066 = DIRECTION('',(1.,0.,0.));
#8067 = ADVANCED_FACE('',(#8068),#8087,.F.);
#8068 = FACE_BOUND('',#8069,.F.);
#8069 = EDGE_LOOP('',(#8070,#8071,#8079,#8086));
#8070 = ORIENTED_EDGE('',*,*,#7973,.F.);
#8071 = ORIENTED_EDGE('',*,*,#8072,.F.);
#8072 = EDGE_CURVE('',#8073,#7974,#8075,.T.);
#8073 = VERTEX_POINT('',#8074);
#8074 = CARTESIAN_POINT('',(121.25,87.5,4.));
#8075 = LINE('',#8076,#8077);
#8076 = CARTESIAN_POINT('',(121.25,87.5,3.));
#8077 = VECTOR('',#8078,1.);
#8078 = DIRECTION('',(0.,0.,1.));
#8079 = ORIENTED_EDGE('',*,*,#8080,.T.);
#8080 = EDGE_CURVE('',#8073,#8073,#8081,.T.);
#8081 = CIRCLE('',#8082,1.75);
#8082 = AXIS2_PLACEMENT_3D('',#8083,#8084,#8085);
#8083 = CARTESIAN_POINT('',(119.5,87.5,4.));
#8084 = DIRECTION('',(0.,0.,1.));
#8085 = DIRECTION('',(1.,0.,0.));
#8086 = ORIENTED_EDGE('',*,*,#8072,.T.);
#8087 = CYLINDRICAL_SURFACE('',#8088,1.75);
#8088 = AXIS2_PLACEMENT_3D('',#8089,#8090,#8091);
#8089 = CARTESIAN_POINT('',(119.5,87.5,3.));
#8090 = DIRECTION('',(0.,0.,1.));
#8091 = DIRECTION('',(1.,0.,0.));
#8092 = ADVANCED_FACE('',(#8093),#8112,.F.);
#8093 = FACE_BOUND('',#8094,.F.);
#8094 = EDGE_LOOP('',(#8095,#8096,#8104,#8111));
#8095 = ORIENTED_EDGE('',*,*,#7984,.F.);
#8096 = ORIENTED_EDGE('',*,*,#8097,.F.);
#8097 = EDGE_CURVE('',#8098,#7985,#8100,.T.);
#8098 = VERTEX_POINT('',#8099);
#8099 = CARTESIAN_POINT('',(77.,113.04774941164,4.));
#8100 = LINE('',#8101,#8102);
#8101 = CARTESIAN_POINT('',(77.,113.04774941164,3.));
#8102 = VECTOR('',#8103,1.);
#8103 = DIRECTION('',(0.,0.,1.));
#8104 = ORIENTED_EDGE('',*,*,#8105,.T.);
#8105 = EDGE_CURVE('',#8098,#8098,#8106,.T.);
#8106 = CIRCLE('',#8107,1.75);
#8107 = AXIS2_PLACEMENT_3D('',#8108,#8109,#8110);
#8108 = CARTESIAN_POINT('',(75.25,113.04774941164,4.));
#8109 = DIRECTION('',(0.,0.,1.));
#8110 = DIRECTION('',(1.,0.,0.));
#8111 = ORIENTED_EDGE('',*,*,#8097,.T.);
#8112 = CYLINDRICAL_SURFACE('',#8113,1.75);
#8113 = AXIS2_PLACEMENT_3D('',#8114,#8115,#8116);
#8114 = CARTESIAN_POINT('',(75.25,113.04774941164,3.));
#8115 = DIRECTION('',(0.,0.,1.));
#8116 = DIRECTION('',(1.,0.,0.));
#8117 = ADVANCED_FACE('',(#8118),#8137,.F.);
#8118 = FACE_BOUND('',#8119,.F.);
#8119 = EDGE_LOOP('',(#8120,#8121,#8129,#8136));
#8120 = ORIENTED_EDGE('',*,*,#8004,.F.);
#8121 = ORIENTED_EDGE('',*,*,#8122,.F.);
#8122 = EDGE_CURVE('',#8123,#8005,#8125,.T.);
#8123 = VERTEX_POINT('',#8124);
#8124 = CARTESIAN_POINT('',(112.5,87.5,4.));
#8125 = LINE('',#8126,#8127);
#8126 = CARTESIAN_POINT('',(112.5,87.5,3.));
#8127 = VECTOR('',#8128,1.);
#8128 = DIRECTION('',(0.,0.,1.));
#8129 = ORIENTED_EDGE('',*,*,#8130,.T.);
#8130 = EDGE_CURVE('',#8123,#8123,#8131,.T.);
#8131 = CIRCLE('',#8132,22.5);
#8132 = AXIS2_PLACEMENT_3D('',#8133,#8134,#8135);
#8133 = CARTESIAN_POINT('',(90.,87.5,4.));
#8134 = DIRECTION('',(0.,0.,1.));
#8135 = DIRECTION('',(1.,0.,0.));
#8136 = ORIENTED_EDGE('',*,*,#8122,.T.);
#8137 = CYLINDRICAL_SURFACE('',#8138,22.5);
#8138 = AXIS2_PLACEMENT_3D('',#8139,#8140,#8141);
#8139 = CARTESIAN_POINT('',(90.,87.5,3.));
#8140 = DIRECTION('',(0.,0.,1.));
#8141 = DIRECTION('',(1.,0.,0.));
#8142 = ADVANCED_FACE('',(#8143,#8146,#8149,#8160,#8163),#8166,.F.);
#8143 = FACE_BOUND('',#8144,.F.);
#8144 = EDGE_LOOP('',(#8145));
#8145 = ORIENTED_EDGE('',*,*,#8030,.T.);
#8146 = FACE_BOUND('',#8147,.F.);
#8147 = EDGE_LOOP('',(#8148));
#8148 = ORIENTED_EDGE('',*,*,#8055,.F.);
#8149 = FACE_BOUND('',#8150,.F.);
#8150 = EDGE_LOOP('',(#8151));
#8151 = ORIENTED_EDGE('',*,*,#8152,.F.);
#8152 = EDGE_CURVE('',#8153,#8153,#8155,.T.);
#8153 = VERTEX_POINT('',#8154);
#8154 = CARTESIAN_POINT('',(116.,87.5,4.));
#8155 = CIRCLE('',#8156,26.);
#8156 = AXIS2_PLACEMENT_3D('',#8157,#8158,#8159);
#8157 = CARTESIAN_POINT('',(90.,87.5,4.));
#8158 = DIRECTION('',(0.,0.,1.));
#8159 = DIRECTION('',(1.,0.,0.));
#8160 = FACE_BOUND('',#8161,.F.);
#8161 = EDGE_LOOP('',(#8162));
#8162 = ORIENTED_EDGE('',*,*,#8080,.F.);
#8163 = FACE_BOUND('',#8164,.F.);
#8164 = EDGE_LOOP('',(#8165));
#8165 = ORIENTED_EDGE('',*,*,#8105,.F.);
#8166 = PLANE('',#8167);
#8167 = AXIS2_PLACEMENT_3D('',#8168,#8169,#8170);
#8168 = CARTESIAN_POINT('',(90.,87.5,4.));
#8169 = DIRECTION('',(0.,0.,1.));
#8170 = DIRECTION('',(1.,0.,0.));
#8171 = ADVANCED_FACE('',(#8172,#8175),#8178,.F.);
#8172 = FACE_BOUND('',#8173,.F.);
#8173 = EDGE_LOOP('',(#8174));
#8174 = ORIENTED_EDGE('',*,*,#8152,.T.);
#8175 = FACE_BOUND('',#8176,.F.);
#8176 = EDGE_LOOP('',(#8177));
#8177 = ORIENTED_EDGE('',*,*,#8130,.F.);
#8178 = PLANE('',#8179);
#8179 = AXIS2_PLACEMENT_3D('',#8180,#8181,#8182);
#8180 = CARTESIAN_POINT('',(90.,87.5,4.));
#8181 = DIRECTION('',(0.,0.,1.));
#8182 = DIRECTION('',(1.,0.,0.));
#8183 = MANIFOLD_SOLID_BREP('',#8184);
#8184 = CLOSED_SHELL('',(#8185,#8225,#8258,#8291,#8408,#8525,#8542,#8559
    ,#8576,#8593,#8605,#8630,#8655,#8680,#8705,#8730,#8755,#8772,#8789,
    #8806,#8823,#8840));
#8185 = ADVANCED_FACE('',(#8186),#8220,.F.);
#8186 = FACE_BOUND('',#8187,.F.);
#8187 = EDGE_LOOP('',(#8188,#8198,#8206,#8214));
#8188 = ORIENTED_EDGE('',*,*,#8189,.T.);
#8189 = EDGE_CURVE('',#8190,#8192,#8194,.T.);
#8190 = VERTEX_POINT('',#8191);
#8191 = CARTESIAN_POINT('',(167.5,175.,206.));
#8192 = VERTEX_POINT('',#8193);
#8193 = CARTESIAN_POINT('',(167.5,175.,194.));
#8194 = LINE('',#8195,#8196);
#8195 = CARTESIAN_POINT('',(167.5,175.,206.));
#8196 = VECTOR('',#8197,1.);
#8197 = DIRECTION('',(0.,0.,-1.));
#8198 = ORIENTED_EDGE('',*,*,#8199,.T.);
#8199 = EDGE_CURVE('',#8192,#8200,#8202,.T.);
#8200 = VERTEX_POINT('',#8201);
#8201 = CARTESIAN_POINT('',(12.5,175.,194.));
#8202 = LINE('',#8203,#8204);
#8203 = CARTESIAN_POINT('',(167.5,175.,194.));
#8204 = VECTOR('',#8205,1.);
#8205 = DIRECTION('',(-1.,0.,0.));
#8206 = ORIENTED_EDGE('',*,*,#8207,.F.);
#8207 = EDGE_CURVE('',#8208,#8200,#8210,.T.);
#8208 = VERTEX_POINT('',#8209);
#8209 = CARTESIAN_POINT('',(12.5,175.,206.));
#8210 = LINE('',#8211,#8212);
#8211 = CARTESIAN_POINT('',(12.5,175.,206.));
#8212 = VECTOR('',#8213,1.);
#8213 = DIRECTION('',(0.,0.,-1.));
#8214 = ORIENTED_EDGE('',*,*,#8215,.F.);
#8215 = EDGE_CURVE('',#8190,#8208,#8216,.T.);
#8216 = LINE('',#8217,#8218);
#8217 = CARTESIAN_POINT('',(167.5,175.,206.));
#8218 = VECTOR('',#8219,1.);
#8219 = DIRECTION('',(-1.,0.,0.));
#8220 = PLANE('',#8221);
#8221 = AXIS2_PLACEMENT_3D('',#8222,#8223,#8224);
#8222 = CARTESIAN_POINT('',(167.5,175.,206.));
#8223 = DIRECTION('',(0.,1.,0.));
#8224 = DIRECTION('',(-1.,0.,0.));
#8225 = ADVANCED_FACE('',(#8226),#8253,.T.);
#8226 = FACE_BOUND('',#8227,.F.);
#8227 = EDGE_LOOP('',(#8228,#8238,#8245,#8246));
#8228 = ORIENTED_EDGE('',*,*,#8229,.T.);
#8229 = EDGE_CURVE('',#8230,#8232,#8234,.T.);
#8230 = VERTEX_POINT('',#8231);
#8231 = CARTESIAN_POINT('',(168.,175.5,206.));
#8232 = VERTEX_POINT('',#8233);
#8233 = CARTESIAN_POINT('',(168.,175.5,194.));
#8234 = LINE('',#8235,#8236);
#8235 = CARTESIAN_POINT('',(168.,175.5,206.));
#8236 = VECTOR('',#8237,1.);
#8237 = DIRECTION('',(0.,0.,-1.));
#8238 = ORIENTED_EDGE('',*,*,#8239,.T.);
#8239 = EDGE_CURVE('',#8232,#8192,#8240,.T.);
#8240 = CIRCLE('',#8241,0.5);
#8241 = AXIS2_PLACEMENT_3D('',#8242,#8243,#8244);
#8242 = CARTESIAN_POINT('',(167.5,175.5,194.));
#8243 = DIRECTION('',(0.,0.,-1.));
#8244 = DIRECTION('',(1.,1.42108547152E-14,0.));
#8245 = ORIENTED_EDGE('',*,*,#8189,.F.);
#8246 = ORIENTED_EDGE('',*,*,#8247,.F.);
#8247 = EDGE_CURVE('',#8230,#8190,#8248,.T.);
#8248 = CIRCLE('',#8249,0.5);
#8249 = AXIS2_PLACEMENT_3D('',#8250,#8251,#8252);
#8250 = CARTESIAN_POINT('',(167.5,175.5,206.));
#8251 = DIRECTION('',(0.,0.,-1.));
#8252 = DIRECTION('',(1.,1.42108547152E-14,0.));
#8253 = CYLINDRICAL_SURFACE('',#8254,0.5);
#8254 = AXIS2_PLACEMENT_3D('',#8255,#8256,#8257);
#8255 = CARTESIAN_POINT('',(167.5,175.5,206.));
#8256 = DIRECTION('',(0.,-0.,1.));
#8257 = DIRECTION('',(1.,1.42108547152E-14,0.));
#8258 = ADVANCED_FACE('',(#8259),#8286,.T.);
#8259 = FACE_BOUND('',#8260,.F.);
#8260 = EDGE_LOOP('',(#8261,#8262,#8271,#8279));
#8261 = ORIENTED_EDGE('',*,*,#8207,.T.);
#8262 = ORIENTED_EDGE('',*,*,#8263,.T.);
#8263 = EDGE_CURVE('',#8200,#8264,#8266,.T.);
#8264 = VERTEX_POINT('',#8265);
#8265 = CARTESIAN_POINT('',(12.,175.5,194.));
#8266 = CIRCLE('',#8267,0.5);
#8267 = AXIS2_PLACEMENT_3D('',#8268,#8269,#8270);
#8268 = CARTESIAN_POINT('',(12.5,175.5,194.));
#8269 = DIRECTION('',(-0.,0.,-1.));
#8270 = DIRECTION('',(2.84217094304E-14,-1.,-0.));
#8271 = ORIENTED_EDGE('',*,*,#8272,.F.);
#8272 = EDGE_CURVE('',#8273,#8264,#8275,.T.);
#8273 = VERTEX_POINT('',#8274);
#8274 = CARTESIAN_POINT('',(12.,175.5,206.));
#8275 = LINE('',#8276,#8277);
#8276 = CARTESIAN_POINT('',(12.,175.5,206.));
#8277 = VECTOR('',#8278,1.);
#8278 = DIRECTION('',(0.,0.,-1.));
#8279 = ORIENTED_EDGE('',*,*,#8280,.F.);
#8280 = EDGE_CURVE('',#8208,#8273,#8281,.T.);
#8281 = CIRCLE('',#8282,0.5);
#8282 = AXIS2_PLACEMENT_3D('',#8283,#8284,#8285);
#8283 = CARTESIAN_POINT('',(12.5,175.5,206.));
#8284 = DIRECTION('',(-0.,0.,-1.));
#8285 = DIRECTION('',(2.84217094304E-14,-1.,-0.));
#8286 = CYLINDRICAL_SURFACE('',#8287,0.5);
#8287 = AXIS2_PLACEMENT_3D('',#8288,#8289,#8290);
#8288 = CARTESIAN_POINT('',(12.5,175.5,206.));
#8289 = DIRECTION('',(0.,-0.,1.));
#8290 = DIRECTION('',(2.84217094304E-14,-1.,-0.));
#8291 = ADVANCED_FACE('',(#8292,#8337,#8348,#8359,#8370,#8381,#8392),
  #8403,.F.);
#8292 = FACE_BOUND('',#8293,.F.);
#8293 = EDGE_LOOP('',(#8294,#8295,#8296,#8304,#8313,#8321,#8330,#8336));
#8294 = ORIENTED_EDGE('',*,*,#8215,.T.);
#8295 = ORIENTED_EDGE('',*,*,#8280,.T.);
#8296 = ORIENTED_EDGE('',*,*,#8297,.T.);
#8297 = EDGE_CURVE('',#8273,#8298,#8300,.T.);
#8298 = VERTEX_POINT('',#8299);
#8299 = CARTESIAN_POINT('',(12.,281.,206.));
#8300 = LINE('',#8301,#8302);
#8301 = CARTESIAN_POINT('',(12.,175.5,206.));
#8302 = VECTOR('',#8303,1.);
#8303 = DIRECTION('',(0.,1.,0.));
#8304 = ORIENTED_EDGE('',*,*,#8305,.T.);
#8305 = EDGE_CURVE('',#8298,#8306,#8308,.T.);
#8306 = VERTEX_POINT('',#8307);
#8307 = CARTESIAN_POINT('',(16.,285.,206.));
#8308 = CIRCLE('',#8309,4.);
#8309 = AXIS2_PLACEMENT_3D('',#8310,#8311,#8312);
#8310 = CARTESIAN_POINT('',(16.,281.,206.));
#8311 = DIRECTION('',(0.,0.,-1.));
#8312 = DIRECTION('',(-1.,1.7763568394E-15,0.));
#8313 = ORIENTED_EDGE('',*,*,#8314,.T.);
#8314 = EDGE_CURVE('',#8306,#8315,#8317,.T.);
#8315 = VERTEX_POINT('',#8316);
#8316 = CARTESIAN_POINT('',(164.,285.,206.));
#8317 = LINE('',#8318,#8319);
#8318 = CARTESIAN_POINT('',(16.,285.,206.));
#8319 = VECTOR('',#8320,1.);
#8320 = DIRECTION('',(1.,0.,0.));
#8321 = ORIENTED_EDGE('',*,*,#8322,.T.);
#8322 = EDGE_CURVE('',#8315,#8323,#8325,.T.);
#8323 = VERTEX_POINT('',#8324);
#8324 = CARTESIAN_POINT('',(168.,281.,206.));
#8325 = CIRCLE('',#8326,4.);
#8326 = AXIS2_PLACEMENT_3D('',#8327,#8328,#8329);
#8327 = CARTESIAN_POINT('',(164.,281.,206.));
#8328 = DIRECTION('',(0.,0.,-1.));
#8329 = DIRECTION('',(3.5527136788E-15,1.,0.));
#8330 = ORIENTED_EDGE('',*,*,#8331,.T.);
#8331 = EDGE_CURVE('',#8323,#8230,#8332,.T.);
#8332 = LINE('',#8333,#8334);
#8333 = CARTESIAN_POINT('',(168.,281.,206.));
#8334 = VECTOR('',#8335,1.);
#8335 = DIRECTION('',(0.,-1.,0.));
#8336 = ORIENTED_EDGE('',*,*,#8247,.T.);
#8337 = FACE_BOUND('',#8338,.F.);
#8338 = EDGE_LOOP('',(#8339));
#8339 = ORIENTED_EDGE('',*,*,#8340,.F.);
#8340 = EDGE_CURVE('',#8341,#8341,#8343,.T.);
#8341 = VERTEX_POINT('',#8342);
#8342 = CARTESIAN_POINT('',(154.75,191.,206.));
#8343 = CIRCLE('',#8344,4.25);
#8344 = AXIS2_PLACEMENT_3D('',#8345,#8346,#8347);
#8345 = CARTESIAN_POINT('',(159.,191.,206.));
#8346 = DIRECTION('',(0.,0.,-1.));
#8347 = DIRECTION('',(-1.,0.,0.));
#8348 = FACE_BOUND('',#8349,.F.);
#8349 = EDGE_LOOP('',(#8350));
#8350 = ORIENTED_EDGE('',*,*,#8351,.F.);
#8351 = EDGE_CURVE('',#8352,#8352,#8354,.T.);
#8352 = VERTEX_POINT('',#8353);
#8353 = CARTESIAN_POINT('',(16.75,191.,206.));
#8354 = CIRCLE('',#8355,4.25);
#8355 = AXIS2_PLACEMENT_3D('',#8356,#8357,#8358);
#8356 = CARTESIAN_POINT('',(21.,191.,206.));
#8357 = DIRECTION('',(0.,0.,-1.));
#8358 = DIRECTION('',(-1.,0.,0.));
#8359 = FACE_BOUND('',#8360,.F.);
#8360 = EDGE_LOOP('',(#8361));
#8361 = ORIENTED_EDGE('',*,*,#8362,.F.);
#8362 = EDGE_CURVE('',#8363,#8363,#8365,.T.);
#8363 = VERTEX_POINT('',#8364);
#8364 = CARTESIAN_POINT('',(154.75,233.,206.));
#8365 = CIRCLE('',#8366,4.25);
#8366 = AXIS2_PLACEMENT_3D('',#8367,#8368,#8369);
#8367 = CARTESIAN_POINT('',(159.,233.,206.));
#8368 = DIRECTION('',(0.,0.,-1.));
#8369 = DIRECTION('',(-1.,0.,0.));
#8370 = FACE_BOUND('',#8371,.F.);
#8371 = EDGE_LOOP('',(#8372));
#8372 = ORIENTED_EDGE('',*,*,#8373,.F.);
#8373 = EDGE_CURVE('',#8374,#8374,#8376,.T.);
#8374 = VERTEX_POINT('',#8375);
#8375 = CARTESIAN_POINT('',(154.75,275.,206.));
#8376 = CIRCLE('',#8377,4.25);
#8377 = AXIS2_PLACEMENT_3D('',#8378,#8379,#8380);
#8378 = CARTESIAN_POINT('',(159.,275.,206.));
#8379 = DIRECTION('',(0.,0.,-1.));
#8380 = DIRECTION('',(-1.,0.,0.));
#8381 = FACE_BOUND('',#8382,.F.);
#8382 = EDGE_LOOP('',(#8383));
#8383 = ORIENTED_EDGE('',*,*,#8384,.F.);
#8384 = EDGE_CURVE('',#8385,#8385,#8387,.T.);
#8385 = VERTEX_POINT('',#8386);
#8386 = CARTESIAN_POINT('',(16.75,233.,206.));
#8387 = CIRCLE('',#8388,4.25);
#8388 = AXIS2_PLACEMENT_3D('',#8389,#8390,#8391);
#8389 = CARTESIAN_POINT('',(21.,233.,206.));
#8390 = DIRECTION('',(0.,0.,-1.));
#8391 = DIRECTION('',(-1.,0.,0.));
#8392 = FACE_BOUND('',#8393,.F.);
#8393 = EDGE_LOOP('',(#8394));
#8394 = ORIENTED_EDGE('',*,*,#8395,.F.);
#8395 = EDGE_CURVE('',#8396,#8396,#8398,.T.);
#8396 = VERTEX_POINT('',#8397);
#8397 = CARTESIAN_POINT('',(16.75,275.,206.));
#8398 = CIRCLE('',#8399,4.25);
#8399 = AXIS2_PLACEMENT_3D('',#8400,#8401,#8402);
#8400 = CARTESIAN_POINT('',(21.,275.,206.));
#8401 = DIRECTION('',(0.,0.,-1.));
#8402 = DIRECTION('',(-1.,0.,0.));
#8403 = PLANE('',#8404);
#8404 = AXIS2_PLACEMENT_3D('',#8405,#8406,#8407);
#8405 = CARTESIAN_POINT('',(90.,229.66879542602,206.));
#8406 = DIRECTION('',(0.,0.,-1.));
#8407 = DIRECTION('',(-1.,0.,0.));
#8408 = ADVANCED_FACE('',(#8409,#8454,#8465,#8476,#8487,#8498,#8509),
  #8520,.T.);
#8409 = FACE_BOUND('',#8410,.T.);
#8410 = EDGE_LOOP('',(#8411,#8412,#8413,#8421,#8430,#8438,#8447,#8453));
#8411 = ORIENTED_EDGE('',*,*,#8199,.T.);
#8412 = ORIENTED_EDGE('',*,*,#8263,.T.);
#8413 = ORIENTED_EDGE('',*,*,#8414,.T.);
#8414 = EDGE_CURVE('',#8264,#8415,#8417,.T.);
#8415 = VERTEX_POINT('',#8416);
#8416 = CARTESIAN_POINT('',(12.,281.,194.));
#8417 = LINE('',#8418,#8419);
#8418 = CARTESIAN_POINT('',(12.,175.5,194.));
#8419 = VECTOR('',#8420,1.);
#8420 = DIRECTION('',(0.,1.,0.));
#8421 = ORIENTED_EDGE('',*,*,#8422,.T.);
#8422 = EDGE_CURVE('',#8415,#8423,#8425,.T.);
#8423 = VERTEX_POINT('',#8424);
#8424 = CARTESIAN_POINT('',(16.,285.,194.));
#8425 = CIRCLE('',#8426,4.);
#8426 = AXIS2_PLACEMENT_3D('',#8427,#8428,#8429);
#8427 = CARTESIAN_POINT('',(16.,281.,194.));
#8428 = DIRECTION('',(0.,0.,-1.));
#8429 = DIRECTION('',(-1.,1.7763568394E-15,0.));
#8430 = ORIENTED_EDGE('',*,*,#8431,.T.);
#8431 = EDGE_CURVE('',#8423,#8432,#8434,.T.);
#8432 = VERTEX_POINT('',#8433);
#8433 = CARTESIAN_POINT('',(164.,285.,194.));
#8434 = LINE('',#8435,#8436);
#8435 = CARTESIAN_POINT('',(16.,285.,194.));
#8436 = VECTOR('',#8437,1.);
#8437 = DIRECTION('',(1.,0.,0.));
#8438 = ORIENTED_EDGE('',*,*,#8439,.T.);
#8439 = EDGE_CURVE('',#8432,#8440,#8442,.T.);
#8440 = VERTEX_POINT('',#8441);
#8441 = CARTESIAN_POINT('',(168.,281.,194.));
#8442 = CIRCLE('',#8443,4.);
#8443 = AXIS2_PLACEMENT_3D('',#8444,#8445,#8446);
#8444 = CARTESIAN_POINT('',(164.,281.,194.));
#8445 = DIRECTION('',(0.,0.,-1.));
#8446 = DIRECTION('',(3.5527136788E-15,1.,0.));
#8447 = ORIENTED_EDGE('',*,*,#8448,.T.);
#8448 = EDGE_CURVE('',#8440,#8232,#8449,.T.);
#8449 = LINE('',#8450,#8451);
#8450 = CARTESIAN_POINT('',(168.,281.,194.));
#8451 = VECTOR('',#8452,1.);
#8452 = DIRECTION('',(0.,-1.,0.));
#8453 = ORIENTED_EDGE('',*,*,#8239,.T.);
#8454 = FACE_BOUND('',#8455,.T.);
#8455 = EDGE_LOOP('',(#8456));
#8456 = ORIENTED_EDGE('',*,*,#8457,.F.);
#8457 = EDGE_CURVE('',#8458,#8458,#8460,.T.);
#8458 = VERTEX_POINT('',#8459);
#8459 = CARTESIAN_POINT('',(156.9,191.,194.));
#8460 = CIRCLE('',#8461,2.1);
#8461 = AXIS2_PLACEMENT_3D('',#8462,#8463,#8464);
#8462 = CARTESIAN_POINT('',(159.,191.,194.));
#8463 = DIRECTION('',(0.,0.,-1.));
#8464 = DIRECTION('',(-1.,0.,0.));
#8465 = FACE_BOUND('',#8466,.T.);
#8466 = EDGE_LOOP('',(#8467));
#8467 = ORIENTED_EDGE('',*,*,#8468,.F.);
#8468 = EDGE_CURVE('',#8469,#8469,#8471,.T.);
#8469 = VERTEX_POINT('',#8470);
#8470 = CARTESIAN_POINT('',(18.9,191.,194.));
#8471 = CIRCLE('',#8472,2.1);
#8472 = AXIS2_PLACEMENT_3D('',#8473,#8474,#8475);
#8473 = CARTESIAN_POINT('',(21.,191.,194.));
#8474 = DIRECTION('',(0.,0.,-1.));
#8475 = DIRECTION('',(-1.,0.,0.));
#8476 = FACE_BOUND('',#8477,.T.);
#8477 = EDGE_LOOP('',(#8478));
#8478 = ORIENTED_EDGE('',*,*,#8479,.F.);
#8479 = EDGE_CURVE('',#8480,#8480,#8482,.T.);
#8480 = VERTEX_POINT('',#8481);
#8481 = CARTESIAN_POINT('',(156.9,233.,194.));
#8482 = CIRCLE('',#8483,2.1);
#8483 = AXIS2_PLACEMENT_3D('',#8484,#8485,#8486);
#8484 = CARTESIAN_POINT('',(159.,233.,194.));
#8485 = DIRECTION('',(0.,0.,-1.));
#8486 = DIRECTION('',(-1.,0.,0.));
#8487 = FACE_BOUND('',#8488,.T.);
#8488 = EDGE_LOOP('',(#8489));
#8489 = ORIENTED_EDGE('',*,*,#8490,.F.);
#8490 = EDGE_CURVE('',#8491,#8491,#8493,.T.);
#8491 = VERTEX_POINT('',#8492);
#8492 = CARTESIAN_POINT('',(156.9,275.,194.));
#8493 = CIRCLE('',#8494,2.1);
#8494 = AXIS2_PLACEMENT_3D('',#8495,#8496,#8497);
#8495 = CARTESIAN_POINT('',(159.,275.,194.));
#8496 = DIRECTION('',(0.,0.,-1.));
#8497 = DIRECTION('',(-1.,0.,0.));
#8498 = FACE_BOUND('',#8499,.T.);
#8499 = EDGE_LOOP('',(#8500));
#8500 = ORIENTED_EDGE('',*,*,#8501,.F.);
#8501 = EDGE_CURVE('',#8502,#8502,#8504,.T.);
#8502 = VERTEX_POINT('',#8503);
#8503 = CARTESIAN_POINT('',(18.9,233.,194.));
#8504 = CIRCLE('',#8505,2.1);
#8505 = AXIS2_PLACEMENT_3D('',#8506,#8507,#8508);
#8506 = CARTESIAN_POINT('',(21.,233.,194.));
#8507 = DIRECTION('',(0.,0.,-1.));
#8508 = DIRECTION('',(-1.,0.,0.));
#8509 = FACE_BOUND('',#8510,.T.);
#8510 = EDGE_LOOP('',(#8511));
#8511 = ORIENTED_EDGE('',*,*,#8512,.F.);
#8512 = EDGE_CURVE('',#8513,#8513,#8515,.T.);
#8513 = VERTEX_POINT('',#8514);
#8514 = CARTESIAN_POINT('',(18.9,275.,194.));
#8515 = CIRCLE('',#8516,2.1);
#8516 = AXIS2_PLACEMENT_3D('',#8517,#8518,#8519);
#8517 = CARTESIAN_POINT('',(21.,275.,194.));
#8518 = DIRECTION('',(0.,0.,-1.));
#8519 = DIRECTION('',(-1.,0.,0.));
#8520 = PLANE('',#8521);
#8521 = AXIS2_PLACEMENT_3D('',#8522,#8523,#8524);
#8522 = CARTESIAN_POINT('',(90.,229.66879542602,194.));
#8523 = DIRECTION('',(0.,0.,-1.));
#8524 = DIRECTION('',(-1.,0.,0.));
#8525 = ADVANCED_FACE('',(#8526),#8537,.F.);
#8526 = FACE_BOUND('',#8527,.F.);
#8527 = EDGE_LOOP('',(#8528,#8534,#8535,#8536));
#8528 = ORIENTED_EDGE('',*,*,#8529,.T.);
#8529 = EDGE_CURVE('',#8323,#8440,#8530,.T.);
#8530 = LINE('',#8531,#8532);
#8531 = CARTESIAN_POINT('',(168.,281.,206.));
#8532 = VECTOR('',#8533,1.);
#8533 = DIRECTION('',(0.,0.,-1.));
#8534 = ORIENTED_EDGE('',*,*,#8448,.T.);
#8535 = ORIENTED_EDGE('',*,*,#8229,.F.);
#8536 = ORIENTED_EDGE('',*,*,#8331,.F.);
#8537 = PLANE('',#8538);
#8538 = AXIS2_PLACEMENT_3D('',#8539,#8540,#8541);
#8539 = CARTESIAN_POINT('',(168.,281.,206.));
#8540 = DIRECTION('',(-1.,0.,0.));
#8541 = DIRECTION('',(0.,-1.,0.));
#8542 = ADVANCED_FACE('',(#8543),#8554,.F.);
#8543 = FACE_BOUND('',#8544,.F.);
#8544 = EDGE_LOOP('',(#8545,#8546,#8547,#8553));
#8545 = ORIENTED_EDGE('',*,*,#8272,.T.);
#8546 = ORIENTED_EDGE('',*,*,#8414,.T.);
#8547 = ORIENTED_EDGE('',*,*,#8548,.F.);
#8548 = EDGE_CURVE('',#8298,#8415,#8549,.T.);
#8549 = LINE('',#8550,#8551);
#8550 = CARTESIAN_POINT('',(12.,281.,206.));
#8551 = VECTOR('',#8552,1.);
#8552 = DIRECTION('',(0.,0.,-1.));
#8553 = ORIENTED_EDGE('',*,*,#8297,.F.);
#8554 = PLANE('',#8555);
#8555 = AXIS2_PLACEMENT_3D('',#8556,#8557,#8558);
#8556 = CARTESIAN_POINT('',(12.,175.5,206.));
#8557 = DIRECTION('',(1.,0.,0.));
#8558 = DIRECTION('',(0.,1.,0.));
#8559 = ADVANCED_FACE('',(#8560),#8571,.T.);
#8560 = FACE_BOUND('',#8561,.F.);
#8561 = EDGE_LOOP('',(#8562,#8568,#8569,#8570));
#8562 = ORIENTED_EDGE('',*,*,#8563,.T.);
#8563 = EDGE_CURVE('',#8315,#8432,#8564,.T.);
#8564 = LINE('',#8565,#8566);
#8565 = CARTESIAN_POINT('',(164.,285.,206.));
#8566 = VECTOR('',#8567,1.);
#8567 = DIRECTION('',(0.,0.,-1.));
#8568 = ORIENTED_EDGE('',*,*,#8439,.T.);
#8569 = ORIENTED_EDGE('',*,*,#8529,.F.);
#8570 = ORIENTED_EDGE('',*,*,#8322,.F.);
#8571 = CYLINDRICAL_SURFACE('',#8572,4.);
#8572 = AXIS2_PLACEMENT_3D('',#8573,#8574,#8575);
#8573 = CARTESIAN_POINT('',(164.,281.,206.));
#8574 = DIRECTION('',(0.,-0.,1.));
#8575 = DIRECTION('',(3.5527136788E-15,1.,0.));
#8576 = ADVANCED_FACE('',(#8577),#8588,.T.);
#8577 = FACE_BOUND('',#8578,.F.);
#8578 = EDGE_LOOP('',(#8579,#8580,#8581,#8587));
#8579 = ORIENTED_EDGE('',*,*,#8548,.T.);
#8580 = ORIENTED_EDGE('',*,*,#8422,.T.);
#8581 = ORIENTED_EDGE('',*,*,#8582,.F.);
#8582 = EDGE_CURVE('',#8306,#8423,#8583,.T.);
#8583 = LINE('',#8584,#8585);
#8584 = CARTESIAN_POINT('',(16.,285.,206.));
#8585 = VECTOR('',#8586,1.);
#8586 = DIRECTION('',(0.,0.,-1.));
#8587 = ORIENTED_EDGE('',*,*,#8305,.F.);
#8588 = CYLINDRICAL_SURFACE('',#8589,4.);
#8589 = AXIS2_PLACEMENT_3D('',#8590,#8591,#8592);
#8590 = CARTESIAN_POINT('',(16.,281.,206.));
#8591 = DIRECTION('',(0.,-0.,1.));
#8592 = DIRECTION('',(-1.,1.7763568394E-15,0.));
#8593 = ADVANCED_FACE('',(#8594),#8600,.F.);
#8594 = FACE_BOUND('',#8595,.F.);
#8595 = EDGE_LOOP('',(#8596,#8597,#8598,#8599));
#8596 = ORIENTED_EDGE('',*,*,#8582,.T.);
#8597 = ORIENTED_EDGE('',*,*,#8431,.T.);
#8598 = ORIENTED_EDGE('',*,*,#8563,.F.);
#8599 = ORIENTED_EDGE('',*,*,#8314,.F.);
#8600 = PLANE('',#8601);
#8601 = AXIS2_PLACEMENT_3D('',#8602,#8603,#8604);
#8602 = CARTESIAN_POINT('',(16.,285.,206.));
#8603 = DIRECTION('',(0.,-1.,0.));
#8604 = DIRECTION('',(1.,0.,0.));
#8605 = ADVANCED_FACE('',(#8606),#8625,.F.);
#8606 = FACE_BOUND('',#8607,.F.);
#8607 = EDGE_LOOP('',(#8608,#8617,#8623,#8624));
#8608 = ORIENTED_EDGE('',*,*,#8609,.F.);
#8609 = EDGE_CURVE('',#8610,#8610,#8612,.T.);
#8610 = VERTEX_POINT('',#8611);
#8611 = CARTESIAN_POINT('',(156.9,191.,203.5));
#8612 = CIRCLE('',#8613,2.1);
#8613 = AXIS2_PLACEMENT_3D('',#8614,#8615,#8616);
#8614 = CARTESIAN_POINT('',(159.,191.,203.5));
#8615 = DIRECTION('',(0.,0.,-1.));
#8616 = DIRECTION('',(-1.,0.,0.));
#8617 = ORIENTED_EDGE('',*,*,#8618,.F.);
#8618 = EDGE_CURVE('',#8341,#8610,#8619,.T.);
#8619 = LINE('',#8620,#8621);
#8620 = CARTESIAN_POINT('',(154.75,191.,206.));
#8621 = VECTOR('',#8622,1.);
#8622 = DIRECTION('',(0.652039268828,1.597035606977E-16,-0.758185196312)
  );
#8623 = ORIENTED_EDGE('',*,*,#8340,.T.);
#8624 = ORIENTED_EDGE('',*,*,#8618,.T.);
#8625 = CONICAL_SURFACE('',#8626,4.25,0.710271007487);
#8626 = AXIS2_PLACEMENT_3D('',#8627,#8628,#8629);
#8627 = CARTESIAN_POINT('',(159.,191.,206.));
#8628 = DIRECTION('',(0.,-0.,1.));
#8629 = DIRECTION('',(-1.,0.,0.));
#8630 = ADVANCED_FACE('',(#8631),#8650,.F.);
#8631 = FACE_BOUND('',#8632,.F.);
#8632 = EDGE_LOOP('',(#8633,#8642,#8648,#8649));
#8633 = ORIENTED_EDGE('',*,*,#8634,.F.);
#8634 = EDGE_CURVE('',#8635,#8635,#8637,.T.);
#8635 = VERTEX_POINT('',#8636);
#8636 = CARTESIAN_POINT('',(18.9,191.,203.5));
#8637 = CIRCLE('',#8638,2.1);
#8638 = AXIS2_PLACEMENT_3D('',#8639,#8640,#8641);
#8639 = CARTESIAN_POINT('',(21.,191.,203.5));
#8640 = DIRECTION('',(0.,0.,-1.));
#8641 = DIRECTION('',(-1.,0.,0.));
#8642 = ORIENTED_EDGE('',*,*,#8643,.F.);
#8643 = EDGE_CURVE('',#8352,#8635,#8644,.T.);
#8644 = LINE('',#8645,#8646);
#8645 = CARTESIAN_POINT('',(16.75,191.,206.));
#8646 = VECTOR('',#8647,1.);
#8647 = DIRECTION('',(0.652039268828,1.597035606977E-16,-0.758185196312)
  );
#8648 = ORIENTED_EDGE('',*,*,#8351,.T.);
#8649 = ORIENTED_EDGE('',*,*,#8643,.T.);
#8650 = CONICAL_SURFACE('',#8651,4.25,0.710271007487);
#8651 = AXIS2_PLACEMENT_3D('',#8652,#8653,#8654);
#8652 = CARTESIAN_POINT('',(21.,191.,206.));
#8653 = DIRECTION('',(0.,-0.,1.));
#8654 = DIRECTION('',(-1.,0.,0.));
#8655 = ADVANCED_FACE('',(#8656),#8675,.F.);
#8656 = FACE_BOUND('',#8657,.F.);
#8657 = EDGE_LOOP('',(#8658,#8667,#8673,#8674));
#8658 = ORIENTED_EDGE('',*,*,#8659,.F.);
#8659 = EDGE_CURVE('',#8660,#8660,#8662,.T.);
#8660 = VERTEX_POINT('',#8661);
#8661 = CARTESIAN_POINT('',(156.9,233.,203.5));
#8662 = CIRCLE('',#8663,2.1);
#8663 = AXIS2_PLACEMENT_3D('',#8664,#8665,#8666);
#8664 = CARTESIAN_POINT('',(159.,233.,203.5));
#8665 = DIRECTION('',(0.,0.,-1.));
#8666 = DIRECTION('',(-1.,0.,0.));
#8667 = ORIENTED_EDGE('',*,*,#8668,.F.);
#8668 = EDGE_CURVE('',#8363,#8660,#8669,.T.);
#8669 = LINE('',#8670,#8671);
#8670 = CARTESIAN_POINT('',(154.75,233.,206.));
#8671 = VECTOR('',#8672,1.);
#8672 = DIRECTION('',(0.652039268828,1.597035606977E-16,-0.758185196312)
  );
#8673 = ORIENTED_EDGE('',*,*,#8362,.T.);
#8674 = ORIENTED_EDGE('',*,*,#8668,.T.);
#8675 = CONICAL_SURFACE('',#8676,4.25,0.710271007487);
#8676 = AXIS2_PLACEMENT_3D('',#8677,#8678,#8679);
#8677 = CARTESIAN_POINT('',(159.,233.,206.));
#8678 = DIRECTION('',(0.,-0.,1.));
#8679 = DIRECTION('',(-1.,0.,0.));
#8680 = ADVANCED_FACE('',(#8681),#8700,.F.);
#8681 = FACE_BOUND('',#8682,.F.);
#8682 = EDGE_LOOP('',(#8683,#8692,#8698,#8699));
#8683 = ORIENTED_EDGE('',*,*,#8684,.F.);
#8684 = EDGE_CURVE('',#8685,#8685,#8687,.T.);
#8685 = VERTEX_POINT('',#8686);
#8686 = CARTESIAN_POINT('',(156.9,275.,203.5));
#8687 = CIRCLE('',#8688,2.1);
#8688 = AXIS2_PLACEMENT_3D('',#8689,#8690,#8691);
#8689 = CARTESIAN_POINT('',(159.,275.,203.5));
#8690 = DIRECTION('',(0.,0.,-1.));
#8691 = DIRECTION('',(-1.,0.,0.));
#8692 = ORIENTED_EDGE('',*,*,#8693,.F.);
#8693 = EDGE_CURVE('',#8374,#8685,#8694,.T.);
#8694 = LINE('',#8695,#8696);
#8695 = CARTESIAN_POINT('',(154.75,275.,206.));
#8696 = VECTOR('',#8697,1.);
#8697 = DIRECTION('',(0.652039268828,1.597035606977E-16,-0.758185196312)
  );
#8698 = ORIENTED_EDGE('',*,*,#8373,.T.);
#8699 = ORIENTED_EDGE('',*,*,#8693,.T.);
#8700 = CONICAL_SURFACE('',#8701,4.25,0.710271007487);
#8701 = AXIS2_PLACEMENT_3D('',#8702,#8703,#8704);
#8702 = CARTESIAN_POINT('',(159.,275.,206.));
#8703 = DIRECTION('',(0.,-0.,1.));
#8704 = DIRECTION('',(-1.,0.,0.));
#8705 = ADVANCED_FACE('',(#8706),#8725,.F.);
#8706 = FACE_BOUND('',#8707,.F.);
#8707 = EDGE_LOOP('',(#8708,#8717,#8723,#8724));
#8708 = ORIENTED_EDGE('',*,*,#8709,.F.);
#8709 = EDGE_CURVE('',#8710,#8710,#8712,.T.);
#8710 = VERTEX_POINT('',#8711);
#8711 = CARTESIAN_POINT('',(18.9,233.,203.5));
#8712 = CIRCLE('',#8713,2.1);
#8713 = AXIS2_PLACEMENT_3D('',#8714,#8715,#8716);
#8714 = CARTESIAN_POINT('',(21.,233.,203.5));
#8715 = DIRECTION('',(0.,0.,-1.));
#8716 = DIRECTION('',(-1.,0.,0.));
#8717 = ORIENTED_EDGE('',*,*,#8718,.F.);
#8718 = EDGE_CURVE('',#8385,#8710,#8719,.T.);
#8719 = LINE('',#8720,#8721);
#8720 = CARTESIAN_POINT('',(16.75,233.,206.));
#8721 = VECTOR('',#8722,1.);
#8722 = DIRECTION('',(0.652039268828,1.597035606977E-16,-0.758185196312)
  );
#8723 = ORIENTED_EDGE('',*,*,#8384,.T.);
#8724 = ORIENTED_EDGE('',*,*,#8718,.T.);
#8725 = CONICAL_SURFACE('',#8726,4.25,0.710271007487);
#8726 = AXIS2_PLACEMENT_3D('',#8727,#8728,#8729);
#8727 = CARTESIAN_POINT('',(21.,233.,206.));
#8728 = DIRECTION('',(0.,-0.,1.));
#8729 = DIRECTION('',(-1.,0.,0.));
#8730 = ADVANCED_FACE('',(#8731),#8750,.F.);
#8731 = FACE_BOUND('',#8732,.F.);
#8732 = EDGE_LOOP('',(#8733,#8742,#8748,#8749));
#8733 = ORIENTED_EDGE('',*,*,#8734,.F.);
#8734 = EDGE_CURVE('',#8735,#8735,#8737,.T.);
#8735 = VERTEX_POINT('',#8736);
#8736 = CARTESIAN_POINT('',(18.9,275.,203.5));
#8737 = CIRCLE('',#8738,2.1);
#8738 = AXIS2_PLACEMENT_3D('',#8739,#8740,#8741);
#8739 = CARTESIAN_POINT('',(21.,275.,203.5));
#8740 = DIRECTION('',(0.,0.,-1.));
#8741 = DIRECTION('',(-1.,0.,0.));
#8742 = ORIENTED_EDGE('',*,*,#8743,.F.);
#8743 = EDGE_CURVE('',#8396,#8735,#8744,.T.);
#8744 = LINE('',#8745,#8746);
#8745 = CARTESIAN_POINT('',(16.75,275.,206.));
#8746 = VECTOR('',#8747,1.);
#8747 = DIRECTION('',(0.652039268828,1.597035606977E-16,-0.758185196312)
  );
#8748 = ORIENTED_EDGE('',*,*,#8395,.T.);
#8749 = ORIENTED_EDGE('',*,*,#8743,.T.);
#8750 = CONICAL_SURFACE('',#8751,4.25,0.710271007487);
#8751 = AXIS2_PLACEMENT_3D('',#8752,#8753,#8754);
#8752 = CARTESIAN_POINT('',(21.,275.,206.));
#8753 = DIRECTION('',(0.,-0.,1.));
#8754 = DIRECTION('',(-1.,0.,0.));
#8755 = ADVANCED_FACE('',(#8756),#8767,.F.);
#8756 = FACE_BOUND('',#8757,.F.);
#8757 = EDGE_LOOP('',(#8758,#8764,#8765,#8766));
#8758 = ORIENTED_EDGE('',*,*,#8759,.T.);
#8759 = EDGE_CURVE('',#8610,#8458,#8760,.T.);
#8760 = LINE('',#8761,#8762);
#8761 = CARTESIAN_POINT('',(156.9,191.,207.));
#8762 = VECTOR('',#8763,1.);
#8763 = DIRECTION('',(0.,0.,-1.));
#8764 = ORIENTED_EDGE('',*,*,#8457,.F.);
#8765 = ORIENTED_EDGE('',*,*,#8759,.F.);
#8766 = ORIENTED_EDGE('',*,*,#8609,.T.);
#8767 = CYLINDRICAL_SURFACE('',#8768,2.1);
#8768 = AXIS2_PLACEMENT_3D('',#8769,#8770,#8771);
#8769 = CARTESIAN_POINT('',(159.,191.,207.));
#8770 = DIRECTION('',(0.,0.,-1.));
#8771 = DIRECTION('',(-1.,0.,0.));
#8772 = ADVANCED_FACE('',(#8773),#8784,.F.);
#8773 = FACE_BOUND('',#8774,.F.);
#8774 = EDGE_LOOP('',(#8775,#8781,#8782,#8783));
#8775 = ORIENTED_EDGE('',*,*,#8776,.T.);
#8776 = EDGE_CURVE('',#8635,#8469,#8777,.T.);
#8777 = LINE('',#8778,#8779);
#8778 = CARTESIAN_POINT('',(18.9,191.,207.));
#8779 = VECTOR('',#8780,1.);
#8780 = DIRECTION('',(0.,0.,-1.));
#8781 = ORIENTED_EDGE('',*,*,#8468,.F.);
#8782 = ORIENTED_EDGE('',*,*,#8776,.F.);
#8783 = ORIENTED_EDGE('',*,*,#8634,.T.);
#8784 = CYLINDRICAL_SURFACE('',#8785,2.1);
#8785 = AXIS2_PLACEMENT_3D('',#8786,#8787,#8788);
#8786 = CARTESIAN_POINT('',(21.,191.,207.));
#8787 = DIRECTION('',(0.,0.,-1.));
#8788 = DIRECTION('',(-1.,0.,0.));
#8789 = ADVANCED_FACE('',(#8790),#8801,.F.);
#8790 = FACE_BOUND('',#8791,.F.);
#8791 = EDGE_LOOP('',(#8792,#8798,#8799,#8800));
#8792 = ORIENTED_EDGE('',*,*,#8793,.T.);
#8793 = EDGE_CURVE('',#8660,#8480,#8794,.T.);
#8794 = LINE('',#8795,#8796);
#8795 = CARTESIAN_POINT('',(156.9,233.,207.));
#8796 = VECTOR('',#8797,1.);
#8797 = DIRECTION('',(0.,0.,-1.));
#8798 = ORIENTED_EDGE('',*,*,#8479,.F.);
#8799 = ORIENTED_EDGE('',*,*,#8793,.F.);
#8800 = ORIENTED_EDGE('',*,*,#8659,.T.);
#8801 = CYLINDRICAL_SURFACE('',#8802,2.1);
#8802 = AXIS2_PLACEMENT_3D('',#8803,#8804,#8805);
#8803 = CARTESIAN_POINT('',(159.,233.,207.));
#8804 = DIRECTION('',(0.,0.,-1.));
#8805 = DIRECTION('',(-1.,0.,0.));
#8806 = ADVANCED_FACE('',(#8807),#8818,.F.);
#8807 = FACE_BOUND('',#8808,.F.);
#8808 = EDGE_LOOP('',(#8809,#8815,#8816,#8817));
#8809 = ORIENTED_EDGE('',*,*,#8810,.T.);
#8810 = EDGE_CURVE('',#8685,#8491,#8811,.T.);
#8811 = LINE('',#8812,#8813);
#8812 = CARTESIAN_POINT('',(156.9,275.,207.));
#8813 = VECTOR('',#8814,1.);
#8814 = DIRECTION('',(0.,0.,-1.));
#8815 = ORIENTED_EDGE('',*,*,#8490,.F.);
#8816 = ORIENTED_EDGE('',*,*,#8810,.F.);
#8817 = ORIENTED_EDGE('',*,*,#8684,.T.);
#8818 = CYLINDRICAL_SURFACE('',#8819,2.1);
#8819 = AXIS2_PLACEMENT_3D('',#8820,#8821,#8822);
#8820 = CARTESIAN_POINT('',(159.,275.,207.));
#8821 = DIRECTION('',(0.,0.,-1.));
#8822 = DIRECTION('',(-1.,0.,0.));
#8823 = ADVANCED_FACE('',(#8824),#8835,.F.);
#8824 = FACE_BOUND('',#8825,.F.);
#8825 = EDGE_LOOP('',(#8826,#8832,#8833,#8834));
#8826 = ORIENTED_EDGE('',*,*,#8827,.T.);
#8827 = EDGE_CURVE('',#8710,#8502,#8828,.T.);
#8828 = LINE('',#8829,#8830);
#8829 = CARTESIAN_POINT('',(18.9,233.,207.));
#8830 = VECTOR('',#8831,1.);
#8831 = DIRECTION('',(0.,0.,-1.));
#8832 = ORIENTED_EDGE('',*,*,#8501,.F.);
#8833 = ORIENTED_EDGE('',*,*,#8827,.F.);
#8834 = ORIENTED_EDGE('',*,*,#8709,.T.);
#8835 = CYLINDRICAL_SURFACE('',#8836,2.1);
#8836 = AXIS2_PLACEMENT_3D('',#8837,#8838,#8839);
#8837 = CARTESIAN_POINT('',(21.,233.,207.));
#8838 = DIRECTION('',(0.,0.,-1.));
#8839 = DIRECTION('',(-1.,0.,0.));
#8840 = ADVANCED_FACE('',(#8841),#8852,.F.);
#8841 = FACE_BOUND('',#8842,.F.);
#8842 = EDGE_LOOP('',(#8843,#8849,#8850,#8851));
#8843 = ORIENTED_EDGE('',*,*,#8844,.T.);
#8844 = EDGE_CURVE('',#8735,#8513,#8845,.T.);
#8845 = LINE('',#8846,#8847);
#8846 = CARTESIAN_POINT('',(18.9,275.,207.));
#8847 = VECTOR('',#8848,1.);
#8848 = DIRECTION('',(0.,0.,-1.));
#8849 = ORIENTED_EDGE('',*,*,#8512,.F.);
#8850 = ORIENTED_EDGE('',*,*,#8844,.F.);
#8851 = ORIENTED_EDGE('',*,*,#8734,.T.);
#8852 = CYLINDRICAL_SURFACE('',#8853,2.1);
#8853 = AXIS2_PLACEMENT_3D('',#8854,#8855,#8856);
#8854 = CARTESIAN_POINT('',(21.,275.,207.));
#8855 = DIRECTION('',(0.,0.,-1.));
#8856 = DIRECTION('',(-1.,0.,0.));
#8857 = MANIFOLD_SOLID_BREP('',#8858);
#8858 = CLOSED_SHELL('',(#8859,#8899,#8932,#8965,#9082,#9199,#9216,#9233
    ,#9250,#9267,#9279,#9304,#9329,#9354,#9379,#9404,#9429,#9446,#9463,
    #9480,#9497,#9514));
#8859 = ADVANCED_FACE('',(#8860),#8894,.F.);
#8860 = FACE_BOUND('',#8861,.F.);
#8861 = EDGE_LOOP('',(#8862,#8872,#8880,#8888));
#8862 = ORIENTED_EDGE('',*,*,#8863,.T.);
#8863 = EDGE_CURVE('',#8864,#8866,#8868,.T.);
#8864 = VERTEX_POINT('',#8865);
#8865 = CARTESIAN_POINT('',(164.,12.,206.));
#8866 = VERTEX_POINT('',#8867);
#8867 = CARTESIAN_POINT('',(164.,12.,194.));
#8868 = LINE('',#8869,#8870);
#8869 = CARTESIAN_POINT('',(164.,12.,206.));
#8870 = VECTOR('',#8871,1.);
#8871 = DIRECTION('',(0.,0.,-1.));
#8872 = ORIENTED_EDGE('',*,*,#8873,.T.);
#8873 = EDGE_CURVE('',#8866,#8874,#8876,.T.);
#8874 = VERTEX_POINT('',#8875);
#8875 = CARTESIAN_POINT('',(16.,12.,194.));
#8876 = LINE('',#8877,#8878);
#8877 = CARTESIAN_POINT('',(164.,12.,194.));
#8878 = VECTOR('',#8879,1.);
#8879 = DIRECTION('',(-1.,0.,0.));
#8880 = ORIENTED_EDGE('',*,*,#8881,.F.);
#8881 = EDGE_CURVE('',#8882,#8874,#8884,.T.);
#8882 = VERTEX_POINT('',#8883);
#8883 = CARTESIAN_POINT('',(16.,12.,206.));
#8884 = LINE('',#8885,#8886);
#8885 = CARTESIAN_POINT('',(16.,12.,206.));
#8886 = VECTOR('',#8887,1.);
#8887 = DIRECTION('',(0.,0.,-1.));
#8888 = ORIENTED_EDGE('',*,*,#8889,.F.);
#8889 = EDGE_CURVE('',#8864,#8882,#8890,.T.);
#8890 = LINE('',#8891,#8892);
#8891 = CARTESIAN_POINT('',(164.,12.,206.));
#8892 = VECTOR('',#8893,1.);
#8893 = DIRECTION('',(-1.,0.,0.));
#8894 = PLANE('',#8895);
#8895 = AXIS2_PLACEMENT_3D('',#8896,#8897,#8898);
#8896 = CARTESIAN_POINT('',(164.,12.,206.));
#8897 = DIRECTION('',(0.,1.,0.));
#8898 = DIRECTION('',(-1.,0.,0.));
#8899 = ADVANCED_FACE('',(#8900),#8927,.T.);
#8900 = FACE_BOUND('',#8901,.F.);
#8901 = EDGE_LOOP('',(#8902,#8912,#8919,#8920));
#8902 = ORIENTED_EDGE('',*,*,#8903,.T.);
#8903 = EDGE_CURVE('',#8904,#8906,#8908,.T.);
#8904 = VERTEX_POINT('',#8905);
#8905 = CARTESIAN_POINT('',(168.,16.,206.));
#8906 = VERTEX_POINT('',#8907);
#8907 = CARTESIAN_POINT('',(168.,16.,194.));
#8908 = LINE('',#8909,#8910);
#8909 = CARTESIAN_POINT('',(168.,16.,206.));
#8910 = VECTOR('',#8911,1.);
#8911 = DIRECTION('',(0.,0.,-1.));
#8912 = ORIENTED_EDGE('',*,*,#8913,.T.);
#8913 = EDGE_CURVE('',#8906,#8866,#8914,.T.);
#8914 = CIRCLE('',#8915,4.);
#8915 = AXIS2_PLACEMENT_3D('',#8916,#8917,#8918);
#8916 = CARTESIAN_POINT('',(164.,16.,194.));
#8917 = DIRECTION('',(-0.,0.,-1.));
#8918 = DIRECTION('',(1.,-3.5527136788E-15,-0.));
#8919 = ORIENTED_EDGE('',*,*,#8863,.F.);
#8920 = ORIENTED_EDGE('',*,*,#8921,.F.);
#8921 = EDGE_CURVE('',#8904,#8864,#8922,.T.);
#8922 = CIRCLE('',#8923,4.);
#8923 = AXIS2_PLACEMENT_3D('',#8924,#8925,#8926);
#8924 = CARTESIAN_POINT('',(164.,16.,206.));
#8925 = DIRECTION('',(-0.,0.,-1.));
#8926 = DIRECTION('',(1.,-3.5527136788E-15,-0.));
#8927 = CYLINDRICAL_SURFACE('',#8928,4.);
#8928 = AXIS2_PLACEMENT_3D('',#8929,#8930,#8931);
#8929 = CARTESIAN_POINT('',(164.,16.,206.));
#8930 = DIRECTION('',(0.,-0.,1.));
#8931 = DIRECTION('',(1.,-3.5527136788E-15,-0.));
#8932 = ADVANCED_FACE('',(#8933),#8960,.T.);
#8933 = FACE_BOUND('',#8934,.F.);
#8934 = EDGE_LOOP('',(#8935,#8936,#8945,#8953));
#8935 = ORIENTED_EDGE('',*,*,#8881,.T.);
#8936 = ORIENTED_EDGE('',*,*,#8937,.T.);
#8937 = EDGE_CURVE('',#8874,#8938,#8940,.T.);
#8938 = VERTEX_POINT('',#8939);
#8939 = CARTESIAN_POINT('',(12.,16.,194.));
#8940 = CIRCLE('',#8941,4.);
#8941 = AXIS2_PLACEMENT_3D('',#8942,#8943,#8944);
#8942 = CARTESIAN_POINT('',(16.,16.,194.));
#8943 = DIRECTION('',(-0.,0.,-1.));
#8944 = DIRECTION('',(-3.5527136788E-15,-1.,0.));
#8945 = ORIENTED_EDGE('',*,*,#8946,.F.);
#8946 = EDGE_CURVE('',#8947,#8938,#8949,.T.);
#8947 = VERTEX_POINT('',#8948);
#8948 = CARTESIAN_POINT('',(12.,16.,206.));
#8949 = LINE('',#8950,#8951);
#8950 = CARTESIAN_POINT('',(12.,16.,206.));
#8951 = VECTOR('',#8952,1.);
#8952 = DIRECTION('',(0.,0.,-1.));
#8953 = ORIENTED_EDGE('',*,*,#8954,.F.);
#8954 = EDGE_CURVE('',#8882,#8947,#8955,.T.);
#8955 = CIRCLE('',#8956,4.);
#8956 = AXIS2_PLACEMENT_3D('',#8957,#8958,#8959);
#8957 = CARTESIAN_POINT('',(16.,16.,206.));
#8958 = DIRECTION('',(-0.,0.,-1.));
#8959 = DIRECTION('',(-3.5527136788E-15,-1.,0.));
#8960 = CYLINDRICAL_SURFACE('',#8961,4.);
#8961 = AXIS2_PLACEMENT_3D('',#8962,#8963,#8964);
#8962 = CARTESIAN_POINT('',(16.,16.,206.));
#8963 = DIRECTION('',(0.,-0.,1.));
#8964 = DIRECTION('',(-3.5527136788E-15,-1.,0.));
#8965 = ADVANCED_FACE('',(#8966,#9011,#9022,#9033,#9044,#9055,#9066),
  #9077,.F.);
#8966 = FACE_BOUND('',#8967,.F.);
#8967 = EDGE_LOOP('',(#8968,#8969,#8970,#8978,#8987,#8995,#9004,#9010));
#8968 = ORIENTED_EDGE('',*,*,#8889,.T.);
#8969 = ORIENTED_EDGE('',*,*,#8954,.T.);
#8970 = ORIENTED_EDGE('',*,*,#8971,.T.);
#8971 = EDGE_CURVE('',#8947,#8972,#8974,.T.);
#8972 = VERTEX_POINT('',#8973);
#8973 = CARTESIAN_POINT('',(12.,174.5,206.));
#8974 = LINE('',#8975,#8976);
#8975 = CARTESIAN_POINT('',(12.,16.,206.));
#8976 = VECTOR('',#8977,1.);
#8977 = DIRECTION('',(0.,1.,0.));
#8978 = ORIENTED_EDGE('',*,*,#8979,.T.);
#8979 = EDGE_CURVE('',#8972,#8980,#8982,.T.);
#8980 = VERTEX_POINT('',#8981);
#8981 = CARTESIAN_POINT('',(12.5,175.,206.));
#8982 = CIRCLE('',#8983,0.5);
#8983 = AXIS2_PLACEMENT_3D('',#8984,#8985,#8986);
#8984 = CARTESIAN_POINT('',(12.5,174.5,206.));
#8985 = DIRECTION('',(-0.,0.,-1.));
#8986 = DIRECTION('',(-1.,-2.84217094304E-14,0.));
#8987 = ORIENTED_EDGE('',*,*,#8988,.T.);
#8988 = EDGE_CURVE('',#8980,#8989,#8991,.T.);
#8989 = VERTEX_POINT('',#8990);
#8990 = CARTESIAN_POINT('',(167.5,175.,206.));
#8991 = LINE('',#8992,#8993);
#8992 = CARTESIAN_POINT('',(12.5,175.,206.));
#8993 = VECTOR('',#8994,1.);
#8994 = DIRECTION('',(1.,0.,0.));
#8995 = ORIENTED_EDGE('',*,*,#8996,.T.);
#8996 = EDGE_CURVE('',#8989,#8997,#8999,.T.);
#8997 = VERTEX_POINT('',#8998);
#8998 = CARTESIAN_POINT('',(168.,174.5,206.));
#8999 = CIRCLE('',#9000,0.5);
#9000 = AXIS2_PLACEMENT_3D('',#9001,#9002,#9003);
#9001 = CARTESIAN_POINT('',(167.5,174.5,206.));
#9002 = DIRECTION('',(0.,0.,-1.));
#9003 = DIRECTION('',(-2.84217094304E-14,1.,0.));
#9004 = ORIENTED_EDGE('',*,*,#9005,.T.);
#9005 = EDGE_CURVE('',#8997,#8904,#9006,.T.);
#9006 = LINE('',#9007,#9008);
#9007 = CARTESIAN_POINT('',(168.,174.5,206.));
#9008 = VECTOR('',#9009,1.);
#9009 = DIRECTION('',(0.,-1.,0.));
#9010 = ORIENTED_EDGE('',*,*,#8921,.T.);
#9011 = FACE_BOUND('',#9012,.F.);
#9012 = EDGE_LOOP('',(#9013));
#9013 = ORIENTED_EDGE('',*,*,#9014,.F.);
#9014 = EDGE_CURVE('',#9015,#9015,#9017,.T.);
#9015 = VERTEX_POINT('',#9016);
#9016 = CARTESIAN_POINT('',(154.75,22.,206.));
#9017 = CIRCLE('',#9018,4.25);
#9018 = AXIS2_PLACEMENT_3D('',#9019,#9020,#9021);
#9019 = CARTESIAN_POINT('',(159.,22.,206.));
#9020 = DIRECTION('',(0.,0.,-1.));
#9021 = DIRECTION('',(-1.,0.,0.));
#9022 = FACE_BOUND('',#9023,.F.);
#9023 = EDGE_LOOP('',(#9024));
#9024 = ORIENTED_EDGE('',*,*,#9025,.F.);
#9025 = EDGE_CURVE('',#9026,#9026,#9028,.T.);
#9026 = VERTEX_POINT('',#9027);
#9027 = CARTESIAN_POINT('',(16.75,22.,206.));
#9028 = CIRCLE('',#9029,4.25);
#9029 = AXIS2_PLACEMENT_3D('',#9030,#9031,#9032);
#9030 = CARTESIAN_POINT('',(21.,22.,206.));
#9031 = DIRECTION('',(0.,0.,-1.));
#9032 = DIRECTION('',(-1.,0.,0.));
#9033 = FACE_BOUND('',#9034,.F.);
#9034 = EDGE_LOOP('',(#9035));
#9035 = ORIENTED_EDGE('',*,*,#9036,.F.);
#9036 = EDGE_CURVE('',#9037,#9037,#9039,.T.);
#9037 = VERTEX_POINT('',#9038);
#9038 = CARTESIAN_POINT('',(154.75,90.5,206.));
#9039 = CIRCLE('',#9040,4.25);
#9040 = AXIS2_PLACEMENT_3D('',#9041,#9042,#9043);
#9041 = CARTESIAN_POINT('',(159.,90.5,206.));
#9042 = DIRECTION('',(0.,0.,-1.));
#9043 = DIRECTION('',(-1.,0.,0.));
#9044 = FACE_BOUND('',#9045,.F.);
#9045 = EDGE_LOOP('',(#9046));
#9046 = ORIENTED_EDGE('',*,*,#9047,.F.);
#9047 = EDGE_CURVE('',#9048,#9048,#9050,.T.);
#9048 = VERTEX_POINT('',#9049);
#9049 = CARTESIAN_POINT('',(154.75,159.,206.));
#9050 = CIRCLE('',#9051,4.25);
#9051 = AXIS2_PLACEMENT_3D('',#9052,#9053,#9054);
#9052 = CARTESIAN_POINT('',(159.,159.,206.));
#9053 = DIRECTION('',(0.,0.,-1.));
#9054 = DIRECTION('',(-1.,0.,0.));
#9055 = FACE_BOUND('',#9056,.F.);
#9056 = EDGE_LOOP('',(#9057));
#9057 = ORIENTED_EDGE('',*,*,#9058,.F.);
#9058 = EDGE_CURVE('',#9059,#9059,#9061,.T.);
#9059 = VERTEX_POINT('',#9060);
#9060 = CARTESIAN_POINT('',(16.75,90.5,206.));
#9061 = CIRCLE('',#9062,4.25);
#9062 = AXIS2_PLACEMENT_3D('',#9063,#9064,#9065);
#9063 = CARTESIAN_POINT('',(21.,90.5,206.));
#9064 = DIRECTION('',(0.,0.,-1.));
#9065 = DIRECTION('',(-1.,0.,0.));
#9066 = FACE_BOUND('',#9067,.F.);
#9067 = EDGE_LOOP('',(#9068));
#9068 = ORIENTED_EDGE('',*,*,#9069,.F.);
#9069 = EDGE_CURVE('',#9070,#9070,#9072,.T.);
#9070 = VERTEX_POINT('',#9071);
#9071 = CARTESIAN_POINT('',(16.75,159.,206.));
#9072 = CIRCLE('',#9073,4.25);
#9073 = AXIS2_PLACEMENT_3D('',#9074,#9075,#9076);
#9074 = CARTESIAN_POINT('',(21.,159.,206.));
#9075 = DIRECTION('',(0.,0.,-1.));
#9076 = DIRECTION('',(-1.,0.,0.));
#9077 = PLANE('',#9078);
#9078 = AXIS2_PLACEMENT_3D('',#9079,#9080,#9081);
#9079 = CARTESIAN_POINT('',(90.,93.906643866201,206.));
#9080 = DIRECTION('',(0.,0.,-1.));
#9081 = DIRECTION('',(-1.,0.,0.));
#9082 = ADVANCED_FACE('',(#9083,#9128,#9139,#9150,#9161,#9172,#9183),
  #9194,.T.);
#9083 = FACE_BOUND('',#9084,.T.);
#9084 = EDGE_LOOP('',(#9085,#9086,#9087,#9095,#9104,#9112,#9121,#9127));
#9085 = ORIENTED_EDGE('',*,*,#8873,.T.);
#9086 = ORIENTED_EDGE('',*,*,#8937,.T.);
#9087 = ORIENTED_EDGE('',*,*,#9088,.T.);
#9088 = EDGE_CURVE('',#8938,#9089,#9091,.T.);
#9089 = VERTEX_POINT('',#9090);
#9090 = CARTESIAN_POINT('',(12.,174.5,194.));
#9091 = LINE('',#9092,#9093);
#9092 = CARTESIAN_POINT('',(12.,16.,194.));
#9093 = VECTOR('',#9094,1.);
#9094 = DIRECTION('',(0.,1.,0.));
#9095 = ORIENTED_EDGE('',*,*,#9096,.T.);
#9096 = EDGE_CURVE('',#9089,#9097,#9099,.T.);
#9097 = VERTEX_POINT('',#9098);
#9098 = CARTESIAN_POINT('',(12.5,175.,194.));
#9099 = CIRCLE('',#9100,0.5);
#9100 = AXIS2_PLACEMENT_3D('',#9101,#9102,#9103);
#9101 = CARTESIAN_POINT('',(12.5,174.5,194.));
#9102 = DIRECTION('',(-0.,0.,-1.));
#9103 = DIRECTION('',(-1.,-2.84217094304E-14,0.));
#9104 = ORIENTED_EDGE('',*,*,#9105,.T.);
#9105 = EDGE_CURVE('',#9097,#9106,#9108,.T.);
#9106 = VERTEX_POINT('',#9107);
#9107 = CARTESIAN_POINT('',(167.5,175.,194.));
#9108 = LINE('',#9109,#9110);
#9109 = CARTESIAN_POINT('',(12.5,175.,194.));
#9110 = VECTOR('',#9111,1.);
#9111 = DIRECTION('',(1.,0.,0.));
#9112 = ORIENTED_EDGE('',*,*,#9113,.T.);
#9113 = EDGE_CURVE('',#9106,#9114,#9116,.T.);
#9114 = VERTEX_POINT('',#9115);
#9115 = CARTESIAN_POINT('',(168.,174.5,194.));
#9116 = CIRCLE('',#9117,0.5);
#9117 = AXIS2_PLACEMENT_3D('',#9118,#9119,#9120);
#9118 = CARTESIAN_POINT('',(167.5,174.5,194.));
#9119 = DIRECTION('',(0.,0.,-1.));
#9120 = DIRECTION('',(-2.84217094304E-14,1.,0.));
#9121 = ORIENTED_EDGE('',*,*,#9122,.T.);
#9122 = EDGE_CURVE('',#9114,#8906,#9123,.T.);
#9123 = LINE('',#9124,#9125);
#9124 = CARTESIAN_POINT('',(168.,174.5,194.));
#9125 = VECTOR('',#9126,1.);
#9126 = DIRECTION('',(0.,-1.,0.));
#9127 = ORIENTED_EDGE('',*,*,#8913,.T.);
#9128 = FACE_BOUND('',#9129,.T.);
#9129 = EDGE_LOOP('',(#9130));
#9130 = ORIENTED_EDGE('',*,*,#9131,.F.);
#9131 = EDGE_CURVE('',#9132,#9132,#9134,.T.);
#9132 = VERTEX_POINT('',#9133);
#9133 = CARTESIAN_POINT('',(156.9,22.,194.));
#9134 = CIRCLE('',#9135,2.1);
#9135 = AXIS2_PLACEMENT_3D('',#9136,#9137,#9138);
#9136 = CARTESIAN_POINT('',(159.,22.,194.));
#9137 = DIRECTION('',(0.,0.,-1.));
#9138 = DIRECTION('',(-1.,0.,0.));
#9139 = FACE_BOUND('',#9140,.T.);
#9140 = EDGE_LOOP('',(#9141));
#9141 = ORIENTED_EDGE('',*,*,#9142,.F.);
#9142 = EDGE_CURVE('',#9143,#9143,#9145,.T.);
#9143 = VERTEX_POINT('',#9144);
#9144 = CARTESIAN_POINT('',(18.9,22.,194.));
#9145 = CIRCLE('',#9146,2.1);
#9146 = AXIS2_PLACEMENT_3D('',#9147,#9148,#9149);
#9147 = CARTESIAN_POINT('',(21.,22.,194.));
#9148 = DIRECTION('',(0.,0.,-1.));
#9149 = DIRECTION('',(-1.,0.,0.));
#9150 = FACE_BOUND('',#9151,.T.);
#9151 = EDGE_LOOP('',(#9152));
#9152 = ORIENTED_EDGE('',*,*,#9153,.F.);
#9153 = EDGE_CURVE('',#9154,#9154,#9156,.T.);
#9154 = VERTEX_POINT('',#9155);
#9155 = CARTESIAN_POINT('',(156.9,90.5,194.));
#9156 = CIRCLE('',#9157,2.1);
#9157 = AXIS2_PLACEMENT_3D('',#9158,#9159,#9160);
#9158 = CARTESIAN_POINT('',(159.,90.5,194.));
#9159 = DIRECTION('',(0.,0.,-1.));
#9160 = DIRECTION('',(-1.,0.,0.));
#9161 = FACE_BOUND('',#9162,.T.);
#9162 = EDGE_LOOP('',(#9163));
#9163 = ORIENTED_EDGE('',*,*,#9164,.F.);
#9164 = EDGE_CURVE('',#9165,#9165,#9167,.T.);
#9165 = VERTEX_POINT('',#9166);
#9166 = CARTESIAN_POINT('',(156.9,159.,194.));
#9167 = CIRCLE('',#9168,2.1);
#9168 = AXIS2_PLACEMENT_3D('',#9169,#9170,#9171);
#9169 = CARTESIAN_POINT('',(159.,159.,194.));
#9170 = DIRECTION('',(0.,0.,-1.));
#9171 = DIRECTION('',(-1.,0.,0.));
#9172 = FACE_BOUND('',#9173,.T.);
#9173 = EDGE_LOOP('',(#9174));
#9174 = ORIENTED_EDGE('',*,*,#9175,.F.);
#9175 = EDGE_CURVE('',#9176,#9176,#9178,.T.);
#9176 = VERTEX_POINT('',#9177);
#9177 = CARTESIAN_POINT('',(18.9,90.5,194.));
#9178 = CIRCLE('',#9179,2.1);
#9179 = AXIS2_PLACEMENT_3D('',#9180,#9181,#9182);
#9180 = CARTESIAN_POINT('',(21.,90.5,194.));
#9181 = DIRECTION('',(0.,0.,-1.));
#9182 = DIRECTION('',(-1.,0.,0.));
#9183 = FACE_BOUND('',#9184,.T.);
#9184 = EDGE_LOOP('',(#9185));
#9185 = ORIENTED_EDGE('',*,*,#9186,.F.);
#9186 = EDGE_CURVE('',#9187,#9187,#9189,.T.);
#9187 = VERTEX_POINT('',#9188);
#9188 = CARTESIAN_POINT('',(18.9,159.,194.));
#9189 = CIRCLE('',#9190,2.1);
#9190 = AXIS2_PLACEMENT_3D('',#9191,#9192,#9193);
#9191 = CARTESIAN_POINT('',(21.,159.,194.));
#9192 = DIRECTION('',(0.,0.,-1.));
#9193 = DIRECTION('',(-1.,0.,0.));
#9194 = PLANE('',#9195);
#9195 = AXIS2_PLACEMENT_3D('',#9196,#9197,#9198);
#9196 = CARTESIAN_POINT('',(90.,93.906643866201,194.));
#9197 = DIRECTION('',(0.,0.,-1.));
#9198 = DIRECTION('',(-1.,0.,0.));
#9199 = ADVANCED_FACE('',(#9200),#9211,.F.);
#9200 = FACE_BOUND('',#9201,.F.);
#9201 = EDGE_LOOP('',(#9202,#9208,#9209,#9210));
#9202 = ORIENTED_EDGE('',*,*,#9203,.T.);
#9203 = EDGE_CURVE('',#8997,#9114,#9204,.T.);
#9204 = LINE('',#9205,#9206);
#9205 = CARTESIAN_POINT('',(168.,174.5,206.));
#9206 = VECTOR('',#9207,1.);
#9207 = DIRECTION('',(0.,0.,-1.));
#9208 = ORIENTED_EDGE('',*,*,#9122,.T.);
#9209 = ORIENTED_EDGE('',*,*,#8903,.F.);
#9210 = ORIENTED_EDGE('',*,*,#9005,.F.);
#9211 = PLANE('',#9212);
#9212 = AXIS2_PLACEMENT_3D('',#9213,#9214,#9215);
#9213 = CARTESIAN_POINT('',(168.,174.5,206.));
#9214 = DIRECTION('',(-1.,0.,0.));
#9215 = DIRECTION('',(0.,-1.,0.));
#9216 = ADVANCED_FACE('',(#9217),#9228,.F.);
#9217 = FACE_BOUND('',#9218,.F.);
#9218 = EDGE_LOOP('',(#9219,#9220,#9221,#9227));
#9219 = ORIENTED_EDGE('',*,*,#8946,.T.);
#9220 = ORIENTED_EDGE('',*,*,#9088,.T.);
#9221 = ORIENTED_EDGE('',*,*,#9222,.F.);
#9222 = EDGE_CURVE('',#8972,#9089,#9223,.T.);
#9223 = LINE('',#9224,#9225);
#9224 = CARTESIAN_POINT('',(12.,174.5,206.));
#9225 = VECTOR('',#9226,1.);
#9226 = DIRECTION('',(0.,0.,-1.));
#9227 = ORIENTED_EDGE('',*,*,#8971,.F.);
#9228 = PLANE('',#9229);
#9229 = AXIS2_PLACEMENT_3D('',#9230,#9231,#9232);
#9230 = CARTESIAN_POINT('',(12.,16.,206.));
#9231 = DIRECTION('',(1.,0.,0.));
#9232 = DIRECTION('',(0.,1.,0.));
#9233 = ADVANCED_FACE('',(#9234),#9245,.T.);
#9234 = FACE_BOUND('',#9235,.F.);
#9235 = EDGE_LOOP('',(#9236,#9242,#9243,#9244));
#9236 = ORIENTED_EDGE('',*,*,#9237,.T.);
#9237 = EDGE_CURVE('',#8989,#9106,#9238,.T.);
#9238 = LINE('',#9239,#9240);
#9239 = CARTESIAN_POINT('',(167.5,175.,206.));
#9240 = VECTOR('',#9241,1.);
#9241 = DIRECTION('',(0.,0.,-1.));
#9242 = ORIENTED_EDGE('',*,*,#9113,.T.);
#9243 = ORIENTED_EDGE('',*,*,#9203,.F.);
#9244 = ORIENTED_EDGE('',*,*,#8996,.F.);
#9245 = CYLINDRICAL_SURFACE('',#9246,0.5);
#9246 = AXIS2_PLACEMENT_3D('',#9247,#9248,#9249);
#9247 = CARTESIAN_POINT('',(167.5,174.5,206.));
#9248 = DIRECTION('',(0.,-0.,1.));
#9249 = DIRECTION('',(-2.84217094304E-14,1.,0.));
#9250 = ADVANCED_FACE('',(#9251),#9262,.T.);
#9251 = FACE_BOUND('',#9252,.F.);
#9252 = EDGE_LOOP('',(#9253,#9254,#9255,#9261));
#9253 = ORIENTED_EDGE('',*,*,#9222,.T.);
#9254 = ORIENTED_EDGE('',*,*,#9096,.T.);
#9255 = ORIENTED_EDGE('',*,*,#9256,.F.);
#9256 = EDGE_CURVE('',#8980,#9097,#9257,.T.);
#9257 = LINE('',#9258,#9259);
#9258 = CARTESIAN_POINT('',(12.5,175.,206.));
#9259 = VECTOR('',#9260,1.);
#9260 = DIRECTION('',(0.,0.,-1.));
#9261 = ORIENTED_EDGE('',*,*,#8979,.F.);
#9262 = CYLINDRICAL_SURFACE('',#9263,0.5);
#9263 = AXIS2_PLACEMENT_3D('',#9264,#9265,#9266);
#9264 = CARTESIAN_POINT('',(12.5,174.5,206.));
#9265 = DIRECTION('',(0.,-0.,1.));
#9266 = DIRECTION('',(-1.,-2.84217094304E-14,0.));
#9267 = ADVANCED_FACE('',(#9268),#9274,.F.);
#9268 = FACE_BOUND('',#9269,.F.);
#9269 = EDGE_LOOP('',(#9270,#9271,#9272,#9273));
#9270 = ORIENTED_EDGE('',*,*,#9256,.T.);
#9271 = ORIENTED_EDGE('',*,*,#9105,.T.);
#9272 = ORIENTED_EDGE('',*,*,#9237,.F.);
#9273 = ORIENTED_EDGE('',*,*,#8988,.F.);
#9274 = PLANE('',#9275);
#9275 = AXIS2_PLACEMENT_3D('',#9276,#9277,#9278);
#9276 = CARTESIAN_POINT('',(12.5,175.,206.));
#9277 = DIRECTION('',(0.,-1.,0.));
#9278 = DIRECTION('',(1.,0.,0.));
#9279 = ADVANCED_FACE('',(#9280),#9299,.F.);
#9280 = FACE_BOUND('',#9281,.F.);
#9281 = EDGE_LOOP('',(#9282,#9291,#9297,#9298));
#9282 = ORIENTED_EDGE('',*,*,#9283,.F.);
#9283 = EDGE_CURVE('',#9284,#9284,#9286,.T.);
#9284 = VERTEX_POINT('',#9285);
#9285 = CARTESIAN_POINT('',(156.9,22.,203.5));
#9286 = CIRCLE('',#9287,2.1);
#9287 = AXIS2_PLACEMENT_3D('',#9288,#9289,#9290);
#9288 = CARTESIAN_POINT('',(159.,22.,203.5));
#9289 = DIRECTION('',(0.,0.,-1.));
#9290 = DIRECTION('',(-1.,0.,0.));
#9291 = ORIENTED_EDGE('',*,*,#9292,.F.);
#9292 = EDGE_CURVE('',#9015,#9284,#9293,.T.);
#9293 = LINE('',#9294,#9295);
#9294 = CARTESIAN_POINT('',(154.75,22.,206.));
#9295 = VECTOR('',#9296,1.);
#9296 = DIRECTION('',(0.652039268828,1.597035606977E-16,-0.758185196312)
  );
#9297 = ORIENTED_EDGE('',*,*,#9014,.T.);
#9298 = ORIENTED_EDGE('',*,*,#9292,.T.);
#9299 = CONICAL_SURFACE('',#9300,4.25,0.710271007487);
#9300 = AXIS2_PLACEMENT_3D('',#9301,#9302,#9303);
#9301 = CARTESIAN_POINT('',(159.,22.,206.));
#9302 = DIRECTION('',(0.,-0.,1.));
#9303 = DIRECTION('',(-1.,0.,0.));
#9304 = ADVANCED_FACE('',(#9305),#9324,.F.);
#9305 = FACE_BOUND('',#9306,.F.);
#9306 = EDGE_LOOP('',(#9307,#9316,#9322,#9323));
#9307 = ORIENTED_EDGE('',*,*,#9308,.F.);
#9308 = EDGE_CURVE('',#9309,#9309,#9311,.T.);
#9309 = VERTEX_POINT('',#9310);
#9310 = CARTESIAN_POINT('',(18.9,22.,203.5));
#9311 = CIRCLE('',#9312,2.1);
#9312 = AXIS2_PLACEMENT_3D('',#9313,#9314,#9315);
#9313 = CARTESIAN_POINT('',(21.,22.,203.5));
#9314 = DIRECTION('',(0.,0.,-1.));
#9315 = DIRECTION('',(-1.,0.,0.));
#9316 = ORIENTED_EDGE('',*,*,#9317,.F.);
#9317 = EDGE_CURVE('',#9026,#9309,#9318,.T.);
#9318 = LINE('',#9319,#9320);
#9319 = CARTESIAN_POINT('',(16.75,22.,206.));
#9320 = VECTOR('',#9321,1.);
#9321 = DIRECTION('',(0.652039268828,1.597035606977E-16,-0.758185196312)
  );
#9322 = ORIENTED_EDGE('',*,*,#9025,.T.);
#9323 = ORIENTED_EDGE('',*,*,#9317,.T.);
#9324 = CONICAL_SURFACE('',#9325,4.25,0.710271007487);
#9325 = AXIS2_PLACEMENT_3D('',#9326,#9327,#9328);
#9326 = CARTESIAN_POINT('',(21.,22.,206.));
#9327 = DIRECTION('',(0.,-0.,1.));
#9328 = DIRECTION('',(-1.,0.,0.));
#9329 = ADVANCED_FACE('',(#9330),#9349,.F.);
#9330 = FACE_BOUND('',#9331,.F.);
#9331 = EDGE_LOOP('',(#9332,#9341,#9347,#9348));
#9332 = ORIENTED_EDGE('',*,*,#9333,.F.);
#9333 = EDGE_CURVE('',#9334,#9334,#9336,.T.);
#9334 = VERTEX_POINT('',#9335);
#9335 = CARTESIAN_POINT('',(156.9,90.5,203.5));
#9336 = CIRCLE('',#9337,2.1);
#9337 = AXIS2_PLACEMENT_3D('',#9338,#9339,#9340);
#9338 = CARTESIAN_POINT('',(159.,90.5,203.5));
#9339 = DIRECTION('',(0.,0.,-1.));
#9340 = DIRECTION('',(-1.,0.,0.));
#9341 = ORIENTED_EDGE('',*,*,#9342,.F.);
#9342 = EDGE_CURVE('',#9037,#9334,#9343,.T.);
#9343 = LINE('',#9344,#9345);
#9344 = CARTESIAN_POINT('',(154.75,90.5,206.));
#9345 = VECTOR('',#9346,1.);
#9346 = DIRECTION('',(0.652039268828,1.597035606977E-16,-0.758185196312)
  );
#9347 = ORIENTED_EDGE('',*,*,#9036,.T.);
#9348 = ORIENTED_EDGE('',*,*,#9342,.T.);
#9349 = CONICAL_SURFACE('',#9350,4.25,0.710271007487);
#9350 = AXIS2_PLACEMENT_3D('',#9351,#9352,#9353);
#9351 = CARTESIAN_POINT('',(159.,90.5,206.));
#9352 = DIRECTION('',(0.,-0.,1.));
#9353 = DIRECTION('',(-1.,0.,0.));
#9354 = ADVANCED_FACE('',(#9355),#9374,.F.);
#9355 = FACE_BOUND('',#9356,.F.);
#9356 = EDGE_LOOP('',(#9357,#9366,#9372,#9373));
#9357 = ORIENTED_EDGE('',*,*,#9358,.F.);
#9358 = EDGE_CURVE('',#9359,#9359,#9361,.T.);
#9359 = VERTEX_POINT('',#9360);
#9360 = CARTESIAN_POINT('',(156.9,159.,203.5));
#9361 = CIRCLE('',#9362,2.1);
#9362 = AXIS2_PLACEMENT_3D('',#9363,#9364,#9365);
#9363 = CARTESIAN_POINT('',(159.,159.,203.5));
#9364 = DIRECTION('',(0.,0.,-1.));
#9365 = DIRECTION('',(-1.,0.,0.));
#9366 = ORIENTED_EDGE('',*,*,#9367,.F.);
#9367 = EDGE_CURVE('',#9048,#9359,#9368,.T.);
#9368 = LINE('',#9369,#9370);
#9369 = CARTESIAN_POINT('',(154.75,159.,206.));
#9370 = VECTOR('',#9371,1.);
#9371 = DIRECTION('',(0.652039268828,1.597035606977E-16,-0.758185196312)
  );
#9372 = ORIENTED_EDGE('',*,*,#9047,.T.);
#9373 = ORIENTED_EDGE('',*,*,#9367,.T.);
#9374 = CONICAL_SURFACE('',#9375,4.25,0.710271007487);
#9375 = AXIS2_PLACEMENT_3D('',#9376,#9377,#9378);
#9376 = CARTESIAN_POINT('',(159.,159.,206.));
#9377 = DIRECTION('',(0.,-0.,1.));
#9378 = DIRECTION('',(-1.,0.,0.));
#9379 = ADVANCED_FACE('',(#9380),#9399,.F.);
#9380 = FACE_BOUND('',#9381,.F.);
#9381 = EDGE_LOOP('',(#9382,#9391,#9397,#9398));
#9382 = ORIENTED_EDGE('',*,*,#9383,.F.);
#9383 = EDGE_CURVE('',#9384,#9384,#9386,.T.);
#9384 = VERTEX_POINT('',#9385);
#9385 = CARTESIAN_POINT('',(18.9,90.5,203.5));
#9386 = CIRCLE('',#9387,2.1);
#9387 = AXIS2_PLACEMENT_3D('',#9388,#9389,#9390);
#9388 = CARTESIAN_POINT('',(21.,90.5,203.5));
#9389 = DIRECTION('',(0.,0.,-1.));
#9390 = DIRECTION('',(-1.,0.,0.));
#9391 = ORIENTED_EDGE('',*,*,#9392,.F.);
#9392 = EDGE_CURVE('',#9059,#9384,#9393,.T.);
#9393 = LINE('',#9394,#9395);
#9394 = CARTESIAN_POINT('',(16.75,90.5,206.));
#9395 = VECTOR('',#9396,1.);
#9396 = DIRECTION('',(0.652039268828,1.597035606977E-16,-0.758185196312)
  );
#9397 = ORIENTED_EDGE('',*,*,#9058,.T.);
#9398 = ORIENTED_EDGE('',*,*,#9392,.T.);
#9399 = CONICAL_SURFACE('',#9400,4.25,0.710271007487);
#9400 = AXIS2_PLACEMENT_3D('',#9401,#9402,#9403);
#9401 = CARTESIAN_POINT('',(21.,90.5,206.));
#9402 = DIRECTION('',(0.,-0.,1.));
#9403 = DIRECTION('',(-1.,0.,0.));
#9404 = ADVANCED_FACE('',(#9405),#9424,.F.);
#9405 = FACE_BOUND('',#9406,.F.);
#9406 = EDGE_LOOP('',(#9407,#9416,#9422,#9423));
#9407 = ORIENTED_EDGE('',*,*,#9408,.F.);
#9408 = EDGE_CURVE('',#9409,#9409,#9411,.T.);
#9409 = VERTEX_POINT('',#9410);
#9410 = CARTESIAN_POINT('',(18.9,159.,203.5));
#9411 = CIRCLE('',#9412,2.1);
#9412 = AXIS2_PLACEMENT_3D('',#9413,#9414,#9415);
#9413 = CARTESIAN_POINT('',(21.,159.,203.5));
#9414 = DIRECTION('',(0.,0.,-1.));
#9415 = DIRECTION('',(-1.,0.,0.));
#9416 = ORIENTED_EDGE('',*,*,#9417,.F.);
#9417 = EDGE_CURVE('',#9070,#9409,#9418,.T.);
#9418 = LINE('',#9419,#9420);
#9419 = CARTESIAN_POINT('',(16.75,159.,206.));
#9420 = VECTOR('',#9421,1.);
#9421 = DIRECTION('',(0.652039268828,1.597035606977E-16,-0.758185196312)
  );
#9422 = ORIENTED_EDGE('',*,*,#9069,.T.);
#9423 = ORIENTED_EDGE('',*,*,#9417,.T.);
#9424 = CONICAL_SURFACE('',#9425,4.25,0.710271007487);
#9425 = AXIS2_PLACEMENT_3D('',#9426,#9427,#9428);
#9426 = CARTESIAN_POINT('',(21.,159.,206.));
#9427 = DIRECTION('',(0.,-0.,1.));
#9428 = DIRECTION('',(-1.,0.,0.));
#9429 = ADVANCED_FACE('',(#9430),#9441,.F.);
#9430 = FACE_BOUND('',#9431,.F.);
#9431 = EDGE_LOOP('',(#9432,#9438,#9439,#9440));
#9432 = ORIENTED_EDGE('',*,*,#9433,.T.);
#9433 = EDGE_CURVE('',#9284,#9132,#9434,.T.);
#9434 = LINE('',#9435,#9436);
#9435 = CARTESIAN_POINT('',(156.9,22.,207.));
#9436 = VECTOR('',#9437,1.);
#9437 = DIRECTION('',(0.,0.,-1.));
#9438 = ORIENTED_EDGE('',*,*,#9131,.F.);
#9439 = ORIENTED_EDGE('',*,*,#9433,.F.);
#9440 = ORIENTED_EDGE('',*,*,#9283,.T.);
#9441 = CYLINDRICAL_SURFACE('',#9442,2.1);
#9442 = AXIS2_PLACEMENT_3D('',#9443,#9444,#9445);
#9443 = CARTESIAN_POINT('',(159.,22.,207.));
#9444 = DIRECTION('',(0.,0.,-1.));
#9445 = DIRECTION('',(-1.,0.,0.));
#9446 = ADVANCED_FACE('',(#9447),#9458,.F.);
#9447 = FACE_BOUND('',#9448,.F.);
#9448 = EDGE_LOOP('',(#9449,#9455,#9456,#9457));
#9449 = ORIENTED_EDGE('',*,*,#9450,.T.);
#9450 = EDGE_CURVE('',#9309,#9143,#9451,.T.);
#9451 = LINE('',#9452,#9453);
#9452 = CARTESIAN_POINT('',(18.9,22.,207.));
#9453 = VECTOR('',#9454,1.);
#9454 = DIRECTION('',(0.,0.,-1.));
#9455 = ORIENTED_EDGE('',*,*,#9142,.F.);
#9456 = ORIENTED_EDGE('',*,*,#9450,.F.);
#9457 = ORIENTED_EDGE('',*,*,#9308,.T.);
#9458 = CYLINDRICAL_SURFACE('',#9459,2.1);
#9459 = AXIS2_PLACEMENT_3D('',#9460,#9461,#9462);
#9460 = CARTESIAN_POINT('',(21.,22.,207.));
#9461 = DIRECTION('',(0.,0.,-1.));
#9462 = DIRECTION('',(-1.,0.,0.));
#9463 = ADVANCED_FACE('',(#9464),#9475,.F.);
#9464 = FACE_BOUND('',#9465,.F.);
#9465 = EDGE_LOOP('',(#9466,#9472,#9473,#9474));
#9466 = ORIENTED_EDGE('',*,*,#9467,.T.);
#9467 = EDGE_CURVE('',#9334,#9154,#9468,.T.);
#9468 = LINE('',#9469,#9470);
#9469 = CARTESIAN_POINT('',(156.9,90.5,207.));
#9470 = VECTOR('',#9471,1.);
#9471 = DIRECTION('',(0.,0.,-1.));
#9472 = ORIENTED_EDGE('',*,*,#9153,.F.);
#9473 = ORIENTED_EDGE('',*,*,#9467,.F.);
#9474 = ORIENTED_EDGE('',*,*,#9333,.T.);
#9475 = CYLINDRICAL_SURFACE('',#9476,2.1);
#9476 = AXIS2_PLACEMENT_3D('',#9477,#9478,#9479);
#9477 = CARTESIAN_POINT('',(159.,90.5,207.));
#9478 = DIRECTION('',(0.,0.,-1.));
#9479 = DIRECTION('',(-1.,0.,0.));
#9480 = ADVANCED_FACE('',(#9481),#9492,.F.);
#9481 = FACE_BOUND('',#9482,.F.);
#9482 = EDGE_LOOP('',(#9483,#9489,#9490,#9491));
#9483 = ORIENTED_EDGE('',*,*,#9484,.T.);
#9484 = EDGE_CURVE('',#9359,#9165,#9485,.T.);
#9485 = LINE('',#9486,#9487);
#9486 = CARTESIAN_POINT('',(156.9,159.,207.));
#9487 = VECTOR('',#9488,1.);
#9488 = DIRECTION('',(0.,0.,-1.));
#9489 = ORIENTED_EDGE('',*,*,#9164,.F.);
#9490 = ORIENTED_EDGE('',*,*,#9484,.F.);
#9491 = ORIENTED_EDGE('',*,*,#9358,.T.);
#9492 = CYLINDRICAL_SURFACE('',#9493,2.1);
#9493 = AXIS2_PLACEMENT_3D('',#9494,#9495,#9496);
#9494 = CARTESIAN_POINT('',(159.,159.,207.));
#9495 = DIRECTION('',(0.,0.,-1.));
#9496 = DIRECTION('',(-1.,0.,0.));
#9497 = ADVANCED_FACE('',(#9498),#9509,.F.);
#9498 = FACE_BOUND('',#9499,.F.);
#9499 = EDGE_LOOP('',(#9500,#9506,#9507,#9508));
#9500 = ORIENTED_EDGE('',*,*,#9501,.T.);
#9501 = EDGE_CURVE('',#9384,#9176,#9502,.T.);
#9502 = LINE('',#9503,#9504);
#9503 = CARTESIAN_POINT('',(18.9,90.5,207.));
#9504 = VECTOR('',#9505,1.);
#9505 = DIRECTION('',(0.,0.,-1.));
#9506 = ORIENTED_EDGE('',*,*,#9175,.F.);
#9507 = ORIENTED_EDGE('',*,*,#9501,.F.);
#9508 = ORIENTED_EDGE('',*,*,#9383,.T.);
#9509 = CYLINDRICAL_SURFACE('',#9510,2.1);
#9510 = AXIS2_PLACEMENT_3D('',#9511,#9512,#9513);
#9511 = CARTESIAN_POINT('',(21.,90.5,207.));
#9512 = DIRECTION('',(0.,0.,-1.));
#9513 = DIRECTION('',(-1.,0.,0.));
#9514 = ADVANCED_FACE('',(#9515),#9526,.F.);
#9515 = FACE_BOUND('',#9516,.F.);
#9516 = EDGE_LOOP('',(#9517,#9523,#9524,#9525));
#9517 = ORIENTED_EDGE('',*,*,#9518,.T.);
#9518 = EDGE_CURVE('',#9409,#9187,#9519,.T.);
#9519 = LINE('',#9520,#9521);
#9520 = CARTESIAN_POINT('',(18.9,159.,207.));
#9521 = VECTOR('',#9522,1.);
#9522 = DIRECTION('',(0.,0.,-1.));
#9523 = ORIENTED_EDGE('',*,*,#9186,.F.);
#9524 = ORIENTED_EDGE('',*,*,#9518,.F.);
#9525 = ORIENTED_EDGE('',*,*,#9408,.T.);
#9526 = CYLINDRICAL_SURFACE('',#9527,2.1);
#9527 = AXIS2_PLACEMENT_3D('',#9528,#9529,#9530);
#9528 = CARTESIAN_POINT('',(21.,159.,207.));
#9529 = DIRECTION('',(0.,0.,-1.));
#9530 = DIRECTION('',(-1.,0.,0.));
#9531 = MANIFOLD_SOLID_BREP('',#9532);
#9532 = CLOSED_SHELL('',(#9533,#9573,#9606,#9639,#9830,#10021,#10038,
    #10055,#10072,#10089,#10101,#10123,#10140,#10157,#10174,#10191,
    #10208,#10225,#10237,#10259,#10276,#10293,#10310,#10327,#10344,
    #10361));
#9533 = ADVANCED_FACE('',(#9534),#9568,.F.);
#9534 = FACE_BOUND('',#9535,.F.);
#9535 = EDGE_LOOP('',(#9536,#9546,#9554,#9562));
#9536 = ORIENTED_EDGE('',*,*,#9537,.T.);
#9537 = EDGE_CURVE('',#9538,#9540,#9542,.T.);
#9538 = VERTEX_POINT('',#9539);
#9539 = CARTESIAN_POINT('',(16.,12.,194.));
#9540 = VERTEX_POINT('',#9541);
#9541 = CARTESIAN_POINT('',(16.,12.,195.5));
#9542 = LINE('',#9543,#9544);
#9543 = CARTESIAN_POINT('',(16.,12.,194.));
#9544 = VECTOR('',#9545,1.);
#9545 = DIRECTION('',(0.,0.,1.));
#9546 = ORIENTED_EDGE('',*,*,#9547,.T.);
#9547 = EDGE_CURVE('',#9540,#9548,#9550,.T.);
#9548 = VERTEX_POINT('',#9549);
#9549 = CARTESIAN_POINT('',(164.,12.,195.5));
#9550 = LINE('',#9551,#9552);
#9551 = CARTESIAN_POINT('',(16.,12.,195.5));
#9552 = VECTOR('',#9553,1.);
#9553 = DIRECTION('',(1.,0.,0.));
#9554 = ORIENTED_EDGE('',*,*,#9555,.F.);
#9555 = EDGE_CURVE('',#9556,#9548,#9558,.T.);
#9556 = VERTEX_POINT('',#9557);
#9557 = CARTESIAN_POINT('',(164.,12.,194.));
#9558 = LINE('',#9559,#9560);
#9559 = CARTESIAN_POINT('',(164.,12.,194.));
#9560 = VECTOR('',#9561,1.);
#9561 = DIRECTION('',(0.,0.,1.));
#9562 = ORIENTED_EDGE('',*,*,#9563,.F.);
#9563 = EDGE_CURVE('',#9538,#9556,#9564,.T.);
#9564 = LINE('',#9565,#9566);
#9565 = CARTESIAN_POINT('',(16.,12.,194.));
#9566 = VECTOR('',#9567,1.);
#9567 = DIRECTION('',(1.,0.,0.));
#9568 = PLANE('',#9569);
#9569 = AXIS2_PLACEMENT_3D('',#9570,#9571,#9572);
#9570 = CARTESIAN_POINT('',(16.,12.,194.));
#9571 = DIRECTION('',(0.,1.,0.));
#9572 = DIRECTION('',(1.,0.,0.));
#9573 = ADVANCED_FACE('',(#9574),#9601,.T.);
#9574 = FACE_BOUND('',#9575,.F.);
#9575 = EDGE_LOOP('',(#9576,#9586,#9593,#9594));
#9576 = ORIENTED_EDGE('',*,*,#9577,.T.);
#9577 = EDGE_CURVE('',#9578,#9580,#9582,.T.);
#9578 = VERTEX_POINT('',#9579);
#9579 = CARTESIAN_POINT('',(12.,16.,194.));
#9580 = VERTEX_POINT('',#9581);
#9581 = CARTESIAN_POINT('',(12.,16.,195.5));
#9582 = LINE('',#9583,#9584);
#9583 = CARTESIAN_POINT('',(12.,16.,194.));
#9584 = VECTOR('',#9585,1.);
#9585 = DIRECTION('',(0.,0.,1.));
#9586 = ORIENTED_EDGE('',*,*,#9587,.T.);
#9587 = EDGE_CURVE('',#9580,#9540,#9588,.T.);
#9588 = CIRCLE('',#9589,4.);
#9589 = AXIS2_PLACEMENT_3D('',#9590,#9591,#9592);
#9590 = CARTESIAN_POINT('',(16.,16.,195.5));
#9591 = DIRECTION('',(0.,0.,1.));
#9592 = DIRECTION('',(-1.,0.,0.));
#9593 = ORIENTED_EDGE('',*,*,#9537,.F.);
#9594 = ORIENTED_EDGE('',*,*,#9595,.F.);
#9595 = EDGE_CURVE('',#9578,#9538,#9596,.T.);
#9596 = CIRCLE('',#9597,4.);
#9597 = AXIS2_PLACEMENT_3D('',#9598,#9599,#9600);
#9598 = CARTESIAN_POINT('',(16.,16.,194.));
#9599 = DIRECTION('',(0.,0.,1.));
#9600 = DIRECTION('',(-1.,0.,0.));
#9601 = CYLINDRICAL_SURFACE('',#9602,4.);
#9602 = AXIS2_PLACEMENT_3D('',#9603,#9604,#9605);
#9603 = CARTESIAN_POINT('',(16.,16.,194.));
#9604 = DIRECTION('',(-0.,-0.,-1.));
#9605 = DIRECTION('',(-1.,0.,0.));
#9606 = ADVANCED_FACE('',(#9607),#9634,.T.);
#9607 = FACE_BOUND('',#9608,.F.);
#9608 = EDGE_LOOP('',(#9609,#9610,#9619,#9627));
#9609 = ORIENTED_EDGE('',*,*,#9555,.T.);
#9610 = ORIENTED_EDGE('',*,*,#9611,.T.);
#9611 = EDGE_CURVE('',#9548,#9612,#9614,.T.);
#9612 = VERTEX_POINT('',#9613);
#9613 = CARTESIAN_POINT('',(168.,16.,195.5));
#9614 = CIRCLE('',#9615,4.);
#9615 = AXIS2_PLACEMENT_3D('',#9616,#9617,#9618);
#9616 = CARTESIAN_POINT('',(164.,16.,195.5));
#9617 = DIRECTION('',(-0.,0.,1.));
#9618 = DIRECTION('',(3.552713678801E-15,-1.,0.));
#9619 = ORIENTED_EDGE('',*,*,#9620,.F.);
#9620 = EDGE_CURVE('',#9621,#9612,#9623,.T.);
#9621 = VERTEX_POINT('',#9622);
#9622 = CARTESIAN_POINT('',(168.,16.,194.));
#9623 = LINE('',#9624,#9625);
#9624 = CARTESIAN_POINT('',(168.,16.,194.));
#9625 = VECTOR('',#9626,1.);
#9626 = DIRECTION('',(0.,0.,1.));
#9627 = ORIENTED_EDGE('',*,*,#9628,.F.);
#9628 = EDGE_CURVE('',#9556,#9621,#9629,.T.);
#9629 = CIRCLE('',#9630,4.);
#9630 = AXIS2_PLACEMENT_3D('',#9631,#9632,#9633);
#9631 = CARTESIAN_POINT('',(164.,16.,194.));
#9632 = DIRECTION('',(-0.,0.,1.));
#9633 = DIRECTION('',(3.552713678801E-15,-1.,0.));
#9634 = CYLINDRICAL_SURFACE('',#9635,4.);
#9635 = AXIS2_PLACEMENT_3D('',#9636,#9637,#9638);
#9636 = CARTESIAN_POINT('',(164.,16.,194.));
#9637 = DIRECTION('',(-0.,-0.,-1.));
#9638 = DIRECTION('',(3.552713678801E-15,-1.,0.));
#9639 = ADVANCED_FACE('',(#9640,#9685,#9755),#9825,.F.);
#9640 = FACE_BOUND('',#9641,.F.);
#9641 = EDGE_LOOP('',(#9642,#9643,#9644,#9652,#9661,#9669,#9678,#9684));
#9642 = ORIENTED_EDGE('',*,*,#9563,.T.);
#9643 = ORIENTED_EDGE('',*,*,#9628,.T.);
#9644 = ORIENTED_EDGE('',*,*,#9645,.T.);
#9645 = EDGE_CURVE('',#9621,#9646,#9648,.T.);
#9646 = VERTEX_POINT('',#9647);
#9647 = CARTESIAN_POINT('',(168.,281.,194.));
#9648 = LINE('',#9649,#9650);
#9649 = CARTESIAN_POINT('',(168.,16.,194.));
#9650 = VECTOR('',#9651,1.);
#9651 = DIRECTION('',(0.,1.,0.));
#9652 = ORIENTED_EDGE('',*,*,#9653,.T.);
#9653 = EDGE_CURVE('',#9646,#9654,#9656,.T.);
#9654 = VERTEX_POINT('',#9655);
#9655 = CARTESIAN_POINT('',(164.,285.,194.));
#9656 = CIRCLE('',#9657,4.);
#9657 = AXIS2_PLACEMENT_3D('',#9658,#9659,#9660);
#9658 = CARTESIAN_POINT('',(164.,281.,194.));
#9659 = DIRECTION('',(0.,0.,1.));
#9660 = DIRECTION('',(1.,0.,0.));
#9661 = ORIENTED_EDGE('',*,*,#9662,.T.);
#9662 = EDGE_CURVE('',#9654,#9663,#9665,.T.);
#9663 = VERTEX_POINT('',#9664);
#9664 = CARTESIAN_POINT('',(16.,285.,194.));
#9665 = LINE('',#9666,#9667);
#9666 = CARTESIAN_POINT('',(164.,285.,194.));
#9667 = VECTOR('',#9668,1.);
#9668 = DIRECTION('',(-1.,0.,0.));
#9669 = ORIENTED_EDGE('',*,*,#9670,.T.);
#9670 = EDGE_CURVE('',#9663,#9671,#9673,.T.);
#9671 = VERTEX_POINT('',#9672);
#9672 = CARTESIAN_POINT('',(12.,281.,194.));
#9673 = CIRCLE('',#9674,4.);
#9674 = AXIS2_PLACEMENT_3D('',#9675,#9676,#9677);
#9675 = CARTESIAN_POINT('',(16.,281.,194.));
#9676 = DIRECTION('',(0.,0.,1.));
#9677 = DIRECTION('',(-3.552713678801E-15,1.,0.));
#9678 = ORIENTED_EDGE('',*,*,#9679,.T.);
#9679 = EDGE_CURVE('',#9671,#9578,#9680,.T.);
#9680 = LINE('',#9681,#9682);
#9681 = CARTESIAN_POINT('',(12.,281.,194.));
#9682 = VECTOR('',#9683,1.);
#9683 = DIRECTION('',(0.,-1.,0.));
#9684 = ORIENTED_EDGE('',*,*,#9595,.T.);
#9685 = FACE_BOUND('',#9686,.F.);
#9686 = EDGE_LOOP('',(#9687,#9698,#9706,#9715,#9723,#9732,#9740,#9749));
#9687 = ORIENTED_EDGE('',*,*,#9688,.T.);
#9688 = EDGE_CURVE('',#9689,#9691,#9693,.T.);
#9689 = VERTEX_POINT('',#9690);
#9690 = CARTESIAN_POINT('',(150.,38.,194.));
#9691 = VERTEX_POINT('',#9692);
#9692 = CARTESIAN_POINT('',(144.,32.,194.));
#9693 = CIRCLE('',#9694,6.);
#9694 = AXIS2_PLACEMENT_3D('',#9695,#9696,#9697);
#9695 = CARTESIAN_POINT('',(144.,38.,194.));
#9696 = DIRECTION('',(-0.,-0.,-1.));
#9697 = DIRECTION('',(0.,-1.,0.));
#9698 = ORIENTED_EDGE('',*,*,#9699,.T.);
#9699 = EDGE_CURVE('',#9691,#9700,#9702,.T.);
#9700 = VERTEX_POINT('',#9701);
#9701 = CARTESIAN_POINT('',(36.,32.,194.));
#9702 = LINE('',#9703,#9704);
#9703 = CARTESIAN_POINT('',(63.,32.,194.));
#9704 = VECTOR('',#9705,1.);
#9705 = DIRECTION('',(-1.,0.,0.));
#9706 = ORIENTED_EDGE('',*,*,#9707,.T.);
#9707 = EDGE_CURVE('',#9700,#9708,#9710,.T.);
#9708 = VERTEX_POINT('',#9709);
#9709 = CARTESIAN_POINT('',(30.,38.,194.));
#9710 = CIRCLE('',#9711,6.);
#9711 = AXIS2_PLACEMENT_3D('',#9712,#9713,#9714);
#9712 = CARTESIAN_POINT('',(36.,38.,194.));
#9713 = DIRECTION('',(0.,0.,-1.));
#9714 = DIRECTION('',(-1.,0.,0.));
#9715 = ORIENTED_EDGE('',*,*,#9716,.T.);
#9716 = EDGE_CURVE('',#9708,#9717,#9719,.T.);
#9717 = VERTEX_POINT('',#9718);
#9718 = CARTESIAN_POINT('',(30.,137.,194.));
#9719 = LINE('',#9720,#9721);
#9720 = CARTESIAN_POINT('',(30.,142.75,194.));
#9721 = VECTOR('',#9722,1.);
#9722 = DIRECTION('',(0.,1.,0.));
#9723 = ORIENTED_EDGE('',*,*,#9724,.T.);
#9724 = EDGE_CURVE('',#9717,#9725,#9727,.T.);
#9725 = VERTEX_POINT('',#9726);
#9726 = CARTESIAN_POINT('',(36.,143.,194.));
#9727 = CIRCLE('',#9728,6.);
#9728 = AXIS2_PLACEMENT_3D('',#9729,#9730,#9731);
#9729 = CARTESIAN_POINT('',(36.,137.,194.));
#9730 = DIRECTION('',(0.,0.,-1.));
#9731 = DIRECTION('',(0.,1.,0.));
#9732 = ORIENTED_EDGE('',*,*,#9733,.T.);
#9733 = EDGE_CURVE('',#9725,#9734,#9736,.T.);
#9734 = VERTEX_POINT('',#9735);
#9735 = CARTESIAN_POINT('',(144.,143.,194.));
#9736 = LINE('',#9737,#9738);
#9737 = CARTESIAN_POINT('',(117.,143.,194.));
#9738 = VECTOR('',#9739,1.);
#9739 = DIRECTION('',(1.,0.,0.));
#9740 = ORIENTED_EDGE('',*,*,#9741,.T.);
#9741 = EDGE_CURVE('',#9734,#9742,#9744,.T.);
#9742 = VERTEX_POINT('',#9743);
#9743 = CARTESIAN_POINT('',(150.,137.,194.));
#9744 = CIRCLE('',#9745,6.);
#9745 = AXIS2_PLACEMENT_3D('',#9746,#9747,#9748);
#9746 = CARTESIAN_POINT('',(144.,137.,194.));
#9747 = DIRECTION('',(0.,0.,-1.));
#9748 = DIRECTION('',(1.,0.,0.));
#9749 = ORIENTED_EDGE('',*,*,#9750,.T.);
#9750 = EDGE_CURVE('',#9742,#9689,#9751,.T.);
#9751 = LINE('',#9752,#9753);
#9752 = CARTESIAN_POINT('',(150.,93.25,194.));
#9753 = VECTOR('',#9754,1.);
#9754 = DIRECTION('',(0.,-1.,0.));
#9755 = FACE_BOUND('',#9756,.F.);
#9756 = EDGE_LOOP('',(#9757,#9768,#9776,#9785,#9793,#9802,#9810,#9819));
#9757 = ORIENTED_EDGE('',*,*,#9758,.T.);
#9758 = EDGE_CURVE('',#9759,#9761,#9763,.T.);
#9759 = VERTEX_POINT('',#9760);
#9760 = CARTESIAN_POINT('',(150.,213.,194.));
#9761 = VERTEX_POINT('',#9762);
#9762 = CARTESIAN_POINT('',(144.,207.,194.));
#9763 = CIRCLE('',#9764,6.);
#9764 = AXIS2_PLACEMENT_3D('',#9765,#9766,#9767);
#9765 = CARTESIAN_POINT('',(144.,213.,194.));
#9766 = DIRECTION('',(-0.,-0.,-1.));
#9767 = DIRECTION('',(0.,-1.,0.));
#9768 = ORIENTED_EDGE('',*,*,#9769,.T.);
#9769 = EDGE_CURVE('',#9761,#9770,#9772,.T.);
#9770 = VERTEX_POINT('',#9771);
#9771 = CARTESIAN_POINT('',(36.,207.,194.));
#9772 = LINE('',#9773,#9774);
#9773 = CARTESIAN_POINT('',(63.,207.,194.));
#9774 = VECTOR('',#9775,1.);
#9775 = DIRECTION('',(-1.,0.,0.));
#9776 = ORIENTED_EDGE('',*,*,#9777,.T.);
#9777 = EDGE_CURVE('',#9770,#9778,#9780,.T.);
#9778 = VERTEX_POINT('',#9779);
#9779 = CARTESIAN_POINT('',(30.,213.,194.));
#9780 = CIRCLE('',#9781,6.);
#9781 = AXIS2_PLACEMENT_3D('',#9782,#9783,#9784);
#9782 = CARTESIAN_POINT('',(36.,213.,194.));
#9783 = DIRECTION('',(-0.,0.,-1.));
#9784 = DIRECTION('',(-1.,-5.921189464668E-16,0.));
#9785 = ORIENTED_EDGE('',*,*,#9786,.T.);
#9786 = EDGE_CURVE('',#9778,#9787,#9789,.T.);
#9787 = VERTEX_POINT('',#9788);
#9788 = CARTESIAN_POINT('',(30.,259.,194.));
#9789 = LINE('',#9790,#9791);
#9790 = CARTESIAN_POINT('',(30.,203.75,194.));
#9791 = VECTOR('',#9792,1.);
#9792 = DIRECTION('',(0.,1.,0.));
#9793 = ORIENTED_EDGE('',*,*,#9794,.T.);
#9794 = EDGE_CURVE('',#9787,#9795,#9797,.T.);
#9795 = VERTEX_POINT('',#9796);
#9796 = CARTESIAN_POINT('',(36.,265.,194.));
#9797 = CIRCLE('',#9798,6.);
#9798 = AXIS2_PLACEMENT_3D('',#9799,#9800,#9801);
#9799 = CARTESIAN_POINT('',(36.,259.,194.));
#9800 = DIRECTION('',(0.,0.,-1.));
#9801 = DIRECTION('',(0.,1.,0.));
#9802 = ORIENTED_EDGE('',*,*,#9803,.T.);
#9803 = EDGE_CURVE('',#9795,#9804,#9806,.T.);
#9804 = VERTEX_POINT('',#9805);
#9805 = CARTESIAN_POINT('',(144.,265.,194.));
#9806 = LINE('',#9807,#9808);
#9807 = CARTESIAN_POINT('',(117.,265.,194.));
#9808 = VECTOR('',#9809,1.);
#9809 = DIRECTION('',(1.,0.,0.));
#9810 = ORIENTED_EDGE('',*,*,#9811,.T.);
#9811 = EDGE_CURVE('',#9804,#9812,#9814,.T.);
#9812 = VERTEX_POINT('',#9813);
#9813 = CARTESIAN_POINT('',(150.,259.,194.));
#9814 = CIRCLE('',#9815,6.);
#9815 = AXIS2_PLACEMENT_3D('',#9816,#9817,#9818);
#9816 = CARTESIAN_POINT('',(144.,259.,194.));
#9817 = DIRECTION('',(0.,0.,-1.));
#9818 = DIRECTION('',(1.,5.921189464668E-16,0.));
#9819 = ORIENTED_EDGE('',*,*,#9820,.T.);
#9820 = EDGE_CURVE('',#9812,#9759,#9821,.T.);
#9821 = LINE('',#9822,#9823);
#9822 = CARTESIAN_POINT('',(150.,180.75,194.));
#9823 = VECTOR('',#9824,1.);
#9824 = DIRECTION('',(0.,-1.,0.));
#9825 = PLANE('',#9826);
#9826 = AXIS2_PLACEMENT_3D('',#9827,#9828,#9829);
#9827 = CARTESIAN_POINT('',(90.,148.5,194.));
#9828 = DIRECTION('',(0.,0.,1.));
#9829 = DIRECTION('',(1.,0.,0.));
#9830 = ADVANCED_FACE('',(#9831,#9876,#9946),#10016,.T.);
#9831 = FACE_BOUND('',#9832,.T.);
#9832 = EDGE_LOOP('',(#9833,#9834,#9835,#9843,#9852,#9860,#9869,#9875));
#9833 = ORIENTED_EDGE('',*,*,#9547,.T.);
#9834 = ORIENTED_EDGE('',*,*,#9611,.T.);
#9835 = ORIENTED_EDGE('',*,*,#9836,.T.);
#9836 = EDGE_CURVE('',#9612,#9837,#9839,.T.);
#9837 = VERTEX_POINT('',#9838);
#9838 = CARTESIAN_POINT('',(168.,281.,195.5));
#9839 = LINE('',#9840,#9841);
#9840 = CARTESIAN_POINT('',(168.,16.,195.5));
#9841 = VECTOR('',#9842,1.);
#9842 = DIRECTION('',(0.,1.,0.));
#9843 = ORIENTED_EDGE('',*,*,#9844,.T.);
#9844 = EDGE_CURVE('',#9837,#9845,#9847,.T.);
#9845 = VERTEX_POINT('',#9846);
#9846 = CARTESIAN_POINT('',(164.,285.,195.5));
#9847 = CIRCLE('',#9848,4.);
#9848 = AXIS2_PLACEMENT_3D('',#9849,#9850,#9851);
#9849 = CARTESIAN_POINT('',(164.,281.,195.5));
#9850 = DIRECTION('',(0.,0.,1.));
#9851 = DIRECTION('',(1.,0.,0.));
#9852 = ORIENTED_EDGE('',*,*,#9853,.T.);
#9853 = EDGE_CURVE('',#9845,#9854,#9856,.T.);
#9854 = VERTEX_POINT('',#9855);
#9855 = CARTESIAN_POINT('',(16.,285.,195.5));
#9856 = LINE('',#9857,#9858);
#9857 = CARTESIAN_POINT('',(164.,285.,195.5));
#9858 = VECTOR('',#9859,1.);
#9859 = DIRECTION('',(-1.,0.,0.));
#9860 = ORIENTED_EDGE('',*,*,#9861,.T.);
#9861 = EDGE_CURVE('',#9854,#9862,#9864,.T.);
#9862 = VERTEX_POINT('',#9863);
#9863 = CARTESIAN_POINT('',(12.,281.,195.5));
#9864 = CIRCLE('',#9865,4.);
#9865 = AXIS2_PLACEMENT_3D('',#9866,#9867,#9868);
#9866 = CARTESIAN_POINT('',(16.,281.,195.5));
#9867 = DIRECTION('',(0.,0.,1.));
#9868 = DIRECTION('',(-3.552713678801E-15,1.,0.));
#9869 = ORIENTED_EDGE('',*,*,#9870,.T.);
#9870 = EDGE_CURVE('',#9862,#9580,#9871,.T.);
#9871 = LINE('',#9872,#9873);
#9872 = CARTESIAN_POINT('',(12.,281.,195.5));
#9873 = VECTOR('',#9874,1.);
#9874 = DIRECTION('',(0.,-1.,0.));
#9875 = ORIENTED_EDGE('',*,*,#9587,.T.);
#9876 = FACE_BOUND('',#9877,.T.);
#9877 = EDGE_LOOP('',(#9878,#9889,#9897,#9906,#9914,#9923,#9931,#9940));
#9878 = ORIENTED_EDGE('',*,*,#9879,.T.);
#9879 = EDGE_CURVE('',#9880,#9882,#9884,.T.);
#9880 = VERTEX_POINT('',#9881);
#9881 = CARTESIAN_POINT('',(150.,38.,195.5));
#9882 = VERTEX_POINT('',#9883);
#9883 = CARTESIAN_POINT('',(144.,32.,195.5));
#9884 = CIRCLE('',#9885,6.);
#9885 = AXIS2_PLACEMENT_3D('',#9886,#9887,#9888);
#9886 = CARTESIAN_POINT('',(144.,38.,195.5));
#9887 = DIRECTION('',(-0.,-0.,-1.));
#9888 = DIRECTION('',(0.,-1.,0.));
#9889 = ORIENTED_EDGE('',*,*,#9890,.T.);
#9890 = EDGE_CURVE('',#9882,#9891,#9893,.T.);
#9891 = VERTEX_POINT('',#9892);
#9892 = CARTESIAN_POINT('',(36.,32.,195.5));
#9893 = LINE('',#9894,#9895);
#9894 = CARTESIAN_POINT('',(63.,32.,195.5));
#9895 = VECTOR('',#9896,1.);
#9896 = DIRECTION('',(-1.,0.,0.));
#9897 = ORIENTED_EDGE('',*,*,#9898,.T.);
#9898 = EDGE_CURVE('',#9891,#9899,#9901,.T.);
#9899 = VERTEX_POINT('',#9900);
#9900 = CARTESIAN_POINT('',(30.,38.,195.5));
#9901 = CIRCLE('',#9902,6.);
#9902 = AXIS2_PLACEMENT_3D('',#9903,#9904,#9905);
#9903 = CARTESIAN_POINT('',(36.,38.,195.5));
#9904 = DIRECTION('',(0.,0.,-1.));
#9905 = DIRECTION('',(-1.,0.,0.));
#9906 = ORIENTED_EDGE('',*,*,#9907,.T.);
#9907 = EDGE_CURVE('',#9899,#9908,#9910,.T.);
#9908 = VERTEX_POINT('',#9909);
#9909 = CARTESIAN_POINT('',(30.,137.,195.5));
#9910 = LINE('',#9911,#9912);
#9911 = CARTESIAN_POINT('',(30.,142.75,195.5));
#9912 = VECTOR('',#9913,1.);
#9913 = DIRECTION('',(0.,1.,0.));
#9914 = ORIENTED_EDGE('',*,*,#9915,.T.);
#9915 = EDGE_CURVE('',#9908,#9916,#9918,.T.);
#9916 = VERTEX_POINT('',#9917);
#9917 = CARTESIAN_POINT('',(36.,143.,195.5));
#9918 = CIRCLE('',#9919,6.);
#9919 = AXIS2_PLACEMENT_3D('',#9920,#9921,#9922);
#9920 = CARTESIAN_POINT('',(36.,137.,195.5));
#9921 = DIRECTION('',(0.,0.,-1.));
#9922 = DIRECTION('',(0.,1.,0.));
#9923 = ORIENTED_EDGE('',*,*,#9924,.T.);
#9924 = EDGE_CURVE('',#9916,#9925,#9927,.T.);
#9925 = VERTEX_POINT('',#9926);
#9926 = CARTESIAN_POINT('',(144.,143.,195.5));
#9927 = LINE('',#9928,#9929);
#9928 = CARTESIAN_POINT('',(117.,143.,195.5));
#9929 = VECTOR('',#9930,1.);
#9930 = DIRECTION('',(1.,0.,0.));
#9931 = ORIENTED_EDGE('',*,*,#9932,.T.);
#9932 = EDGE_CURVE('',#9925,#9933,#9935,.T.);
#9933 = VERTEX_POINT('',#9934);
#9934 = CARTESIAN_POINT('',(150.,137.,195.5));
#9935 = CIRCLE('',#9936,6.);
#9936 = AXIS2_PLACEMENT_3D('',#9937,#9938,#9939);
#9937 = CARTESIAN_POINT('',(144.,137.,195.5));
#9938 = DIRECTION('',(0.,0.,-1.));
#9939 = DIRECTION('',(1.,0.,0.));
#9940 = ORIENTED_EDGE('',*,*,#9941,.T.);
#9941 = EDGE_CURVE('',#9933,#9880,#9942,.T.);
#9942 = LINE('',#9943,#9944);
#9943 = CARTESIAN_POINT('',(150.,93.25,195.5));
#9944 = VECTOR('',#9945,1.);
#9945 = DIRECTION('',(0.,-1.,0.));
#9946 = FACE_BOUND('',#9947,.T.);
#9947 = EDGE_LOOP('',(#9948,#9959,#9967,#9976,#9984,#9993,#10001,#10010)
  );
#9948 = ORIENTED_EDGE('',*,*,#9949,.T.);
#9949 = EDGE_CURVE('',#9950,#9952,#9954,.T.);
#9950 = VERTEX_POINT('',#9951);
#9951 = CARTESIAN_POINT('',(150.,213.,195.5));
#9952 = VERTEX_POINT('',#9953);
#9953 = CARTESIAN_POINT('',(144.,207.,195.5));
#9954 = CIRCLE('',#9955,6.);
#9955 = AXIS2_PLACEMENT_3D('',#9956,#9957,#9958);
#9956 = CARTESIAN_POINT('',(144.,213.,195.5));
#9957 = DIRECTION('',(-0.,-0.,-1.));
#9958 = DIRECTION('',(0.,-1.,0.));
#9959 = ORIENTED_EDGE('',*,*,#9960,.T.);
#9960 = EDGE_CURVE('',#9952,#9961,#9963,.T.);
#9961 = VERTEX_POINT('',#9962);
#9962 = CARTESIAN_POINT('',(36.,207.,195.5));
#9963 = LINE('',#9964,#9965);
#9964 = CARTESIAN_POINT('',(63.,207.,195.5));
#9965 = VECTOR('',#9966,1.);
#9966 = DIRECTION('',(-1.,0.,0.));
#9967 = ORIENTED_EDGE('',*,*,#9968,.T.);
#9968 = EDGE_CURVE('',#9961,#9969,#9971,.T.);
#9969 = VERTEX_POINT('',#9970);
#9970 = CARTESIAN_POINT('',(30.,213.,195.5));
#9971 = CIRCLE('',#9972,6.);
#9972 = AXIS2_PLACEMENT_3D('',#9973,#9974,#9975);
#9973 = CARTESIAN_POINT('',(36.,213.,195.5));
#9974 = DIRECTION('',(-0.,0.,-1.));
#9975 = DIRECTION('',(-1.,-5.921189464668E-16,0.));
#9976 = ORIENTED_EDGE('',*,*,#9977,.T.);
#9977 = EDGE_CURVE('',#9969,#9978,#9980,.T.);
#9978 = VERTEX_POINT('',#9979);
#9979 = CARTESIAN_POINT('',(30.,259.,195.5));
#9980 = LINE('',#9981,#9982);
#9981 = CARTESIAN_POINT('',(30.,203.75,195.5));
#9982 = VECTOR('',#9983,1.);
#9983 = DIRECTION('',(0.,1.,0.));
#9984 = ORIENTED_EDGE('',*,*,#9985,.T.);
#9985 = EDGE_CURVE('',#9978,#9986,#9988,.T.);
#9986 = VERTEX_POINT('',#9987);
#9987 = CARTESIAN_POINT('',(36.,265.,195.5));
#9988 = CIRCLE('',#9989,6.);
#9989 = AXIS2_PLACEMENT_3D('',#9990,#9991,#9992);
#9990 = CARTESIAN_POINT('',(36.,259.,195.5));
#9991 = DIRECTION('',(0.,0.,-1.));
#9992 = DIRECTION('',(0.,1.,0.));
#9993 = ORIENTED_EDGE('',*,*,#9994,.T.);
#9994 = EDGE_CURVE('',#9986,#9995,#9997,.T.);
#9995 = VERTEX_POINT('',#9996);
#9996 = CARTESIAN_POINT('',(144.,265.,195.5));
#9997 = LINE('',#9998,#9999);
#9998 = CARTESIAN_POINT('',(117.,265.,195.5));
#9999 = VECTOR('',#10000,1.);
#10000 = DIRECTION('',(1.,0.,0.));
#10001 = ORIENTED_EDGE('',*,*,#10002,.T.);
#10002 = EDGE_CURVE('',#9995,#10003,#10005,.T.);
#10003 = VERTEX_POINT('',#10004);
#10004 = CARTESIAN_POINT('',(150.,259.,195.5));
#10005 = CIRCLE('',#10006,6.);
#10006 = AXIS2_PLACEMENT_3D('',#10007,#10008,#10009);
#10007 = CARTESIAN_POINT('',(144.,259.,195.5));
#10008 = DIRECTION('',(0.,0.,-1.));
#10009 = DIRECTION('',(1.,5.921189464668E-16,0.));
#10010 = ORIENTED_EDGE('',*,*,#10011,.T.);
#10011 = EDGE_CURVE('',#10003,#9950,#10012,.T.);
#10012 = LINE('',#10013,#10014);
#10013 = CARTESIAN_POINT('',(150.,180.75,195.5));
#10014 = VECTOR('',#10015,1.);
#10015 = DIRECTION('',(0.,-1.,0.));
#10016 = PLANE('',#10017);
#10017 = AXIS2_PLACEMENT_3D('',#10018,#10019,#10020);
#10018 = CARTESIAN_POINT('',(90.,148.5,195.5));
#10019 = DIRECTION('',(0.,0.,1.));
#10020 = DIRECTION('',(1.,0.,0.));
#10021 = ADVANCED_FACE('',(#10022),#10033,.F.);
#10022 = FACE_BOUND('',#10023,.F.);
#10023 = EDGE_LOOP('',(#10024,#10030,#10031,#10032));
#10024 = ORIENTED_EDGE('',*,*,#10025,.T.);
#10025 = EDGE_CURVE('',#9671,#9862,#10026,.T.);
#10026 = LINE('',#10027,#10028);
#10027 = CARTESIAN_POINT('',(12.,281.,194.));
#10028 = VECTOR('',#10029,1.);
#10029 = DIRECTION('',(0.,0.,1.));
#10030 = ORIENTED_EDGE('',*,*,#9870,.T.);
#10031 = ORIENTED_EDGE('',*,*,#9577,.F.);
#10032 = ORIENTED_EDGE('',*,*,#9679,.F.);
#10033 = PLANE('',#10034);
#10034 = AXIS2_PLACEMENT_3D('',#10035,#10036,#10037);
#10035 = CARTESIAN_POINT('',(12.,281.,194.));
#10036 = DIRECTION('',(1.,0.,0.));
#10037 = DIRECTION('',(0.,-1.,0.));
#10038 = ADVANCED_FACE('',(#10039),#10050,.F.);
#10039 = FACE_BOUND('',#10040,.F.);
#10040 = EDGE_LOOP('',(#10041,#10042,#10043,#10049));
#10041 = ORIENTED_EDGE('',*,*,#9620,.T.);
#10042 = ORIENTED_EDGE('',*,*,#9836,.T.);
#10043 = ORIENTED_EDGE('',*,*,#10044,.F.);
#10044 = EDGE_CURVE('',#9646,#9837,#10045,.T.);
#10045 = LINE('',#10046,#10047);
#10046 = CARTESIAN_POINT('',(168.,281.,194.));
#10047 = VECTOR('',#10048,1.);
#10048 = DIRECTION('',(0.,0.,1.));
#10049 = ORIENTED_EDGE('',*,*,#9645,.F.);
#10050 = PLANE('',#10051);
#10051 = AXIS2_PLACEMENT_3D('',#10052,#10053,#10054);
#10052 = CARTESIAN_POINT('',(168.,16.,194.));
#10053 = DIRECTION('',(-1.,0.,0.));
#10054 = DIRECTION('',(0.,1.,0.));
#10055 = ADVANCED_FACE('',(#10056),#10067,.T.);
#10056 = FACE_BOUND('',#10057,.F.);
#10057 = EDGE_LOOP('',(#10058,#10064,#10065,#10066));
#10058 = ORIENTED_EDGE('',*,*,#10059,.T.);
#10059 = EDGE_CURVE('',#9663,#9854,#10060,.T.);
#10060 = LINE('',#10061,#10062);
#10061 = CARTESIAN_POINT('',(16.,285.,194.));
#10062 = VECTOR('',#10063,1.);
#10063 = DIRECTION('',(0.,0.,1.));
#10064 = ORIENTED_EDGE('',*,*,#9861,.T.);
#10065 = ORIENTED_EDGE('',*,*,#10025,.F.);
#10066 = ORIENTED_EDGE('',*,*,#9670,.F.);
#10067 = CYLINDRICAL_SURFACE('',#10068,4.);
#10068 = AXIS2_PLACEMENT_3D('',#10069,#10070,#10071);
#10069 = CARTESIAN_POINT('',(16.,281.,194.));
#10070 = DIRECTION('',(-0.,-0.,-1.));
#10071 = DIRECTION('',(-3.552713678801E-15,1.,0.));
#10072 = ADVANCED_FACE('',(#10073),#10084,.T.);
#10073 = FACE_BOUND('',#10074,.F.);
#10074 = EDGE_LOOP('',(#10075,#10076,#10077,#10083));
#10075 = ORIENTED_EDGE('',*,*,#10044,.T.);
#10076 = ORIENTED_EDGE('',*,*,#9844,.T.);
#10077 = ORIENTED_EDGE('',*,*,#10078,.F.);
#10078 = EDGE_CURVE('',#9654,#9845,#10079,.T.);
#10079 = LINE('',#10080,#10081);
#10080 = CARTESIAN_POINT('',(164.,285.,194.));
#10081 = VECTOR('',#10082,1.);
#10082 = DIRECTION('',(0.,0.,1.));
#10083 = ORIENTED_EDGE('',*,*,#9653,.F.);
#10084 = CYLINDRICAL_SURFACE('',#10085,4.);
#10085 = AXIS2_PLACEMENT_3D('',#10086,#10087,#10088);
#10086 = CARTESIAN_POINT('',(164.,281.,194.));
#10087 = DIRECTION('',(-0.,-0.,-1.));
#10088 = DIRECTION('',(1.,0.,0.));
#10089 = ADVANCED_FACE('',(#10090),#10096,.F.);
#10090 = FACE_BOUND('',#10091,.F.);
#10091 = EDGE_LOOP('',(#10092,#10093,#10094,#10095));
#10092 = ORIENTED_EDGE('',*,*,#10078,.T.);
#10093 = ORIENTED_EDGE('',*,*,#9853,.T.);
#10094 = ORIENTED_EDGE('',*,*,#10059,.F.);
#10095 = ORIENTED_EDGE('',*,*,#9662,.F.);
#10096 = PLANE('',#10097);
#10097 = AXIS2_PLACEMENT_3D('',#10098,#10099,#10100);
#10098 = CARTESIAN_POINT('',(164.,285.,194.));
#10099 = DIRECTION('',(0.,-1.,0.));
#10100 = DIRECTION('',(-1.,0.,0.));
#10101 = ADVANCED_FACE('',(#10102),#10118,.F.);
#10102 = FACE_BOUND('',#10103,.T.);
#10103 = EDGE_LOOP('',(#10104,#10105,#10111,#10112));
#10104 = ORIENTED_EDGE('',*,*,#9688,.T.);
#10105 = ORIENTED_EDGE('',*,*,#10106,.T.);
#10106 = EDGE_CURVE('',#9691,#9882,#10107,.T.);
#10107 = LINE('',#10108,#10109);
#10108 = CARTESIAN_POINT('',(144.,32.,193.5));
#10109 = VECTOR('',#10110,1.);
#10110 = DIRECTION('',(0.,0.,1.));
#10111 = ORIENTED_EDGE('',*,*,#9879,.F.);
#10112 = ORIENTED_EDGE('',*,*,#10113,.F.);
#10113 = EDGE_CURVE('',#9689,#9880,#10114,.T.);
#10114 = LINE('',#10115,#10116);
#10115 = CARTESIAN_POINT('',(150.,38.,193.5));
#10116 = VECTOR('',#10117,1.);
#10117 = DIRECTION('',(0.,0.,1.));
#10118 = CYLINDRICAL_SURFACE('',#10119,6.);
#10119 = AXIS2_PLACEMENT_3D('',#10120,#10121,#10122);
#10120 = CARTESIAN_POINT('',(144.,38.,193.5));
#10121 = DIRECTION('',(-0.,-0.,-1.));
#10122 = DIRECTION('',(0.,-1.,0.));
#10123 = ADVANCED_FACE('',(#10124),#10135,.T.);
#10124 = FACE_BOUND('',#10125,.T.);
#10125 = EDGE_LOOP('',(#10126,#10127,#10128,#10129));
#10126 = ORIENTED_EDGE('',*,*,#9750,.T.);
#10127 = ORIENTED_EDGE('',*,*,#10113,.T.);
#10128 = ORIENTED_EDGE('',*,*,#9941,.F.);
#10129 = ORIENTED_EDGE('',*,*,#10130,.F.);
#10130 = EDGE_CURVE('',#9742,#9933,#10131,.T.);
#10131 = LINE('',#10132,#10133);
#10132 = CARTESIAN_POINT('',(150.,137.,193.5));
#10133 = VECTOR('',#10134,1.);
#10134 = DIRECTION('',(0.,0.,1.));
#10135 = PLANE('',#10136);
#10136 = AXIS2_PLACEMENT_3D('',#10137,#10138,#10139);
#10137 = CARTESIAN_POINT('',(150.,38.,193.5));
#10138 = DIRECTION('',(-1.,0.,0.));
#10139 = DIRECTION('',(0.,1.,0.));
#10140 = ADVANCED_FACE('',(#10141),#10152,.F.);
#10141 = FACE_BOUND('',#10142,.T.);
#10142 = EDGE_LOOP('',(#10143,#10144,#10145,#10146));
#10143 = ORIENTED_EDGE('',*,*,#9741,.T.);
#10144 = ORIENTED_EDGE('',*,*,#10130,.T.);
#10145 = ORIENTED_EDGE('',*,*,#9932,.F.);
#10146 = ORIENTED_EDGE('',*,*,#10147,.F.);
#10147 = EDGE_CURVE('',#9734,#9925,#10148,.T.);
#10148 = LINE('',#10149,#10150);
#10149 = CARTESIAN_POINT('',(144.,143.,193.5));
#10150 = VECTOR('',#10151,1.);
#10151 = DIRECTION('',(0.,0.,1.));
#10152 = CYLINDRICAL_SURFACE('',#10153,6.);
#10153 = AXIS2_PLACEMENT_3D('',#10154,#10155,#10156);
#10154 = CARTESIAN_POINT('',(144.,137.,193.5));
#10155 = DIRECTION('',(-0.,-0.,-1.));
#10156 = DIRECTION('',(1.,0.,0.));
#10157 = ADVANCED_FACE('',(#10158),#10169,.T.);
#10158 = FACE_BOUND('',#10159,.T.);
#10159 = EDGE_LOOP('',(#10160,#10161,#10162,#10163));
#10160 = ORIENTED_EDGE('',*,*,#9733,.T.);
#10161 = ORIENTED_EDGE('',*,*,#10147,.T.);
#10162 = ORIENTED_EDGE('',*,*,#9924,.F.);
#10163 = ORIENTED_EDGE('',*,*,#10164,.F.);
#10164 = EDGE_CURVE('',#9725,#9916,#10165,.T.);
#10165 = LINE('',#10166,#10167);
#10166 = CARTESIAN_POINT('',(36.,143.,193.5));
#10167 = VECTOR('',#10168,1.);
#10168 = DIRECTION('',(0.,0.,1.));
#10169 = PLANE('',#10170);
#10170 = AXIS2_PLACEMENT_3D('',#10171,#10172,#10173);
#10171 = CARTESIAN_POINT('',(144.,143.,193.5));
#10172 = DIRECTION('',(0.,-1.,0.));
#10173 = DIRECTION('',(-1.,0.,0.));
#10174 = ADVANCED_FACE('',(#10175),#10186,.F.);
#10175 = FACE_BOUND('',#10176,.T.);
#10176 = EDGE_LOOP('',(#10177,#10178,#10179,#10180));
#10177 = ORIENTED_EDGE('',*,*,#9724,.T.);
#10178 = ORIENTED_EDGE('',*,*,#10164,.T.);
#10179 = ORIENTED_EDGE('',*,*,#9915,.F.);
#10180 = ORIENTED_EDGE('',*,*,#10181,.F.);
#10181 = EDGE_CURVE('',#9717,#9908,#10182,.T.);
#10182 = LINE('',#10183,#10184);
#10183 = CARTESIAN_POINT('',(30.,137.,193.5));
#10184 = VECTOR('',#10185,1.);
#10185 = DIRECTION('',(0.,0.,1.));
#10186 = CYLINDRICAL_SURFACE('',#10187,6.);
#10187 = AXIS2_PLACEMENT_3D('',#10188,#10189,#10190);
#10188 = CARTESIAN_POINT('',(36.,137.,193.5));
#10189 = DIRECTION('',(0.,0.,-1.));
#10190 = DIRECTION('',(0.,1.,0.));
#10191 = ADVANCED_FACE('',(#10192),#10203,.T.);
#10192 = FACE_BOUND('',#10193,.T.);
#10193 = EDGE_LOOP('',(#10194,#10195,#10196,#10197));
#10194 = ORIENTED_EDGE('',*,*,#9716,.T.);
#10195 = ORIENTED_EDGE('',*,*,#10181,.T.);
#10196 = ORIENTED_EDGE('',*,*,#9907,.F.);
#10197 = ORIENTED_EDGE('',*,*,#10198,.F.);
#10198 = EDGE_CURVE('',#9708,#9899,#10199,.T.);
#10199 = LINE('',#10200,#10201);
#10200 = CARTESIAN_POINT('',(30.,38.,193.5));
#10201 = VECTOR('',#10202,1.);
#10202 = DIRECTION('',(0.,0.,1.));
#10203 = PLANE('',#10204);
#10204 = AXIS2_PLACEMENT_3D('',#10205,#10206,#10207);
#10205 = CARTESIAN_POINT('',(30.,137.,193.5));
#10206 = DIRECTION('',(1.,0.,0.));
#10207 = DIRECTION('',(0.,-1.,0.));
#10208 = ADVANCED_FACE('',(#10209),#10220,.F.);
#10209 = FACE_BOUND('',#10210,.T.);
#10210 = EDGE_LOOP('',(#10211,#10212,#10213,#10214));
#10211 = ORIENTED_EDGE('',*,*,#9707,.T.);
#10212 = ORIENTED_EDGE('',*,*,#10198,.T.);
#10213 = ORIENTED_EDGE('',*,*,#9898,.F.);
#10214 = ORIENTED_EDGE('',*,*,#10215,.F.);
#10215 = EDGE_CURVE('',#9700,#9891,#10216,.T.);
#10216 = LINE('',#10217,#10218);
#10217 = CARTESIAN_POINT('',(36.,32.,193.5));
#10218 = VECTOR('',#10219,1.);
#10219 = DIRECTION('',(0.,0.,1.));
#10220 = CYLINDRICAL_SURFACE('',#10221,6.);
#10221 = AXIS2_PLACEMENT_3D('',#10222,#10223,#10224);
#10222 = CARTESIAN_POINT('',(36.,38.,193.5));
#10223 = DIRECTION('',(-0.,-0.,-1.));
#10224 = DIRECTION('',(-1.,0.,0.));
#10225 = ADVANCED_FACE('',(#10226),#10232,.T.);
#10226 = FACE_BOUND('',#10227,.T.);
#10227 = EDGE_LOOP('',(#10228,#10229,#10230,#10231));
#10228 = ORIENTED_EDGE('',*,*,#9699,.T.);
#10229 = ORIENTED_EDGE('',*,*,#10215,.T.);
#10230 = ORIENTED_EDGE('',*,*,#9890,.F.);
#10231 = ORIENTED_EDGE('',*,*,#10106,.F.);
#10232 = PLANE('',#10233);
#10233 = AXIS2_PLACEMENT_3D('',#10234,#10235,#10236);
#10234 = CARTESIAN_POINT('',(36.,32.,193.5));
#10235 = DIRECTION('',(0.,1.,0.));
#10236 = DIRECTION('',(1.,0.,0.));
#10237 = ADVANCED_FACE('',(#10238),#10254,.F.);
#10238 = FACE_BOUND('',#10239,.T.);
#10239 = EDGE_LOOP('',(#10240,#10241,#10247,#10248));
#10240 = ORIENTED_EDGE('',*,*,#9758,.T.);
#10241 = ORIENTED_EDGE('',*,*,#10242,.T.);
#10242 = EDGE_CURVE('',#9761,#9952,#10243,.T.);
#10243 = LINE('',#10244,#10245);
#10244 = CARTESIAN_POINT('',(144.,207.,193.5));
#10245 = VECTOR('',#10246,1.);
#10246 = DIRECTION('',(0.,0.,1.));
#10247 = ORIENTED_EDGE('',*,*,#9949,.F.);
#10248 = ORIENTED_EDGE('',*,*,#10249,.F.);
#10249 = EDGE_CURVE('',#9759,#9950,#10250,.T.);
#10250 = LINE('',#10251,#10252);
#10251 = CARTESIAN_POINT('',(150.,213.,193.5));
#10252 = VECTOR('',#10253,1.);
#10253 = DIRECTION('',(0.,0.,1.));
#10254 = CYLINDRICAL_SURFACE('',#10255,6.);
#10255 = AXIS2_PLACEMENT_3D('',#10256,#10257,#10258);
#10256 = CARTESIAN_POINT('',(144.,213.,193.5));
#10257 = DIRECTION('',(-0.,-0.,-1.));
#10258 = DIRECTION('',(0.,-1.,0.));
#10259 = ADVANCED_FACE('',(#10260),#10271,.T.);
#10260 = FACE_BOUND('',#10261,.T.);
#10261 = EDGE_LOOP('',(#10262,#10263,#10264,#10265));
#10262 = ORIENTED_EDGE('',*,*,#9820,.T.);
#10263 = ORIENTED_EDGE('',*,*,#10249,.T.);
#10264 = ORIENTED_EDGE('',*,*,#10011,.F.);
#10265 = ORIENTED_EDGE('',*,*,#10266,.F.);
#10266 = EDGE_CURVE('',#9812,#10003,#10267,.T.);
#10267 = LINE('',#10268,#10269);
#10268 = CARTESIAN_POINT('',(150.,259.,193.5));
#10269 = VECTOR('',#10270,1.);
#10270 = DIRECTION('',(0.,0.,1.));
#10271 = PLANE('',#10272);
#10272 = AXIS2_PLACEMENT_3D('',#10273,#10274,#10275);
#10273 = CARTESIAN_POINT('',(150.,213.,193.5));
#10274 = DIRECTION('',(-1.,0.,0.));
#10275 = DIRECTION('',(0.,1.,0.));
#10276 = ADVANCED_FACE('',(#10277),#10288,.T.);
#10277 = FACE_BOUND('',#10278,.T.);
#10278 = EDGE_LOOP('',(#10279,#10280,#10286,#10287));
#10279 = ORIENTED_EDGE('',*,*,#9769,.T.);
#10280 = ORIENTED_EDGE('',*,*,#10281,.T.);
#10281 = EDGE_CURVE('',#9770,#9961,#10282,.T.);
#10282 = LINE('',#10283,#10284);
#10283 = CARTESIAN_POINT('',(36.,207.,193.5));
#10284 = VECTOR('',#10285,1.);
#10285 = DIRECTION('',(0.,0.,1.));
#10286 = ORIENTED_EDGE('',*,*,#9960,.F.);
#10287 = ORIENTED_EDGE('',*,*,#10242,.F.);
#10288 = PLANE('',#10289);
#10289 = AXIS2_PLACEMENT_3D('',#10290,#10291,#10292);
#10290 = CARTESIAN_POINT('',(36.,207.,193.5));
#10291 = DIRECTION('',(0.,1.,0.));
#10292 = DIRECTION('',(1.,0.,0.));
#10293 = ADVANCED_FACE('',(#10294),#10305,.F.);
#10294 = FACE_BOUND('',#10295,.T.);
#10295 = EDGE_LOOP('',(#10296,#10297,#10298,#10299));
#10296 = ORIENTED_EDGE('',*,*,#9811,.T.);
#10297 = ORIENTED_EDGE('',*,*,#10266,.T.);
#10298 = ORIENTED_EDGE('',*,*,#10002,.F.);
#10299 = ORIENTED_EDGE('',*,*,#10300,.F.);
#10300 = EDGE_CURVE('',#9804,#9995,#10301,.T.);
#10301 = LINE('',#10302,#10303);
#10302 = CARTESIAN_POINT('',(144.,265.,193.5));
#10303 = VECTOR('',#10304,1.);
#10304 = DIRECTION('',(0.,0.,1.));
#10305 = CYLINDRICAL_SURFACE('',#10306,6.);
#10306 = AXIS2_PLACEMENT_3D('',#10307,#10308,#10309);
#10307 = CARTESIAN_POINT('',(144.,259.,193.5));
#10308 = DIRECTION('',(-0.,-0.,-1.));
#10309 = DIRECTION('',(1.,5.921189464668E-16,0.));
#10310 = ADVANCED_FACE('',(#10311),#10322,.F.);
#10311 = FACE_BOUND('',#10312,.T.);
#10312 = EDGE_LOOP('',(#10313,#10314,#10320,#10321));
#10313 = ORIENTED_EDGE('',*,*,#9777,.T.);
#10314 = ORIENTED_EDGE('',*,*,#10315,.T.);
#10315 = EDGE_CURVE('',#9778,#9969,#10316,.T.);
#10316 = LINE('',#10317,#10318);
#10317 = CARTESIAN_POINT('',(30.,213.,193.5));
#10318 = VECTOR('',#10319,1.);
#10319 = DIRECTION('',(0.,0.,1.));
#10320 = ORIENTED_EDGE('',*,*,#9968,.F.);
#10321 = ORIENTED_EDGE('',*,*,#10281,.F.);
#10322 = CYLINDRICAL_SURFACE('',#10323,6.);
#10323 = AXIS2_PLACEMENT_3D('',#10324,#10325,#10326);
#10324 = CARTESIAN_POINT('',(36.,213.,193.5));
#10325 = DIRECTION('',(-0.,-0.,-1.));
#10326 = DIRECTION('',(-1.,-5.921189464668E-16,0.));
#10327 = ADVANCED_FACE('',(#10328),#10339,.T.);
#10328 = FACE_BOUND('',#10329,.T.);
#10329 = EDGE_LOOP('',(#10330,#10331,#10332,#10333));
#10330 = ORIENTED_EDGE('',*,*,#9803,.T.);
#10331 = ORIENTED_EDGE('',*,*,#10300,.T.);
#10332 = ORIENTED_EDGE('',*,*,#9994,.F.);
#10333 = ORIENTED_EDGE('',*,*,#10334,.F.);
#10334 = EDGE_CURVE('',#9795,#9986,#10335,.T.);
#10335 = LINE('',#10336,#10337);
#10336 = CARTESIAN_POINT('',(36.,265.,193.5));
#10337 = VECTOR('',#10338,1.);
#10338 = DIRECTION('',(0.,0.,1.));
#10339 = PLANE('',#10340);
#10340 = AXIS2_PLACEMENT_3D('',#10341,#10342,#10343);
#10341 = CARTESIAN_POINT('',(144.,265.,193.5));
#10342 = DIRECTION('',(0.,-1.,0.));
#10343 = DIRECTION('',(-1.,0.,0.));
#10344 = ADVANCED_FACE('',(#10345),#10356,.T.);
#10345 = FACE_BOUND('',#10346,.T.);
#10346 = EDGE_LOOP('',(#10347,#10348,#10354,#10355));
#10347 = ORIENTED_EDGE('',*,*,#9786,.T.);
#10348 = ORIENTED_EDGE('',*,*,#10349,.T.);
#10349 = EDGE_CURVE('',#9787,#9978,#10350,.T.);
#10350 = LINE('',#10351,#10352);
#10351 = CARTESIAN_POINT('',(30.,259.,193.5));
#10352 = VECTOR('',#10353,1.);
#10353 = DIRECTION('',(0.,0.,1.));
#10354 = ORIENTED_EDGE('',*,*,#9977,.F.);
#10355 = ORIENTED_EDGE('',*,*,#10315,.F.);
#10356 = PLANE('',#10357);
#10357 = AXIS2_PLACEMENT_3D('',#10358,#10359,#10360);
#10358 = CARTESIAN_POINT('',(30.,259.,193.5));
#10359 = DIRECTION('',(1.,0.,0.));
#10360 = DIRECTION('',(0.,-1.,0.));
#10361 = ADVANCED_FACE('',(#10362),#10368,.F.);
#10362 = FACE_BOUND('',#10363,.T.);
#10363 = EDGE_LOOP('',(#10364,#10365,#10366,#10367));
#10364 = ORIENTED_EDGE('',*,*,#9794,.T.);
#10365 = ORIENTED_EDGE('',*,*,#10334,.T.);
#10366 = ORIENTED_EDGE('',*,*,#9985,.F.);
#10367 = ORIENTED_EDGE('',*,*,#10349,.F.);
#10368 = CYLINDRICAL_SURFACE('',#10369,6.);
#10369 = AXIS2_PLACEMENT_3D('',#10370,#10371,#10372);
#10370 = CARTESIAN_POINT('',(36.,259.,193.5));
#10371 = DIRECTION('',(0.,0.,-1.));
#10372 = DIRECTION('',(0.,1.,0.));
#10373 = ( GEOMETRIC_REPRESENTATION_CONTEXT(3) 
GLOBAL_UNCERTAINTY_ASSIGNED_CONTEXT((#10377)) 
GLOBAL_UNIT_ASSIGNED_CONTEXT((#10374,#10375,#10376)) 
REPRESENTATION_CONTEXT('Context #1',
  '3D Context with UNIT and UNCERTAINTY') );
#10374 = ( LENGTH_UNIT() NAMED_UNIT(*) SI_UNIT(.MILLI.,.METRE.) );
#10375 = ( NAMED_UNIT(*) PLANE_ANGLE_UNIT() SI_UNIT($,.RADIAN.) );
#10376 = ( NAMED_UNIT(*) SI_UNIT($,.STERADIAN.) SOLID_ANGLE_UNIT() );
#10377 = UNCERTAINTY_MEASURE_WITH_UNIT(LENGTH_MEASURE(1.E-07),#10374,
  'distance_accuracy_value','confusion accuracy');
#10378 = PRODUCT_RELATED_PRODUCT_CATEGORY('part',$,(#7));
ENDSEC;
END-ISO-10303-21;
