ISO-10303-21;
HEADER;
FILE_DESCRIPTION(('FreeCAD Model'),'2;1');
FILE_NAME('Open CASCADE Shape Model','2026-08-29T10:17:00',('FreeCAD'),(
    'FreeCAD'),'Open CASCADE STEP processor 7.8','FreeCAD','Unknown');
FILE_SCHEMA(('AUTOMOTIVE_DESIGN { 1 0 10303 214 1 1 1 1 }'));
ENDSEC;
DATA;
#1 = APPLICATION_PROTOCOL_DEFINITION('international standard',
  'automotive_design',2000,#2);
#2 = APPLICATION_CONTEXT(
  'core data for automotive mechanical design processes');
#3 = SHAPE_DEFINITION_REPRESENTATION(#4,#10);
#4 = PRODUCT_DEFINITION_SHAPE('','',#5);
#5 = PRODUCT_DEFINITION('design','',#6,#9);
#6 = PRODUCT_DEFINITION_FORMATION('','',#7);
#7 = PRODUCT('Open CASCADE STEP translator 7.8 1',
  'Open CASCADE STEP translator 7.8 1','',(#8));
#8 = PRODUCT_CONTEXT('',#2,'mechanical');
#9 = PRODUCT_DEFINITION_CONTEXT('part definition',#2,'design');
#10 = SHAPE_REPRESENTATION('',(#11,#15,#231,#447,#805,#1163,#2428,#3693,
    #4119,#5653,#6400,#7242,#7516,#8062,#8608),#9450);
#11 = AXIS2_PLACEMENT_3D('',#12,#13,#14);
#12 = CARTESIAN_POINT('',(0.,0.,0.));
#13 = DIRECTION('',(0.,0.,1.));
#14 = DIRECTION('',(1.,0.,-0.));
#15 = MANIFOLD_SOLID_BREP('',#16);
#16 = CLOSED_SHELL('',(#17,#73,#104,#128,#152,#176,#200,#217));
#17 = ADVANCED_FACE('',(#18),#68,.F.);
#18 = FACE_BOUND('',#19,.F.);
#19 = EDGE_LOOP('',(#20,#30,#38,#46,#54,#62));
#20 = ORIENTED_EDGE('',*,*,#21,.F.);
#21 = EDGE_CURVE('',#22,#24,#26,.T.);
#22 = VERTEX_POINT('',#23);
#23 = CARTESIAN_POINT('',(0.,218.,190.));
#24 = VERTEX_POINT('',#25);
#25 = CARTESIAN_POINT('',(0.,225.75735931288,190.));
#26 = LINE('',#27,#28);
#27 = CARTESIAN_POINT('',(0.,218.,190.));
#28 = VECTOR('',#29,1.);
#29 = DIRECTION('',(0.,1.,0.));
#30 = ORIENTED_EDGE('',*,*,#31,.F.);
#31 = EDGE_CURVE('',#32,#22,#34,.T.);
#32 = VERTEX_POINT('',#33);
#33 = CARTESIAN_POINT('',(0.,218.,0.));
#34 = LINE('',#35,#36);
#35 = CARTESIAN_POINT('',(0.,218.,0.));
#36 = VECTOR('',#37,1.);
#37 = DIRECTION('',(0.,0.,1.));
#38 = ORIENTED_EDGE('',*,*,#39,.T.);
#39 = EDGE_CURVE('',#32,#40,#42,.T.);
#40 = VERTEX_POINT('',#41);
#41 = CARTESIAN_POINT('',(0.,225.75735931288,0.));
#42 = LINE('',#43,#44);
#43 = CARTESIAN_POINT('',(0.,218.,0.));
#44 = VECTOR('',#45,1.);
#45 = DIRECTION('',(0.,1.,0.));
#46 = ORIENTED_EDGE('',*,*,#47,.T.);
#47 = EDGE_CURVE('',#40,#48,#50,.T.);
#48 = VERTEX_POINT('',#49);
#49 = CARTESIAN_POINT('',(0.,230.,4.242640687119));
#50 = LINE('',#51,#52);
#51 = CARTESIAN_POINT('',(4.440892098501E-16,222.40380592228,
    -3.353553390593));
#52 = VECTOR('',#53,1.);
#53 = DIRECTION('',(0.,0.707106781187,0.707106781187));
#54 = ORIENTED_EDGE('',*,*,#55,.T.);
#55 = EDGE_CURVE('',#48,#56,#58,.T.);
#56 = VERTEX_POINT('',#57);
#57 = CARTESIAN_POINT('',(0.,230.,185.75735931288));
#58 = LINE('',#59,#60);
#59 = CARTESIAN_POINT('',(0.,230.,0.));
#60 = VECTOR('',#61,1.);
#61 = DIRECTION('',(0.,0.,1.));
#62 = ORIENTED_EDGE('',*,*,#63,.T.);
#63 = EDGE_CURVE('',#56,#24,#64,.T.);
#64 = LINE('',#65,#66);
#65 = CARTESIAN_POINT('',(4.440892098501E-16,273.43933982822,
    142.31801948466));
#66 = VECTOR('',#67,1.);
#67 = DIRECTION('',(0.,-0.707106781187,0.707106781187));
#68 = PLANE('',#69);
#69 = AXIS2_PLACEMENT_3D('',#70,#71,#72);
#70 = CARTESIAN_POINT('',(0.,218.,0.));
#71 = DIRECTION('',(1.,0.,0.));
#72 = DIRECTION('',(0.,0.,1.));
#73 = ADVANCED_FACE('',(#74),#99,.T.);
#74 = FACE_BOUND('',#75,.T.);
#75 = EDGE_LOOP('',(#76,#77,#85,#93));
#76 = ORIENTED_EDGE('',*,*,#21,.F.);
#77 = ORIENTED_EDGE('',*,*,#78,.T.);
#78 = EDGE_CURVE('',#22,#79,#81,.T.);
#79 = VERTEX_POINT('',#80);
#80 = CARTESIAN_POINT('',(136.,218.,190.));
#81 = LINE('',#82,#83);
#82 = CARTESIAN_POINT('',(0.,218.,190.));
#83 = VECTOR('',#84,1.);
#84 = DIRECTION('',(1.,0.,0.));
#85 = ORIENTED_EDGE('',*,*,#86,.T.);
#86 = EDGE_CURVE('',#79,#87,#89,.T.);
#87 = VERTEX_POINT('',#88);
#88 = CARTESIAN_POINT('',(136.,225.75735931288,190.));
#89 = LINE('',#90,#91);
#90 = CARTESIAN_POINT('',(136.,218.,190.));
#91 = VECTOR('',#92,1.);
#92 = DIRECTION('',(0.,1.,0.));
#93 = ORIENTED_EDGE('',*,*,#94,.T.);
#94 = EDGE_CURVE('',#87,#24,#95,.T.);
#95 = LINE('',#96,#97);
#96 = CARTESIAN_POINT('',(-2.5,225.75735931288,190.));
#97 = VECTOR('',#98,1.);
#98 = DIRECTION('',(-1.,0.,0.));
#99 = PLANE('',#100);
#100 = AXIS2_PLACEMENT_3D('',#101,#102,#103);
#101 = CARTESIAN_POINT('',(0.,218.,190.));
#102 = DIRECTION('',(0.,0.,1.));
#103 = DIRECTION('',(1.,0.,0.));
#104 = ADVANCED_FACE('',(#105),#123,.T.);
#105 = FACE_BOUND('',#106,.T.);
#106 = EDGE_LOOP('',(#107,#115,#116,#117));
#107 = ORIENTED_EDGE('',*,*,#108,.F.);
#108 = EDGE_CURVE('',#56,#109,#111,.T.);
#109 = VERTEX_POINT('',#110);
#110 = CARTESIAN_POINT('',(136.,230.,185.75735931288));
#111 = LINE('',#112,#113);
#112 = CARTESIAN_POINT('',(-5.,230.,185.75735931288));
#113 = VECTOR('',#114,1.);
#114 = DIRECTION('',(1.,0.,0.));
#115 = ORIENTED_EDGE('',*,*,#63,.T.);
#116 = ORIENTED_EDGE('',*,*,#94,.F.);
#117 = ORIENTED_EDGE('',*,*,#118,.F.);
#118 = EDGE_CURVE('',#109,#87,#119,.T.);
#119 = LINE('',#120,#121);
#120 = CARTESIAN_POINT('',(136.,273.43933982822,142.31801948466));
#121 = VECTOR('',#122,1.);
#122 = DIRECTION('',(0.,-0.707106781187,0.707106781187));
#123 = PLANE('',#124);
#124 = AXIS2_PLACEMENT_3D('',#125,#126,#127);
#125 = CARTESIAN_POINT('',(-5.,230.,185.75735931288));
#126 = DIRECTION('',(0.,0.707106781187,0.707106781187));
#127 = DIRECTION('',(0.,-0.707106781187,0.707106781187));
#128 = ADVANCED_FACE('',(#129),#147,.T.);
#129 = FACE_BOUND('',#130,.T.);
#130 = EDGE_LOOP('',(#131,#139,#145,#146));
#131 = ORIENTED_EDGE('',*,*,#132,.F.);
#132 = EDGE_CURVE('',#133,#109,#135,.T.);
#133 = VERTEX_POINT('',#134);
#134 = CARTESIAN_POINT('',(136.,230.,4.242640687119));
#135 = LINE('',#136,#137);
#136 = CARTESIAN_POINT('',(136.,230.,0.));
#137 = VECTOR('',#138,1.);
#138 = DIRECTION('',(0.,0.,1.));
#139 = ORIENTED_EDGE('',*,*,#140,.F.);
#140 = EDGE_CURVE('',#48,#133,#141,.T.);
#141 = LINE('',#142,#143);
#142 = CARTESIAN_POINT('',(-5.,230.,4.242640687119));
#143 = VECTOR('',#144,1.);
#144 = DIRECTION('',(1.,0.,0.));
#145 = ORIENTED_EDGE('',*,*,#55,.T.);
#146 = ORIENTED_EDGE('',*,*,#108,.T.);
#147 = PLANE('',#148);
#148 = AXIS2_PLACEMENT_3D('',#149,#150,#151);
#149 = CARTESIAN_POINT('',(0.,230.,0.));
#150 = DIRECTION('',(0.,1.,0.));
#151 = DIRECTION('',(0.,0.,1.));
#152 = ADVANCED_FACE('',(#153),#171,.T.);
#153 = FACE_BOUND('',#154,.T.);
#154 = EDGE_LOOP('',(#155,#156,#164,#170));
#155 = ORIENTED_EDGE('',*,*,#140,.T.);
#156 = ORIENTED_EDGE('',*,*,#157,.F.);
#157 = EDGE_CURVE('',#158,#133,#160,.T.);
#158 = VERTEX_POINT('',#159);
#159 = CARTESIAN_POINT('',(136.,225.75735931288,0.));
#160 = LINE('',#161,#162);
#161 = CARTESIAN_POINT('',(136.,222.40380592228,-3.353553390593));
#162 = VECTOR('',#163,1.);
#163 = DIRECTION('',(0.,0.707106781187,0.707106781187));
#164 = ORIENTED_EDGE('',*,*,#165,.T.);
#165 = EDGE_CURVE('',#158,#40,#166,.T.);
#166 = LINE('',#167,#168);
#167 = CARTESIAN_POINT('',(-2.5,225.75735931288,4.440892098501E-16));
#168 = VECTOR('',#169,1.);
#169 = DIRECTION('',(-1.,0.,0.));
#170 = ORIENTED_EDGE('',*,*,#47,.T.);
#171 = PLANE('',#172);
#172 = AXIS2_PLACEMENT_3D('',#173,#174,#175);
#173 = CARTESIAN_POINT('',(-5.,222.92893218813,-2.828427124746));
#174 = DIRECTION('',(0.,0.707106781187,-0.707106781187));
#175 = DIRECTION('',(0.,0.707106781187,0.707106781187));
#176 = ADVANCED_FACE('',(#177),#195,.F.);
#177 = FACE_BOUND('',#178,.F.);
#178 = EDGE_LOOP('',(#179,#180,#188,#194));
#179 = ORIENTED_EDGE('',*,*,#39,.F.);
#180 = ORIENTED_EDGE('',*,*,#181,.T.);
#181 = EDGE_CURVE('',#32,#182,#184,.T.);
#182 = VERTEX_POINT('',#183);
#183 = CARTESIAN_POINT('',(136.,218.,0.));
#184 = LINE('',#185,#186);
#185 = CARTESIAN_POINT('',(0.,218.,0.));
#186 = VECTOR('',#187,1.);
#187 = DIRECTION('',(1.,0.,0.));
#188 = ORIENTED_EDGE('',*,*,#189,.T.);
#189 = EDGE_CURVE('',#182,#158,#190,.T.);
#190 = LINE('',#191,#192);
#191 = CARTESIAN_POINT('',(136.,218.,0.));
#192 = VECTOR('',#193,1.);
#193 = DIRECTION('',(0.,1.,0.));
#194 = ORIENTED_EDGE('',*,*,#165,.T.);
#195 = PLANE('',#196);
#196 = AXIS2_PLACEMENT_3D('',#197,#198,#199);
#197 = CARTESIAN_POINT('',(0.,218.,0.));
#198 = DIRECTION('',(0.,0.,1.));
#199 = DIRECTION('',(1.,0.,0.));
#200 = ADVANCED_FACE('',(#201),#212,.F.);
#201 = FACE_BOUND('',#202,.F.);
#202 = EDGE_LOOP('',(#203,#204,#205,#206));
#203 = ORIENTED_EDGE('',*,*,#181,.F.);
#204 = ORIENTED_EDGE('',*,*,#31,.T.);
#205 = ORIENTED_EDGE('',*,*,#78,.T.);
#206 = ORIENTED_EDGE('',*,*,#207,.F.);
#207 = EDGE_CURVE('',#182,#79,#208,.T.);
#208 = LINE('',#209,#210);
#209 = CARTESIAN_POINT('',(136.,218.,0.));
#210 = VECTOR('',#211,1.);
#211 = DIRECTION('',(0.,0.,1.));
#212 = PLANE('',#213);
#213 = AXIS2_PLACEMENT_3D('',#214,#215,#216);
#214 = CARTESIAN_POINT('',(0.,218.,0.));
#215 = DIRECTION('',(0.,1.,0.));
#216 = DIRECTION('',(0.,0.,1.));
#217 = ADVANCED_FACE('',(#218),#226,.T.);
#218 = FACE_BOUND('',#219,.T.);
#219 = EDGE_LOOP('',(#220,#221,#222,#223,#224,#225));
#220 = ORIENTED_EDGE('',*,*,#86,.F.);
#221 = ORIENTED_EDGE('',*,*,#207,.F.);
#222 = ORIENTED_EDGE('',*,*,#189,.T.);
#223 = ORIENTED_EDGE('',*,*,#157,.T.);
#224 = ORIENTED_EDGE('',*,*,#132,.T.);
#225 = ORIENTED_EDGE('',*,*,#118,.T.);
#226 = PLANE('',#227);
#227 = AXIS2_PLACEMENT_3D('',#228,#229,#230);
#228 = CARTESIAN_POINT('',(136.,218.,0.));
#229 = DIRECTION('',(1.,0.,0.));
#230 = DIRECTION('',(0.,0.,1.));
#231 = MANIFOLD_SOLID_BREP('',#232);
#232 = CLOSED_SHELL('',(#233,#289,#320,#344,#368,#392,#416,#433));
#233 = ADVANCED_FACE('',(#234),#284,.F.);
#234 = FACE_BOUND('',#235,.F.);
#235 = EDGE_LOOP('',(#236,#246,#254,#262,#270,#278));
#236 = ORIENTED_EDGE('',*,*,#237,.F.);
#237 = EDGE_CURVE('',#238,#240,#242,.T.);
#238 = VERTEX_POINT('',#239);
#239 = CARTESIAN_POINT('',(0.,0.,4.242640687119));
#240 = VERTEX_POINT('',#241);
#241 = CARTESIAN_POINT('',(0.,0.,185.75735931288));
#242 = LINE('',#243,#244);
#243 = CARTESIAN_POINT('',(0.,0.,0.));
#244 = VECTOR('',#245,1.);
#245 = DIRECTION('',(0.,0.,1.));
#246 = ORIENTED_EDGE('',*,*,#247,.F.);
#247 = EDGE_CURVE('',#248,#238,#250,.T.);
#248 = VERTEX_POINT('',#249);
#249 = CARTESIAN_POINT('',(0.,4.242640687119,0.));
#250 = LINE('',#251,#252);
#251 = CARTESIAN_POINT('',(4.440892098501E-16,4.596194077713,
    -0.353553390593));
#252 = VECTOR('',#253,1.);
#253 = DIRECTION('',(0.,-0.707106781187,0.707106781187));
#254 = ORIENTED_EDGE('',*,*,#255,.T.);
#255 = EDGE_CURVE('',#248,#256,#258,.T.);
#256 = VERTEX_POINT('',#257);
#257 = CARTESIAN_POINT('',(0.,12.,0.));
#258 = LINE('',#259,#260);
#259 = CARTESIAN_POINT('',(0.,0.,0.));
#260 = VECTOR('',#261,1.);
#261 = DIRECTION('',(0.,1.,0.));
#262 = ORIENTED_EDGE('',*,*,#263,.T.);
#263 = EDGE_CURVE('',#256,#264,#266,.T.);
#264 = VERTEX_POINT('',#265);
#265 = CARTESIAN_POINT('',(0.,12.,190.));
#266 = LINE('',#267,#268);
#267 = CARTESIAN_POINT('',(0.,12.,0.));
#268 = VECTOR('',#269,1.);
#269 = DIRECTION('',(0.,0.,1.));
#270 = ORIENTED_EDGE('',*,*,#271,.F.);
#271 = EDGE_CURVE('',#272,#264,#274,.T.);
#272 = VERTEX_POINT('',#273);
#273 = CARTESIAN_POINT('',(0.,4.242640687119,190.));
#274 = LINE('',#275,#276);
#275 = CARTESIAN_POINT('',(0.,0.,190.));
#276 = VECTOR('',#277,1.);
#277 = DIRECTION('',(0.,1.,0.));
#278 = ORIENTED_EDGE('',*,*,#279,.F.);
#279 = EDGE_CURVE('',#240,#272,#280,.T.);
#280 = LINE('',#281,#282);
#281 = CARTESIAN_POINT('',(4.440892098501E-16,-46.43933982822,
    139.31801948466));
#282 = VECTOR('',#283,1.);
#283 = DIRECTION('',(0.,0.707106781187,0.707106781187));
#284 = PLANE('',#285);
#285 = AXIS2_PLACEMENT_3D('',#286,#287,#288);
#286 = CARTESIAN_POINT('',(0.,0.,0.));
#287 = DIRECTION('',(1.,0.,0.));
#288 = DIRECTION('',(0.,0.,1.));
#289 = ADVANCED_FACE('',(#290),#315,.F.);
#290 = FACE_BOUND('',#291,.F.);
#291 = EDGE_LOOP('',(#292,#302,#308,#309));
#292 = ORIENTED_EDGE('',*,*,#293,.F.);
#293 = EDGE_CURVE('',#294,#296,#298,.T.);
#294 = VERTEX_POINT('',#295);
#295 = CARTESIAN_POINT('',(136.,0.,4.242640687119));
#296 = VERTEX_POINT('',#297);
#297 = CARTESIAN_POINT('',(136.,0.,185.75735931288));
#298 = LINE('',#299,#300);
#299 = CARTESIAN_POINT('',(136.,0.,0.));
#300 = VECTOR('',#301,1.);
#301 = DIRECTION('',(0.,0.,1.));
#302 = ORIENTED_EDGE('',*,*,#303,.F.);
#303 = EDGE_CURVE('',#238,#294,#304,.T.);
#304 = LINE('',#305,#306);
#305 = CARTESIAN_POINT('',(-5.,0.,4.242640687119));
#306 = VECTOR('',#307,1.);
#307 = DIRECTION('',(1.,0.,0.));
#308 = ORIENTED_EDGE('',*,*,#237,.T.);
#309 = ORIENTED_EDGE('',*,*,#310,.T.);
#310 = EDGE_CURVE('',#240,#296,#311,.T.);
#311 = LINE('',#312,#313);
#312 = CARTESIAN_POINT('',(-5.,0.,185.75735931288));
#313 = VECTOR('',#314,1.);
#314 = DIRECTION('',(1.,0.,0.));
#315 = PLANE('',#316);
#316 = AXIS2_PLACEMENT_3D('',#317,#318,#319);
#317 = CARTESIAN_POINT('',(0.,0.,0.));
#318 = DIRECTION('',(0.,1.,0.));
#319 = DIRECTION('',(0.,0.,1.));
#320 = ADVANCED_FACE('',(#321),#339,.F.);
#321 = FACE_BOUND('',#322,.F.);
#322 = EDGE_LOOP('',(#323,#324,#325,#333));
#323 = ORIENTED_EDGE('',*,*,#310,.F.);
#324 = ORIENTED_EDGE('',*,*,#279,.T.);
#325 = ORIENTED_EDGE('',*,*,#326,.F.);
#326 = EDGE_CURVE('',#327,#272,#329,.T.);
#327 = VERTEX_POINT('',#328);
#328 = CARTESIAN_POINT('',(136.,4.242640687119,190.));
#329 = LINE('',#330,#331);
#330 = CARTESIAN_POINT('',(-2.5,4.242640687119,190.));
#331 = VECTOR('',#332,1.);
#332 = DIRECTION('',(-1.,0.,0.));
#333 = ORIENTED_EDGE('',*,*,#334,.F.);
#334 = EDGE_CURVE('',#296,#327,#335,.T.);
#335 = LINE('',#336,#337);
#336 = CARTESIAN_POINT('',(136.,-46.43933982822,139.31801948466));
#337 = VECTOR('',#338,1.);
#338 = DIRECTION('',(0.,0.707106781187,0.707106781187));
#339 = PLANE('',#340);
#340 = AXIS2_PLACEMENT_3D('',#341,#342,#343);
#341 = CARTESIAN_POINT('',(-5.,0.,185.75735931288));
#342 = DIRECTION('',(0.,0.707106781187,-0.707106781187));
#343 = DIRECTION('',(0.,0.707106781187,0.707106781187));
#344 = ADVANCED_FACE('',(#345),#363,.T.);
#345 = FACE_BOUND('',#346,.T.);
#346 = EDGE_LOOP('',(#347,#348,#349,#357));
#347 = ORIENTED_EDGE('',*,*,#271,.F.);
#348 = ORIENTED_EDGE('',*,*,#326,.F.);
#349 = ORIENTED_EDGE('',*,*,#350,.T.);
#350 = EDGE_CURVE('',#327,#351,#353,.T.);
#351 = VERTEX_POINT('',#352);
#352 = CARTESIAN_POINT('',(136.,12.,190.));
#353 = LINE('',#354,#355);
#354 = CARTESIAN_POINT('',(136.,0.,190.));
#355 = VECTOR('',#356,1.);
#356 = DIRECTION('',(0.,1.,0.));
#357 = ORIENTED_EDGE('',*,*,#358,.F.);
#358 = EDGE_CURVE('',#264,#351,#359,.T.);
#359 = LINE('',#360,#361);
#360 = CARTESIAN_POINT('',(0.,12.,190.));
#361 = VECTOR('',#362,1.);
#362 = DIRECTION('',(1.,0.,0.));
#363 = PLANE('',#364);
#364 = AXIS2_PLACEMENT_3D('',#365,#366,#367);
#365 = CARTESIAN_POINT('',(0.,0.,190.));
#366 = DIRECTION('',(0.,0.,1.));
#367 = DIRECTION('',(1.,0.,0.));
#368 = ADVANCED_FACE('',(#369),#387,.T.);
#369 = FACE_BOUND('',#370,.T.);
#370 = EDGE_LOOP('',(#371,#379,#380,#381));
#371 = ORIENTED_EDGE('',*,*,#372,.F.);
#372 = EDGE_CURVE('',#256,#373,#375,.T.);
#373 = VERTEX_POINT('',#374);
#374 = CARTESIAN_POINT('',(136.,12.,0.));
#375 = LINE('',#376,#377);
#376 = CARTESIAN_POINT('',(0.,12.,0.));
#377 = VECTOR('',#378,1.);
#378 = DIRECTION('',(1.,0.,0.));
#379 = ORIENTED_EDGE('',*,*,#263,.T.);
#380 = ORIENTED_EDGE('',*,*,#358,.T.);
#381 = ORIENTED_EDGE('',*,*,#382,.F.);
#382 = EDGE_CURVE('',#373,#351,#383,.T.);
#383 = LINE('',#384,#385);
#384 = CARTESIAN_POINT('',(136.,12.,0.));
#385 = VECTOR('',#386,1.);
#386 = DIRECTION('',(0.,0.,1.));
#387 = PLANE('',#388);
#388 = AXIS2_PLACEMENT_3D('',#389,#390,#391);
#389 = CARTESIAN_POINT('',(0.,12.,0.));
#390 = DIRECTION('',(0.,1.,0.));
#391 = DIRECTION('',(0.,0.,1.));
#392 = ADVANCED_FACE('',(#393),#411,.F.);
#393 = FACE_BOUND('',#394,.F.);
#394 = EDGE_LOOP('',(#395,#396,#404,#410));
#395 = ORIENTED_EDGE('',*,*,#255,.F.);
#396 = ORIENTED_EDGE('',*,*,#397,.F.);
#397 = EDGE_CURVE('',#398,#248,#400,.T.);
#398 = VERTEX_POINT('',#399);
#399 = CARTESIAN_POINT('',(136.,4.242640687119,0.));
#400 = LINE('',#401,#402);
#401 = CARTESIAN_POINT('',(-2.5,4.242640687119,4.440892098501E-16));
#402 = VECTOR('',#403,1.);
#403 = DIRECTION('',(-1.,0.,0.));
#404 = ORIENTED_EDGE('',*,*,#405,.T.);
#405 = EDGE_CURVE('',#398,#373,#406,.T.);
#406 = LINE('',#407,#408);
#407 = CARTESIAN_POINT('',(136.,0.,0.));
#408 = VECTOR('',#409,1.);
#409 = DIRECTION('',(0.,1.,0.));
#410 = ORIENTED_EDGE('',*,*,#372,.F.);
#411 = PLANE('',#412);
#412 = AXIS2_PLACEMENT_3D('',#413,#414,#415);
#413 = CARTESIAN_POINT('',(0.,0.,0.));
#414 = DIRECTION('',(0.,0.,1.));
#415 = DIRECTION('',(1.,0.,0.));
#416 = ADVANCED_FACE('',(#417),#428,.F.);
#417 = FACE_BOUND('',#418,.F.);
#418 = EDGE_LOOP('',(#419,#420,#426,#427));
#419 = ORIENTED_EDGE('',*,*,#303,.T.);
#420 = ORIENTED_EDGE('',*,*,#421,.F.);
#421 = EDGE_CURVE('',#398,#294,#422,.T.);
#422 = LINE('',#423,#424);
#423 = CARTESIAN_POINT('',(136.,4.596194077713,-0.353553390593));
#424 = VECTOR('',#425,1.);
#425 = DIRECTION('',(0.,-0.707106781187,0.707106781187));
#426 = ORIENTED_EDGE('',*,*,#397,.T.);
#427 = ORIENTED_EDGE('',*,*,#247,.T.);
#428 = PLANE('',#429);
#429 = AXIS2_PLACEMENT_3D('',#430,#431,#432);
#430 = CARTESIAN_POINT('',(-5.,7.071067811865,-2.828427124746));
#431 = DIRECTION('',(0.,0.707106781187,0.707106781187));
#432 = DIRECTION('',(0.,-0.707106781187,0.707106781187));
#433 = ADVANCED_FACE('',(#434),#442,.T.);
#434 = FACE_BOUND('',#435,.T.);
#435 = EDGE_LOOP('',(#436,#437,#438,#439,#440,#441));
#436 = ORIENTED_EDGE('',*,*,#293,.F.);
#437 = ORIENTED_EDGE('',*,*,#421,.F.);
#438 = ORIENTED_EDGE('',*,*,#405,.T.);
#439 = ORIENTED_EDGE('',*,*,#382,.T.);
#440 = ORIENTED_EDGE('',*,*,#350,.F.);
#441 = ORIENTED_EDGE('',*,*,#334,.F.);
#442 = PLANE('',#443);
#443 = AXIS2_PLACEMENT_3D('',#444,#445,#446);
#444 = CARTESIAN_POINT('',(136.,0.,0.));
#445 = DIRECTION('',(1.,0.,0.));
#446 = DIRECTION('',(0.,0.,1.));
#447 = MANIFOLD_SOLID_BREP('',#448);
#448 = CLOSED_SHELL('',(#449,#489,#536,#560,#600,#617,#634,#685,#697,
    #728,#752,#776,#793));
#449 = ADVANCED_FACE('',(#450),#484,.F.);
#450 = FACE_BOUND('',#451,.F.);
#451 = EDGE_LOOP('',(#452,#462,#470,#478));
#452 = ORIENTED_EDGE('',*,*,#453,.F.);
#453 = EDGE_CURVE('',#454,#456,#458,.T.);
#454 = VERTEX_POINT('',#455);
#455 = CARTESIAN_POINT('',(0.,12.,4.242640687119));
#456 = VERTEX_POINT('',#457);
#457 = CARTESIAN_POINT('',(0.,12.,185.75735931288));
#458 = LINE('',#459,#460);
#459 = CARTESIAN_POINT('',(0.,12.,0.));
#460 = VECTOR('',#461,1.);
#461 = DIRECTION('',(0.,0.,1.));
#462 = ORIENTED_EDGE('',*,*,#463,.F.);
#463 = EDGE_CURVE('',#464,#454,#466,.T.);
#464 = VERTEX_POINT('',#465);
#465 = CARTESIAN_POINT('',(0.,218.,4.242640687119));
#466 = LINE('',#467,#468);
#467 = CARTESIAN_POINT('',(4.440892098501E-16,3.5,4.242640687119));
#468 = VECTOR('',#469,1.);
#469 = DIRECTION('',(0.,-1.,0.));
#470 = ORIENTED_EDGE('',*,*,#471,.T.);
#471 = EDGE_CURVE('',#464,#472,#474,.T.);
#472 = VERTEX_POINT('',#473);
#473 = CARTESIAN_POINT('',(0.,218.,185.75735931288));
#474 = LINE('',#475,#476);
#475 = CARTESIAN_POINT('',(0.,218.,0.));
#476 = VECTOR('',#477,1.);
#477 = DIRECTION('',(0.,0.,1.));
#478 = ORIENTED_EDGE('',*,*,#479,.T.);
#479 = EDGE_CURVE('',#472,#456,#480,.T.);
#480 = LINE('',#481,#482);
#481 = CARTESIAN_POINT('',(4.440892098501E-16,3.5,185.75735931288));
#482 = VECTOR('',#483,1.);
#483 = DIRECTION('',(0.,-1.,0.));
#484 = PLANE('',#485);
#485 = AXIS2_PLACEMENT_3D('',#486,#487,#488);
#486 = CARTESIAN_POINT('',(0.,12.,0.));
#487 = DIRECTION('',(1.,0.,0.));
#488 = DIRECTION('',(0.,0.,1.));
#489 = ADVANCED_FACE('',(#490),#531,.F.);
#490 = FACE_BOUND('',#491,.F.);
#491 = EDGE_LOOP('',(#492,#502,#508,#509,#517,#525));
#492 = ORIENTED_EDGE('',*,*,#493,.F.);
#493 = EDGE_CURVE('',#494,#496,#498,.T.);
#494 = VERTEX_POINT('',#495);
#495 = CARTESIAN_POINT('',(4.242640687119,12.,0.));
#496 = VERTEX_POINT('',#497);
#497 = CARTESIAN_POINT('',(12.,12.,0.));
#498 = LINE('',#499,#500);
#499 = CARTESIAN_POINT('',(0.,12.,0.));
#500 = VECTOR('',#501,1.);
#501 = DIRECTION('',(1.,0.,0.));
#502 = ORIENTED_EDGE('',*,*,#503,.F.);
#503 = EDGE_CURVE('',#454,#494,#504,.T.);
#504 = LINE('',#505,#506);
#505 = CARTESIAN_POINT('',(-0.353553390593,12.,4.596194077713));
#506 = VECTOR('',#507,1.);
#507 = DIRECTION('',(0.707106781187,0.,-0.707106781187));
#508 = ORIENTED_EDGE('',*,*,#453,.T.);
#509 = ORIENTED_EDGE('',*,*,#510,.T.);
#510 = EDGE_CURVE('',#456,#511,#513,.T.);
#511 = VERTEX_POINT('',#512);
#512 = CARTESIAN_POINT('',(4.242640687119,12.,190.));
#513 = LINE('',#514,#515);
#514 = CARTESIAN_POINT('',(-47.85355339059,12.,137.90380592228));
#515 = VECTOR('',#516,1.);
#516 = DIRECTION('',(0.707106781187,0.,0.707106781187));
#517 = ORIENTED_EDGE('',*,*,#518,.T.);
#518 = EDGE_CURVE('',#511,#519,#521,.T.);
#519 = VERTEX_POINT('',#520);
#520 = CARTESIAN_POINT('',(12.,12.,190.));
#521 = LINE('',#522,#523);
#522 = CARTESIAN_POINT('',(0.,12.,190.));
#523 = VECTOR('',#524,1.);
#524 = DIRECTION('',(1.,0.,0.));
#525 = ORIENTED_EDGE('',*,*,#526,.F.);
#526 = EDGE_CURVE('',#496,#519,#527,.T.);
#527 = LINE('',#528,#529);
#528 = CARTESIAN_POINT('',(12.,12.,0.));
#529 = VECTOR('',#530,1.);
#530 = DIRECTION('',(0.,0.,1.));
#531 = PLANE('',#532);
#532 = AXIS2_PLACEMENT_3D('',#533,#534,#535);
#533 = CARTESIAN_POINT('',(0.,12.,0.));
#534 = DIRECTION('',(0.,1.,0.));
#535 = DIRECTION('',(0.,0.,1.));
#536 = ADVANCED_FACE('',(#537),#555,.T.);
#537 = FACE_BOUND('',#538,.T.);
#538 = EDGE_LOOP('',(#539,#547,#553,#554));
#539 = ORIENTED_EDGE('',*,*,#540,.T.);
#540 = EDGE_CURVE('',#511,#541,#543,.T.);
#541 = VERTEX_POINT('',#542);
#542 = CARTESIAN_POINT('',(4.242640687119,218.,190.));
#543 = LINE('',#544,#545);
#544 = CARTESIAN_POINT('',(4.242640687119,-5.,190.));
#545 = VECTOR('',#546,1.);
#546 = DIRECTION('',(0.,1.,0.));
#547 = ORIENTED_EDGE('',*,*,#548,.F.);
#548 = EDGE_CURVE('',#472,#541,#549,.T.);
#549 = LINE('',#550,#551);
#550 = CARTESIAN_POINT('',(-47.85355339059,218.,137.90380592228));
#551 = VECTOR('',#552,1.);
#552 = DIRECTION('',(0.707106781187,0.,0.707106781187));
#553 = ORIENTED_EDGE('',*,*,#479,.T.);
#554 = ORIENTED_EDGE('',*,*,#510,.T.);
#555 = PLANE('',#556);
#556 = AXIS2_PLACEMENT_3D('',#557,#558,#559);
#557 = CARTESIAN_POINT('',(-2.828427124746,-5.,182.92893218813));
#558 = DIRECTION('',(-0.707106781187,0.,0.707106781187));
#559 = DIRECTION('',(0.707106781187,0.,0.707106781187));
#560 = ADVANCED_FACE('',(#561),#595,.T.);
#561 = FACE_BOUND('',#562,.T.);
#562 = EDGE_LOOP('',(#563,#573,#579,#580,#581,#589));
#563 = ORIENTED_EDGE('',*,*,#564,.F.);
#564 = EDGE_CURVE('',#565,#567,#569,.T.);
#565 = VERTEX_POINT('',#566);
#566 = CARTESIAN_POINT('',(4.242640687119,218.,0.));
#567 = VERTEX_POINT('',#568);
#568 = CARTESIAN_POINT('',(12.,218.,0.));
#569 = LINE('',#570,#571);
#570 = CARTESIAN_POINT('',(0.,218.,0.));
#571 = VECTOR('',#572,1.);
#572 = DIRECTION('',(1.,0.,0.));
#573 = ORIENTED_EDGE('',*,*,#574,.F.);
#574 = EDGE_CURVE('',#464,#565,#575,.T.);
#575 = LINE('',#576,#577);
#576 = CARTESIAN_POINT('',(-0.353553390593,218.,4.596194077713));
#577 = VECTOR('',#578,1.);
#578 = DIRECTION('',(0.707106781187,0.,-0.707106781187));
#579 = ORIENTED_EDGE('',*,*,#471,.T.);
#580 = ORIENTED_EDGE('',*,*,#548,.T.);
#581 = ORIENTED_EDGE('',*,*,#582,.T.);
#582 = EDGE_CURVE('',#541,#583,#585,.T.);
#583 = VERTEX_POINT('',#584);
#584 = CARTESIAN_POINT('',(12.,218.,190.));
#585 = LINE('',#586,#587);
#586 = CARTESIAN_POINT('',(0.,218.,190.));
#587 = VECTOR('',#588,1.);
#588 = DIRECTION('',(1.,0.,0.));
#589 = ORIENTED_EDGE('',*,*,#590,.F.);
#590 = EDGE_CURVE('',#567,#583,#591,.T.);
#591 = LINE('',#592,#593);
#592 = CARTESIAN_POINT('',(12.,218.,0.));
#593 = VECTOR('',#594,1.);
#594 = DIRECTION('',(0.,0.,1.));
#595 = PLANE('',#596);
#596 = AXIS2_PLACEMENT_3D('',#597,#598,#599);
#597 = CARTESIAN_POINT('',(0.,218.,0.));
#598 = DIRECTION('',(0.,1.,0.));
#599 = DIRECTION('',(0.,0.,1.));
#600 = ADVANCED_FACE('',(#601),#612,.F.);
#601 = FACE_BOUND('',#602,.F.);
#602 = EDGE_LOOP('',(#603,#609,#610,#611));
#603 = ORIENTED_EDGE('',*,*,#604,.T.);
#604 = EDGE_CURVE('',#494,#565,#605,.T.);
#605 = LINE('',#606,#607);
#606 = CARTESIAN_POINT('',(4.242640687119,-5.,0.));
#607 = VECTOR('',#608,1.);
#608 = DIRECTION('',(0.,1.,0.));
#609 = ORIENTED_EDGE('',*,*,#574,.F.);
#610 = ORIENTED_EDGE('',*,*,#463,.T.);
#611 = ORIENTED_EDGE('',*,*,#503,.T.);
#612 = PLANE('',#613);
#613 = AXIS2_PLACEMENT_3D('',#614,#615,#616);
#614 = CARTESIAN_POINT('',(-2.828427124746,-5.,7.071067811865));
#615 = DIRECTION('',(0.707106781187,0.,0.707106781187));
#616 = DIRECTION('',(0.707106781187,0.,-0.707106781187));
#617 = ADVANCED_FACE('',(#618),#629,.F.);
#618 = FACE_BOUND('',#619,.F.);
#619 = EDGE_LOOP('',(#620,#621,#622,#623));
#620 = ORIENTED_EDGE('',*,*,#564,.F.);
#621 = ORIENTED_EDGE('',*,*,#604,.F.);
#622 = ORIENTED_EDGE('',*,*,#493,.T.);
#623 = ORIENTED_EDGE('',*,*,#624,.T.);
#624 = EDGE_CURVE('',#496,#567,#625,.T.);
#625 = LINE('',#626,#627);
#626 = CARTESIAN_POINT('',(12.,12.,0.));
#627 = VECTOR('',#628,1.);
#628 = DIRECTION('',(0.,1.,0.));
#629 = PLANE('',#630);
#630 = AXIS2_PLACEMENT_3D('',#631,#632,#633);
#631 = CARTESIAN_POINT('',(0.,12.,0.));
#632 = DIRECTION('',(0.,0.,1.));
#633 = DIRECTION('',(1.,0.,0.));
#634 = ADVANCED_FACE('',(#635,#646),#680,.T.);
#635 = FACE_BOUND('',#636,.T.);
#636 = EDGE_LOOP('',(#637,#638,#639,#640));
#637 = ORIENTED_EDGE('',*,*,#526,.F.);
#638 = ORIENTED_EDGE('',*,*,#624,.T.);
#639 = ORIENTED_EDGE('',*,*,#590,.T.);
#640 = ORIENTED_EDGE('',*,*,#641,.F.);
#641 = EDGE_CURVE('',#519,#583,#642,.T.);
#642 = LINE('',#643,#644);
#643 = CARTESIAN_POINT('',(12.,12.,190.));
#644 = VECTOR('',#645,1.);
#645 = DIRECTION('',(0.,1.,0.));
#646 = FACE_BOUND('',#647,.T.);
#647 = EDGE_LOOP('',(#648,#658,#666,#674));
#648 = ORIENTED_EDGE('',*,*,#649,.F.);
#649 = EDGE_CURVE('',#650,#652,#654,.T.);
#650 = VERTEX_POINT('',#651);
#651 = CARTESIAN_POINT('',(12.,76.,28.));
#652 = VERTEX_POINT('',#653);
#653 = CARTESIAN_POINT('',(12.,88.,28.));
#654 = LINE('',#655,#656);
#655 = CARTESIAN_POINT('',(12.,76.,28.));
#656 = VECTOR('',#657,1.);
#657 = DIRECTION('',(0.,1.,0.));
#658 = ORIENTED_EDGE('',*,*,#659,.T.);
#659 = EDGE_CURVE('',#650,#660,#662,.T.);
#660 = VERTEX_POINT('',#661);
#661 = CARTESIAN_POINT('',(12.,76.,162.));
#662 = LINE('',#663,#664);
#663 = CARTESIAN_POINT('',(12.,76.,28.));
#664 = VECTOR('',#665,1.);
#665 = DIRECTION('',(0.,0.,1.));
#666 = ORIENTED_EDGE('',*,*,#667,.T.);
#667 = EDGE_CURVE('',#660,#668,#670,.T.);
#668 = VERTEX_POINT('',#669);
#669 = CARTESIAN_POINT('',(12.,88.,162.));
#670 = LINE('',#671,#672);
#671 = CARTESIAN_POINT('',(12.,76.,162.));
#672 = VECTOR('',#673,1.);
#673 = DIRECTION('',(0.,1.,0.));
#674 = ORIENTED_EDGE('',*,*,#675,.F.);
#675 = EDGE_CURVE('',#652,#668,#676,.T.);
#676 = LINE('',#677,#678);
#677 = CARTESIAN_POINT('',(12.,88.,28.));
#678 = VECTOR('',#679,1.);
#679 = DIRECTION('',(0.,0.,1.));
#680 = PLANE('',#681);
#681 = AXIS2_PLACEMENT_3D('',#682,#683,#684);
#682 = CARTESIAN_POINT('',(12.,12.,0.));
#683 = DIRECTION('',(1.,0.,0.));
#684 = DIRECTION('',(0.,0.,1.));
#685 = ADVANCED_FACE('',(#686),#692,.T.);
#686 = FACE_BOUND('',#687,.T.);
#687 = EDGE_LOOP('',(#688,#689,#690,#691));
#688 = ORIENTED_EDGE('',*,*,#582,.F.);
#689 = ORIENTED_EDGE('',*,*,#540,.F.);
#690 = ORIENTED_EDGE('',*,*,#518,.T.);
#691 = ORIENTED_EDGE('',*,*,#641,.T.);
#692 = PLANE('',#693);
#693 = AXIS2_PLACEMENT_3D('',#694,#695,#696);
#694 = CARTESIAN_POINT('',(0.,12.,190.));
#695 = DIRECTION('',(0.,0.,1.));
#696 = DIRECTION('',(1.,0.,0.));
#697 = ADVANCED_FACE('',(#698),#723,.T.);
#698 = FACE_BOUND('',#699,.T.);
#699 = EDGE_LOOP('',(#700,#710,#716,#717));
#700 = ORIENTED_EDGE('',*,*,#701,.F.);
#701 = EDGE_CURVE('',#702,#704,#706,.T.);
#702 = VERTEX_POINT('',#703);
#703 = CARTESIAN_POINT('',(9.,76.,28.));
#704 = VERTEX_POINT('',#705);
#705 = CARTESIAN_POINT('',(9.,88.,28.));
#706 = LINE('',#707,#708);
#707 = CARTESIAN_POINT('',(9.,76.,28.));
#708 = VECTOR('',#709,1.);
#709 = DIRECTION('',(0.,1.,0.));
#710 = ORIENTED_EDGE('',*,*,#711,.T.);
#711 = EDGE_CURVE('',#702,#650,#712,.T.);
#712 = LINE('',#713,#714);
#713 = CARTESIAN_POINT('',(9.,76.,28.));
#714 = VECTOR('',#715,1.);
#715 = DIRECTION('',(1.,0.,0.));
#716 = ORIENTED_EDGE('',*,*,#649,.T.);
#717 = ORIENTED_EDGE('',*,*,#718,.F.);
#718 = EDGE_CURVE('',#704,#652,#719,.T.);
#719 = LINE('',#720,#721);
#720 = CARTESIAN_POINT('',(9.,88.,28.));
#721 = VECTOR('',#722,1.);
#722 = DIRECTION('',(1.,0.,0.));
#723 = PLANE('',#724);
#724 = AXIS2_PLACEMENT_3D('',#725,#726,#727);
#725 = CARTESIAN_POINT('',(9.,76.,28.));
#726 = DIRECTION('',(0.,0.,1.));
#727 = DIRECTION('',(1.,0.,0.));
#728 = ADVANCED_FACE('',(#729),#747,.F.);
#729 = FACE_BOUND('',#730,.F.);
#730 = EDGE_LOOP('',(#731,#732,#740,#746));
#731 = ORIENTED_EDGE('',*,*,#718,.F.);
#732 = ORIENTED_EDGE('',*,*,#733,.T.);
#733 = EDGE_CURVE('',#704,#734,#736,.T.);
#734 = VERTEX_POINT('',#735);
#735 = CARTESIAN_POINT('',(9.,88.,162.));
#736 = LINE('',#737,#738);
#737 = CARTESIAN_POINT('',(9.,88.,28.));
#738 = VECTOR('',#739,1.);
#739 = DIRECTION('',(0.,0.,1.));
#740 = ORIENTED_EDGE('',*,*,#741,.T.);
#741 = EDGE_CURVE('',#734,#668,#742,.T.);
#742 = LINE('',#743,#744);
#743 = CARTESIAN_POINT('',(9.,88.,162.));
#744 = VECTOR('',#745,1.);
#745 = DIRECTION('',(1.,0.,0.));
#746 = ORIENTED_EDGE('',*,*,#675,.F.);
#747 = PLANE('',#748);
#748 = AXIS2_PLACEMENT_3D('',#749,#750,#751);
#749 = CARTESIAN_POINT('',(9.,88.,28.));
#750 = DIRECTION('',(0.,1.,0.));
#751 = DIRECTION('',(0.,0.,1.));
#752 = ADVANCED_FACE('',(#753),#771,.F.);
#753 = FACE_BOUND('',#754,.F.);
#754 = EDGE_LOOP('',(#755,#763,#769,#770));
#755 = ORIENTED_EDGE('',*,*,#756,.F.);
#756 = EDGE_CURVE('',#757,#734,#759,.T.);
#757 = VERTEX_POINT('',#758);
#758 = CARTESIAN_POINT('',(9.,76.,162.));
#759 = LINE('',#760,#761);
#760 = CARTESIAN_POINT('',(9.,76.,162.));
#761 = VECTOR('',#762,1.);
#762 = DIRECTION('',(0.,1.,0.));
#763 = ORIENTED_EDGE('',*,*,#764,.T.);
#764 = EDGE_CURVE('',#757,#660,#765,.T.);
#765 = LINE('',#766,#767);
#766 = CARTESIAN_POINT('',(9.,76.,162.));
#767 = VECTOR('',#768,1.);
#768 = DIRECTION('',(1.,0.,0.));
#769 = ORIENTED_EDGE('',*,*,#667,.T.);
#770 = ORIENTED_EDGE('',*,*,#741,.F.);
#771 = PLANE('',#772);
#772 = AXIS2_PLACEMENT_3D('',#773,#774,#775);
#773 = CARTESIAN_POINT('',(9.,76.,162.));
#774 = DIRECTION('',(0.,0.,1.));
#775 = DIRECTION('',(1.,0.,0.));
#776 = ADVANCED_FACE('',(#777),#788,.T.);
#777 = FACE_BOUND('',#778,.T.);
#778 = EDGE_LOOP('',(#779,#780,#786,#787));
#779 = ORIENTED_EDGE('',*,*,#711,.F.);
#780 = ORIENTED_EDGE('',*,*,#781,.T.);
#781 = EDGE_CURVE('',#702,#757,#782,.T.);
#782 = LINE('',#783,#784);
#783 = CARTESIAN_POINT('',(9.,76.,28.));
#784 = VECTOR('',#785,1.);
#785 = DIRECTION('',(0.,0.,1.));
#786 = ORIENTED_EDGE('',*,*,#764,.T.);
#787 = ORIENTED_EDGE('',*,*,#659,.F.);
#788 = PLANE('',#789);
#789 = AXIS2_PLACEMENT_3D('',#790,#791,#792);
#790 = CARTESIAN_POINT('',(9.,76.,28.));
#791 = DIRECTION('',(0.,1.,0.));
#792 = DIRECTION('',(0.,0.,1.));
#793 = ADVANCED_FACE('',(#794),#800,.T.);
#794 = FACE_BOUND('',#795,.T.);
#795 = EDGE_LOOP('',(#796,#797,#798,#799));
#796 = ORIENTED_EDGE('',*,*,#781,.F.);
#797 = ORIENTED_EDGE('',*,*,#701,.T.);
#798 = ORIENTED_EDGE('',*,*,#733,.T.);
#799 = ORIENTED_EDGE('',*,*,#756,.F.);
#800 = PLANE('',#801);
#801 = AXIS2_PLACEMENT_3D('',#802,#803,#804);
#802 = CARTESIAN_POINT('',(9.,76.,28.));
#803 = DIRECTION('',(1.,0.,0.));
#804 = DIRECTION('',(0.,0.,1.));
#805 = MANIFOLD_SOLID_BREP('',#806);
#806 = CLOSED_SHELL('',(#807,#881,#928,#952,#976,#1009,#1040,#1064,#1088
    ,#1105,#1122,#1139,#1151));
#807 = ADVANCED_FACE('',(#808,#842),#876,.F.);
#808 = FACE_BOUND('',#809,.F.);
#809 = EDGE_LOOP('',(#810,#820,#828,#836));
#810 = ORIENTED_EDGE('',*,*,#811,.F.);
#811 = EDGE_CURVE('',#812,#814,#816,.T.);
#812 = VERTEX_POINT('',#813);
#813 = CARTESIAN_POINT('',(124.,12.,0.));
#814 = VERTEX_POINT('',#815);
#815 = CARTESIAN_POINT('',(124.,12.,190.));
#816 = LINE('',#817,#818);
#817 = CARTESIAN_POINT('',(124.,12.,0.));
#818 = VECTOR('',#819,1.);
#819 = DIRECTION('',(0.,0.,1.));
#820 = ORIENTED_EDGE('',*,*,#821,.T.);
#821 = EDGE_CURVE('',#812,#822,#824,.T.);
#822 = VERTEX_POINT('',#823);
#823 = CARTESIAN_POINT('',(124.,218.,0.));
#824 = LINE('',#825,#826);
#825 = CARTESIAN_POINT('',(124.,12.,0.));
#826 = VECTOR('',#827,1.);
#827 = DIRECTION('',(0.,1.,0.));
#828 = ORIENTED_EDGE('',*,*,#829,.T.);
#829 = EDGE_CURVE('',#822,#830,#832,.T.);
#830 = VERTEX_POINT('',#831);
#831 = CARTESIAN_POINT('',(124.,218.,190.));
#832 = LINE('',#833,#834);
#833 = CARTESIAN_POINT('',(124.,218.,0.));
#834 = VECTOR('',#835,1.);
#835 = DIRECTION('',(0.,0.,1.));
#836 = ORIENTED_EDGE('',*,*,#837,.F.);
#837 = EDGE_CURVE('',#814,#830,#838,.T.);
#838 = LINE('',#839,#840);
#839 = CARTESIAN_POINT('',(124.,12.,190.));
#840 = VECTOR('',#841,1.);
#841 = DIRECTION('',(0.,1.,0.));
#842 = FACE_BOUND('',#843,.F.);
#843 = EDGE_LOOP('',(#844,#854,#862,#870));
#844 = ORIENTED_EDGE('',*,*,#845,.F.);
#845 = EDGE_CURVE('',#846,#848,#850,.T.);
#846 = VERTEX_POINT('',#847);
#847 = CARTESIAN_POINT('',(124.,76.,28.));
#848 = VERTEX_POINT('',#849);
#849 = CARTESIAN_POINT('',(124.,88.,28.));
#850 = LINE('',#851,#852);
#851 = CARTESIAN_POINT('',(124.,76.,28.));
#852 = VECTOR('',#853,1.);
#853 = DIRECTION('',(0.,1.,0.));
#854 = ORIENTED_EDGE('',*,*,#855,.T.);
#855 = EDGE_CURVE('',#846,#856,#858,.T.);
#856 = VERTEX_POINT('',#857);
#857 = CARTESIAN_POINT('',(124.,76.,162.));
#858 = LINE('',#859,#860);
#859 = CARTESIAN_POINT('',(124.,76.,28.));
#860 = VECTOR('',#861,1.);
#861 = DIRECTION('',(0.,0.,1.));
#862 = ORIENTED_EDGE('',*,*,#863,.T.);
#863 = EDGE_CURVE('',#856,#864,#866,.T.);
#864 = VERTEX_POINT('',#865);
#865 = CARTESIAN_POINT('',(124.,88.,162.));
#866 = LINE('',#867,#868);
#867 = CARTESIAN_POINT('',(124.,76.,162.));
#868 = VECTOR('',#869,1.);
#869 = DIRECTION('',(0.,1.,0.));
#870 = ORIENTED_EDGE('',*,*,#871,.F.);
#871 = EDGE_CURVE('',#848,#864,#872,.T.);
#872 = LINE('',#873,#874);
#873 = CARTESIAN_POINT('',(124.,88.,28.));
#874 = VECTOR('',#875,1.);
#875 = DIRECTION('',(0.,0.,1.));
#876 = PLANE('',#877);
#877 = AXIS2_PLACEMENT_3D('',#878,#879,#880);
#878 = CARTESIAN_POINT('',(124.,12.,0.));
#879 = DIRECTION('',(1.,0.,0.));
#880 = DIRECTION('',(0.,0.,1.));
#881 = ADVANCED_FACE('',(#882),#923,.F.);
#882 = FACE_BOUND('',#883,.F.);
#883 = EDGE_LOOP('',(#884,#892,#893,#901,#909,#917));
#884 = ORIENTED_EDGE('',*,*,#885,.F.);
#885 = EDGE_CURVE('',#812,#886,#888,.T.);
#886 = VERTEX_POINT('',#887);
#887 = CARTESIAN_POINT('',(131.75735931288,12.,0.));
#888 = LINE('',#889,#890);
#889 = CARTESIAN_POINT('',(124.,12.,0.));
#890 = VECTOR('',#891,1.);
#891 = DIRECTION('',(1.,0.,0.));
#892 = ORIENTED_EDGE('',*,*,#811,.T.);
#893 = ORIENTED_EDGE('',*,*,#894,.T.);
#894 = EDGE_CURVE('',#814,#895,#897,.T.);
#895 = VERTEX_POINT('',#896);
#896 = CARTESIAN_POINT('',(131.75735931288,12.,190.));
#897 = LINE('',#898,#899);
#898 = CARTESIAN_POINT('',(124.,12.,190.));
#899 = VECTOR('',#900,1.);
#900 = DIRECTION('',(1.,0.,0.));
#901 = ORIENTED_EDGE('',*,*,#902,.T.);
#902 = EDGE_CURVE('',#895,#903,#905,.T.);
#903 = VERTEX_POINT('',#904);
#904 = CARTESIAN_POINT('',(136.,12.,185.75735931288));
#905 = LINE('',#906,#907);
#906 = CARTESIAN_POINT('',(177.31801948466,12.,144.43933982822));
#907 = VECTOR('',#908,1.);
#908 = DIRECTION('',(0.707106781187,0.,-0.707106781187));
#909 = ORIENTED_EDGE('',*,*,#910,.F.);
#910 = EDGE_CURVE('',#911,#903,#913,.T.);
#911 = VERTEX_POINT('',#912);
#912 = CARTESIAN_POINT('',(136.,12.,4.242640687119));
#913 = LINE('',#914,#915);
#914 = CARTESIAN_POINT('',(136.,12.,0.));
#915 = VECTOR('',#916,1.);
#916 = DIRECTION('',(0.,0.,1.));
#917 = ORIENTED_EDGE('',*,*,#918,.F.);
#918 = EDGE_CURVE('',#886,#911,#919,.T.);
#919 = LINE('',#920,#921);
#920 = CARTESIAN_POINT('',(129.81801948466,12.,-1.93933982822));
#921 = VECTOR('',#922,1.);
#922 = DIRECTION('',(0.707106781187,0.,0.707106781187));
#923 = PLANE('',#924);
#924 = AXIS2_PLACEMENT_3D('',#925,#926,#927);
#925 = CARTESIAN_POINT('',(124.,12.,0.));
#926 = DIRECTION('',(0.,1.,0.));
#927 = DIRECTION('',(0.,0.,1.));
#928 = ADVANCED_FACE('',(#929),#947,.T.);
#929 = FACE_BOUND('',#930,.T.);
#930 = EDGE_LOOP('',(#931,#939,#940,#941));
#931 = ORIENTED_EDGE('',*,*,#932,.F.);
#932 = EDGE_CURVE('',#830,#933,#935,.T.);
#933 = VERTEX_POINT('',#934);
#934 = CARTESIAN_POINT('',(131.75735931288,218.,190.));
#935 = LINE('',#936,#937);
#936 = CARTESIAN_POINT('',(124.,218.,190.));
#937 = VECTOR('',#938,1.);
#938 = DIRECTION('',(1.,0.,0.));
#939 = ORIENTED_EDGE('',*,*,#837,.F.);
#940 = ORIENTED_EDGE('',*,*,#894,.T.);
#941 = ORIENTED_EDGE('',*,*,#942,.T.);
#942 = EDGE_CURVE('',#895,#933,#943,.T.);
#943 = LINE('',#944,#945);
#944 = CARTESIAN_POINT('',(131.75735931288,-5.,190.));
#945 = VECTOR('',#946,1.);
#946 = DIRECTION('',(0.,1.,0.));
#947 = PLANE('',#948);
#948 = AXIS2_PLACEMENT_3D('',#949,#950,#951);
#949 = CARTESIAN_POINT('',(124.,12.,190.));
#950 = DIRECTION('',(0.,0.,1.));
#951 = DIRECTION('',(1.,0.,0.));
#952 = ADVANCED_FACE('',(#953),#971,.F.);
#953 = FACE_BOUND('',#954,.F.);
#954 = EDGE_LOOP('',(#955,#963,#964,#965));
#955 = ORIENTED_EDGE('',*,*,#956,.F.);
#956 = EDGE_CURVE('',#822,#957,#959,.T.);
#957 = VERTEX_POINT('',#958);
#958 = CARTESIAN_POINT('',(131.75735931288,218.,0.));
#959 = LINE('',#960,#961);
#960 = CARTESIAN_POINT('',(124.,218.,0.));
#961 = VECTOR('',#962,1.);
#962 = DIRECTION('',(1.,0.,0.));
#963 = ORIENTED_EDGE('',*,*,#821,.F.);
#964 = ORIENTED_EDGE('',*,*,#885,.T.);
#965 = ORIENTED_EDGE('',*,*,#966,.T.);
#966 = EDGE_CURVE('',#886,#957,#967,.T.);
#967 = LINE('',#968,#969);
#968 = CARTESIAN_POINT('',(131.75735931288,-5.,0.));
#969 = VECTOR('',#970,1.);
#970 = DIRECTION('',(0.,1.,0.));
#971 = PLANE('',#972);
#972 = AXIS2_PLACEMENT_3D('',#973,#974,#975);
#973 = CARTESIAN_POINT('',(124.,12.,0.));
#974 = DIRECTION('',(0.,0.,1.));
#975 = DIRECTION('',(1.,0.,0.));
#976 = ADVANCED_FACE('',(#977),#1004,.T.);
#977 = FACE_BOUND('',#978,.T.);
#978 = EDGE_LOOP('',(#979,#980,#981,#982,#990,#998));
#979 = ORIENTED_EDGE('',*,*,#956,.F.);
#980 = ORIENTED_EDGE('',*,*,#829,.T.);
#981 = ORIENTED_EDGE('',*,*,#932,.T.);
#982 = ORIENTED_EDGE('',*,*,#983,.T.);
#983 = EDGE_CURVE('',#933,#984,#986,.T.);
#984 = VERTEX_POINT('',#985);
#985 = CARTESIAN_POINT('',(136.,218.,185.75735931288));
#986 = LINE('',#987,#988);
#987 = CARTESIAN_POINT('',(177.31801948466,218.,144.43933982822));
#988 = VECTOR('',#989,1.);
#989 = DIRECTION('',(0.707106781187,0.,-0.707106781187));
#990 = ORIENTED_EDGE('',*,*,#991,.F.);
#991 = EDGE_CURVE('',#992,#984,#994,.T.);
#992 = VERTEX_POINT('',#993);
#993 = CARTESIAN_POINT('',(136.,218.,4.242640687119));
#994 = LINE('',#995,#996);
#995 = CARTESIAN_POINT('',(136.,218.,0.));
#996 = VECTOR('',#997,1.);
#997 = DIRECTION('',(0.,0.,1.));
#998 = ORIENTED_EDGE('',*,*,#999,.F.);
#999 = EDGE_CURVE('',#957,#992,#1000,.T.);
#1000 = LINE('',#1001,#1002);
#1001 = CARTESIAN_POINT('',(129.81801948466,218.,-1.93933982822));
#1002 = VECTOR('',#1003,1.);
#1003 = DIRECTION('',(0.707106781187,0.,0.707106781187));
#1004 = PLANE('',#1005);
#1005 = AXIS2_PLACEMENT_3D('',#1006,#1007,#1008);
#1006 = CARTESIAN_POINT('',(124.,218.,0.));
#1007 = DIRECTION('',(0.,1.,0.));
#1008 = DIRECTION('',(0.,0.,1.));
#1009 = ADVANCED_FACE('',(#1010),#1035,.T.);
#1010 = FACE_BOUND('',#1011,.T.);
#1011 = EDGE_LOOP('',(#1012,#1013,#1021,#1029));
#1012 = ORIENTED_EDGE('',*,*,#845,.F.);
#1013 = ORIENTED_EDGE('',*,*,#1014,.T.);
#1014 = EDGE_CURVE('',#846,#1015,#1017,.T.);
#1015 = VERTEX_POINT('',#1016);
#1016 = CARTESIAN_POINT('',(127.,76.,28.));
#1017 = LINE('',#1018,#1019);
#1018 = CARTESIAN_POINT('',(124.,76.,28.));
#1019 = VECTOR('',#1020,1.);
#1020 = DIRECTION('',(1.,0.,0.));
#1021 = ORIENTED_EDGE('',*,*,#1022,.T.);
#1022 = EDGE_CURVE('',#1015,#1023,#1025,.T.);
#1023 = VERTEX_POINT('',#1024);
#1024 = CARTESIAN_POINT('',(127.,88.,28.));
#1025 = LINE('',#1026,#1027);
#1026 = CARTESIAN_POINT('',(127.,76.,28.));
#1027 = VECTOR('',#1028,1.);
#1028 = DIRECTION('',(0.,1.,0.));
#1029 = ORIENTED_EDGE('',*,*,#1030,.F.);
#1030 = EDGE_CURVE('',#848,#1023,#1031,.T.);
#1031 = LINE('',#1032,#1033);
#1032 = CARTESIAN_POINT('',(124.,88.,28.));
#1033 = VECTOR('',#1034,1.);
#1034 = DIRECTION('',(1.,0.,0.));
#1035 = PLANE('',#1036);
#1036 = AXIS2_PLACEMENT_3D('',#1037,#1038,#1039);
#1037 = CARTESIAN_POINT('',(124.,76.,28.));
#1038 = DIRECTION('',(0.,0.,1.));
#1039 = DIRECTION('',(1.,0.,0.));
#1040 = ADVANCED_FACE('',(#1041),#1059,.F.);
#1041 = FACE_BOUND('',#1042,.F.);
#1042 = EDGE_LOOP('',(#1043,#1044,#1045,#1053));
#1043 = ORIENTED_EDGE('',*,*,#1030,.F.);
#1044 = ORIENTED_EDGE('',*,*,#871,.T.);
#1045 = ORIENTED_EDGE('',*,*,#1046,.T.);
#1046 = EDGE_CURVE('',#864,#1047,#1049,.T.);
#1047 = VERTEX_POINT('',#1048);
#1048 = CARTESIAN_POINT('',(127.,88.,162.));
#1049 = LINE('',#1050,#1051);
#1050 = CARTESIAN_POINT('',(124.,88.,162.));
#1051 = VECTOR('',#1052,1.);
#1052 = DIRECTION('',(1.,0.,0.));
#1053 = ORIENTED_EDGE('',*,*,#1054,.F.);
#1054 = EDGE_CURVE('',#1023,#1047,#1055,.T.);
#1055 = LINE('',#1056,#1057);
#1056 = CARTESIAN_POINT('',(127.,88.,28.));
#1057 = VECTOR('',#1058,1.);
#1058 = DIRECTION('',(0.,0.,1.));
#1059 = PLANE('',#1060);
#1060 = AXIS2_PLACEMENT_3D('',#1061,#1062,#1063);
#1061 = CARTESIAN_POINT('',(124.,88.,28.));
#1062 = DIRECTION('',(0.,1.,0.));
#1063 = DIRECTION('',(0.,0.,1.));
#1064 = ADVANCED_FACE('',(#1065),#1083,.F.);
#1065 = FACE_BOUND('',#1066,.F.);
#1066 = EDGE_LOOP('',(#1067,#1068,#1076,#1082));
#1067 = ORIENTED_EDGE('',*,*,#863,.F.);
#1068 = ORIENTED_EDGE('',*,*,#1069,.T.);
#1069 = EDGE_CURVE('',#856,#1070,#1072,.T.);
#1070 = VERTEX_POINT('',#1071);
#1071 = CARTESIAN_POINT('',(127.,76.,162.));
#1072 = LINE('',#1073,#1074);
#1073 = CARTESIAN_POINT('',(124.,76.,162.));
#1074 = VECTOR('',#1075,1.);
#1075 = DIRECTION('',(1.,0.,0.));
#1076 = ORIENTED_EDGE('',*,*,#1077,.T.);
#1077 = EDGE_CURVE('',#1070,#1047,#1078,.T.);
#1078 = LINE('',#1079,#1080);
#1079 = CARTESIAN_POINT('',(127.,76.,162.));
#1080 = VECTOR('',#1081,1.);
#1081 = DIRECTION('',(0.,1.,0.));
#1082 = ORIENTED_EDGE('',*,*,#1046,.F.);
#1083 = PLANE('',#1084);
#1084 = AXIS2_PLACEMENT_3D('',#1085,#1086,#1087);
#1085 = CARTESIAN_POINT('',(124.,76.,162.));
#1086 = DIRECTION('',(0.,0.,1.));
#1087 = DIRECTION('',(1.,0.,0.));
#1088 = ADVANCED_FACE('',(#1089),#1100,.T.);
#1089 = FACE_BOUND('',#1090,.T.);
#1090 = EDGE_LOOP('',(#1091,#1092,#1093,#1094));
#1091 = ORIENTED_EDGE('',*,*,#1014,.F.);
#1092 = ORIENTED_EDGE('',*,*,#855,.T.);
#1093 = ORIENTED_EDGE('',*,*,#1069,.T.);
#1094 = ORIENTED_EDGE('',*,*,#1095,.F.);
#1095 = EDGE_CURVE('',#1015,#1070,#1096,.T.);
#1096 = LINE('',#1097,#1098);
#1097 = CARTESIAN_POINT('',(127.,76.,28.));
#1098 = VECTOR('',#1099,1.);
#1099 = DIRECTION('',(0.,0.,1.));
#1100 = PLANE('',#1101);
#1101 = AXIS2_PLACEMENT_3D('',#1102,#1103,#1104);
#1102 = CARTESIAN_POINT('',(124.,76.,28.));
#1103 = DIRECTION('',(0.,1.,0.));
#1104 = DIRECTION('',(0.,0.,1.));
#1105 = ADVANCED_FACE('',(#1106),#1117,.F.);
#1106 = FACE_BOUND('',#1107,.F.);
#1107 = EDGE_LOOP('',(#1108,#1109,#1110,#1116));
#1108 = ORIENTED_EDGE('',*,*,#966,.F.);
#1109 = ORIENTED_EDGE('',*,*,#918,.T.);
#1110 = ORIENTED_EDGE('',*,*,#1111,.F.);
#1111 = EDGE_CURVE('',#992,#911,#1112,.T.);
#1112 = LINE('',#1113,#1114);
#1113 = CARTESIAN_POINT('',(136.,3.5,4.242640687119));
#1114 = VECTOR('',#1115,1.);
#1115 = DIRECTION('',(0.,-1.,0.));
#1116 = ORIENTED_EDGE('',*,*,#999,.F.);
#1117 = PLANE('',#1118);
#1118 = AXIS2_PLACEMENT_3D('',#1119,#1120,#1121);
#1119 = CARTESIAN_POINT('',(131.75735931288,-5.,0.));
#1120 = DIRECTION('',(-0.707106781187,0.,0.707106781187));
#1121 = DIRECTION('',(0.707106781187,0.,0.707106781187));
#1122 = ADVANCED_FACE('',(#1123),#1134,.T.);
#1123 = FACE_BOUND('',#1124,.T.);
#1124 = EDGE_LOOP('',(#1125,#1126,#1127,#1128));
#1125 = ORIENTED_EDGE('',*,*,#910,.F.);
#1126 = ORIENTED_EDGE('',*,*,#1111,.F.);
#1127 = ORIENTED_EDGE('',*,*,#991,.T.);
#1128 = ORIENTED_EDGE('',*,*,#1129,.T.);
#1129 = EDGE_CURVE('',#984,#903,#1130,.T.);
#1130 = LINE('',#1131,#1132);
#1131 = CARTESIAN_POINT('',(136.,3.5,185.75735931288));
#1132 = VECTOR('',#1133,1.);
#1133 = DIRECTION('',(0.,-1.,0.));
#1134 = PLANE('',#1135);
#1135 = AXIS2_PLACEMENT_3D('',#1136,#1137,#1138);
#1136 = CARTESIAN_POINT('',(136.,12.,0.));
#1137 = DIRECTION('',(1.,0.,0.));
#1138 = DIRECTION('',(0.,0.,1.));
#1139 = ADVANCED_FACE('',(#1140),#1146,.T.);
#1140 = FACE_BOUND('',#1141,.T.);
#1141 = EDGE_LOOP('',(#1142,#1143,#1144,#1145));
#1142 = ORIENTED_EDGE('',*,*,#942,.F.);
#1143 = ORIENTED_EDGE('',*,*,#902,.T.);
#1144 = ORIENTED_EDGE('',*,*,#1129,.F.);
#1145 = ORIENTED_EDGE('',*,*,#983,.F.);
#1146 = PLANE('',#1147);
#1147 = AXIS2_PLACEMENT_3D('',#1148,#1149,#1150);
#1148 = CARTESIAN_POINT('',(131.75735931288,-5.,190.));
#1149 = DIRECTION('',(0.707106781187,0.,0.707106781187));
#1150 = DIRECTION('',(0.707106781187,0.,-0.707106781187));
#1151 = ADVANCED_FACE('',(#1152),#1158,.F.);
#1152 = FACE_BOUND('',#1153,.F.);
#1153 = EDGE_LOOP('',(#1154,#1155,#1156,#1157));
#1154 = ORIENTED_EDGE('',*,*,#1095,.F.);
#1155 = ORIENTED_EDGE('',*,*,#1022,.T.);
#1156 = ORIENTED_EDGE('',*,*,#1054,.T.);
#1157 = ORIENTED_EDGE('',*,*,#1077,.F.);
#1158 = PLANE('',#1159);
#1159 = AXIS2_PLACEMENT_3D('',#1160,#1161,#1162);
#1160 = CARTESIAN_POINT('',(127.,76.,28.));
#1161 = DIRECTION('',(1.,0.,0.));
#1162 = DIRECTION('',(0.,0.,1.));
#1163 = MANIFOLD_SOLID_BREP('',#1164);
#1164 = CLOSED_SHELL('',(#1165,#1205,#1236,#1400,#1424,#1706,#1718,#1764
    ,#1781,#1798,#1815,#1832,#1849,#1890,#1902,#1924,#1957,#1974,#2006,
    #2023,#2040,#2073,#2100,#2125,#2143,#2168,#2186,#2211,#2236,#2261,
    #2286,#2311,#2329,#2347,#2358,#2369,#2381,#2392,#2401,#2410,#2419));
#1165 = ADVANCED_FACE('',(#1166),#1200,.F.);
#1166 = FACE_BOUND('',#1167,.F.);
#1167 = EDGE_LOOP('',(#1168,#1178,#1186,#1194));
#1168 = ORIENTED_EDGE('',*,*,#1169,.F.);
#1169 = EDGE_CURVE('',#1170,#1172,#1174,.T.);
#1170 = VERTEX_POINT('',#1171);
#1171 = CARTESIAN_POINT('',(12.,12.,16.));
#1172 = VERTEX_POINT('',#1173);
#1173 = CARTESIAN_POINT('',(12.,12.,28.));
#1174 = LINE('',#1175,#1176);
#1175 = CARTESIAN_POINT('',(12.,12.,16.));
#1176 = VECTOR('',#1177,1.);
#1177 = DIRECTION('',(0.,0.,1.));
#1178 = ORIENTED_EDGE('',*,*,#1179,.T.);
#1179 = EDGE_CURVE('',#1170,#1180,#1182,.T.);
#1180 = VERTEX_POINT('',#1181);
#1181 = CARTESIAN_POINT('',(12.,218.,16.));
#1182 = LINE('',#1183,#1184);
#1183 = CARTESIAN_POINT('',(12.,12.,16.));
#1184 = VECTOR('',#1185,1.);
#1185 = DIRECTION('',(0.,1.,0.));
#1186 = ORIENTED_EDGE('',*,*,#1187,.T.);
#1187 = EDGE_CURVE('',#1180,#1188,#1190,.T.);
#1188 = VERTEX_POINT('',#1189);
#1189 = CARTESIAN_POINT('',(12.,218.,28.));
#1190 = LINE('',#1191,#1192);
#1191 = CARTESIAN_POINT('',(12.,218.,16.));
#1192 = VECTOR('',#1193,1.);
#1193 = DIRECTION('',(0.,0.,1.));
#1194 = ORIENTED_EDGE('',*,*,#1195,.F.);
#1195 = EDGE_CURVE('',#1172,#1188,#1196,.T.);
#1196 = LINE('',#1197,#1198);
#1197 = CARTESIAN_POINT('',(12.,12.,28.));
#1198 = VECTOR('',#1199,1.);
#1199 = DIRECTION('',(0.,1.,0.));
#1200 = PLANE('',#1201);
#1201 = AXIS2_PLACEMENT_3D('',#1202,#1203,#1204);
#1202 = CARTESIAN_POINT('',(12.,12.,16.));
#1203 = DIRECTION('',(1.,0.,0.));
#1204 = DIRECTION('',(0.,0.,1.));
#1205 = ADVANCED_FACE('',(#1206),#1231,.F.);
#1206 = FACE_BOUND('',#1207,.F.);
#1207 = EDGE_LOOP('',(#1208,#1216,#1217,#1225));
#1208 = ORIENTED_EDGE('',*,*,#1209,.F.);
#1209 = EDGE_CURVE('',#1170,#1210,#1212,.T.);
#1210 = VERTEX_POINT('',#1211);
#1211 = CARTESIAN_POINT('',(124.,12.,16.));
#1212 = LINE('',#1213,#1214);
#1213 = CARTESIAN_POINT('',(12.,12.,16.));
#1214 = VECTOR('',#1215,1.);
#1215 = DIRECTION('',(1.,0.,0.));
#1216 = ORIENTED_EDGE('',*,*,#1169,.T.);
#1217 = ORIENTED_EDGE('',*,*,#1218,.T.);
#1218 = EDGE_CURVE('',#1172,#1219,#1221,.T.);
#1219 = VERTEX_POINT('',#1220);
#1220 = CARTESIAN_POINT('',(124.,12.,28.));
#1221 = LINE('',#1222,#1223);
#1222 = CARTESIAN_POINT('',(12.,12.,28.));
#1223 = VECTOR('',#1224,1.);
#1224 = DIRECTION('',(1.,0.,0.));
#1225 = ORIENTED_EDGE('',*,*,#1226,.F.);
#1226 = EDGE_CURVE('',#1210,#1219,#1227,.T.);
#1227 = LINE('',#1228,#1229);
#1228 = CARTESIAN_POINT('',(124.,12.,16.));
#1229 = VECTOR('',#1230,1.);
#1230 = DIRECTION('',(0.,0.,1.));
#1231 = PLANE('',#1232);
#1232 = AXIS2_PLACEMENT_3D('',#1233,#1234,#1235);
#1233 = CARTESIAN_POINT('',(12.,12.,16.));
#1234 = DIRECTION('',(0.,1.,0.));
#1235 = DIRECTION('',(0.,0.,1.));
#1236 = ADVANCED_FACE('',(#1237,#1255,#1325),#1395,.T.);
#1237 = FACE_BOUND('',#1238,.T.);
#1238 = EDGE_LOOP('',(#1239,#1240,#1241,#1249));
#1239 = ORIENTED_EDGE('',*,*,#1195,.F.);
#1240 = ORIENTED_EDGE('',*,*,#1218,.T.);
#1241 = ORIENTED_EDGE('',*,*,#1242,.T.);
#1242 = EDGE_CURVE('',#1219,#1243,#1245,.T.);
#1243 = VERTEX_POINT('',#1244);
#1244 = CARTESIAN_POINT('',(124.,218.,28.));
#1245 = LINE('',#1246,#1247);
#1246 = CARTESIAN_POINT('',(124.,12.,28.));
#1247 = VECTOR('',#1248,1.);
#1248 = DIRECTION('',(0.,1.,0.));
#1249 = ORIENTED_EDGE('',*,*,#1250,.F.);
#1250 = EDGE_CURVE('',#1188,#1243,#1251,.T.);
#1251 = LINE('',#1252,#1253);
#1252 = CARTESIAN_POINT('',(12.,218.,28.));
#1253 = VECTOR('',#1254,1.);
#1254 = DIRECTION('',(1.,0.,0.));
#1255 = FACE_BOUND('',#1256,.T.);
#1256 = EDGE_LOOP('',(#1257,#1268,#1276,#1285,#1293,#1302,#1310,#1319));
#1257 = ORIENTED_EDGE('',*,*,#1258,.T.);
#1258 = EDGE_CURVE('',#1259,#1261,#1263,.T.);
#1259 = VERTEX_POINT('',#1260);
#1260 = CARTESIAN_POINT('',(113.,27.,28.));
#1261 = VERTEX_POINT('',#1262);
#1262 = CARTESIAN_POINT('',(108.,22.,28.));
#1263 = CIRCLE('',#1264,5.);
#1264 = AXIS2_PLACEMENT_3D('',#1265,#1266,#1267);
#1265 = CARTESIAN_POINT('',(108.,27.,28.));
#1266 = DIRECTION('',(-0.,-0.,-1.));
#1267 = DIRECTION('',(0.,-1.,0.));
#1268 = ORIENTED_EDGE('',*,*,#1269,.T.);
#1269 = EDGE_CURVE('',#1261,#1270,#1272,.T.);
#1270 = VERTEX_POINT('',#1271);
#1271 = CARTESIAN_POINT('',(28.,22.,28.));
#1272 = LINE('',#1273,#1274);
#1273 = CARTESIAN_POINT('',(20.,22.,28.));
#1274 = VECTOR('',#1275,1.);
#1275 = DIRECTION('',(-1.,0.,0.));
#1276 = ORIENTED_EDGE('',*,*,#1277,.T.);
#1277 = EDGE_CURVE('',#1270,#1278,#1280,.T.);
#1278 = VERTEX_POINT('',#1279);
#1279 = CARTESIAN_POINT('',(23.,27.,28.));
#1280 = CIRCLE('',#1281,5.);
#1281 = AXIS2_PLACEMENT_3D('',#1282,#1283,#1284);
#1282 = CARTESIAN_POINT('',(28.,27.,28.));
#1283 = DIRECTION('',(0.,0.,-1.));
#1284 = DIRECTION('',(-1.,0.,0.));
#1285 = ORIENTED_EDGE('',*,*,#1286,.T.);
#1286 = EDGE_CURVE('',#1278,#1287,#1289,.T.);
#1287 = VERTEX_POINT('',#1288);
#1288 = CARTESIAN_POINT('',(23.,57.,28.));
#1289 = LINE('',#1290,#1291);
#1290 = CARTESIAN_POINT('',(23.,34.5,28.));
#1291 = VECTOR('',#1292,1.);
#1292 = DIRECTION('',(0.,1.,0.));
#1293 = ORIENTED_EDGE('',*,*,#1294,.T.);
#1294 = EDGE_CURVE('',#1287,#1295,#1297,.T.);
#1295 = VERTEX_POINT('',#1296);
#1296 = CARTESIAN_POINT('',(28.,62.,28.));
#1297 = CIRCLE('',#1298,5.);
#1298 = AXIS2_PLACEMENT_3D('',#1299,#1300,#1301);
#1299 = CARTESIAN_POINT('',(28.,57.,28.));
#1300 = DIRECTION('',(0.,0.,-1.));
#1301 = DIRECTION('',(0.,1.,0.));
#1302 = ORIENTED_EDGE('',*,*,#1303,.T.);
#1303 = EDGE_CURVE('',#1295,#1304,#1306,.T.);
#1304 = VERTEX_POINT('',#1305);
#1305 = CARTESIAN_POINT('',(108.,62.,28.));
#1306 = LINE('',#1307,#1308);
#1307 = CARTESIAN_POINT('',(60.,62.,28.));
#1308 = VECTOR('',#1309,1.);
#1309 = DIRECTION('',(1.,0.,0.));
#1310 = ORIENTED_EDGE('',*,*,#1311,.T.);
#1311 = EDGE_CURVE('',#1304,#1312,#1314,.T.);
#1312 = VERTEX_POINT('',#1313);
#1313 = CARTESIAN_POINT('',(113.,57.,28.));
#1314 = CIRCLE('',#1315,5.);
#1315 = AXIS2_PLACEMENT_3D('',#1316,#1317,#1318);
#1316 = CARTESIAN_POINT('',(108.,57.,28.));
#1317 = DIRECTION('',(0.,0.,-1.));
#1318 = DIRECTION('',(1.,0.,0.));
#1319 = ORIENTED_EDGE('',*,*,#1320,.T.);
#1320 = EDGE_CURVE('',#1312,#1259,#1321,.T.);
#1321 = LINE('',#1322,#1323);
#1322 = CARTESIAN_POINT('',(113.,19.5,28.));
#1323 = VECTOR('',#1324,1.);
#1324 = DIRECTION('',(0.,-1.,0.));
#1325 = FACE_BOUND('',#1326,.T.);
#1326 = EDGE_LOOP('',(#1327,#1338,#1346,#1355,#1363,#1372,#1380,#1389));
#1327 = ORIENTED_EDGE('',*,*,#1328,.T.);
#1328 = EDGE_CURVE('',#1329,#1331,#1333,.T.);
#1329 = VERTEX_POINT('',#1330);
#1330 = CARTESIAN_POINT('',(113.,107.,28.));
#1331 = VERTEX_POINT('',#1332);
#1332 = CARTESIAN_POINT('',(108.,102.,28.));
#1333 = CIRCLE('',#1334,5.);
#1334 = AXIS2_PLACEMENT_3D('',#1335,#1336,#1337);
#1335 = CARTESIAN_POINT('',(108.,107.,28.));
#1336 = DIRECTION('',(-0.,-0.,-1.));
#1337 = DIRECTION('',(0.,-1.,0.));
#1338 = ORIENTED_EDGE('',*,*,#1339,.T.);
#1339 = EDGE_CURVE('',#1331,#1340,#1342,.T.);
#1340 = VERTEX_POINT('',#1341);
#1341 = CARTESIAN_POINT('',(28.,102.,28.));
#1342 = LINE('',#1343,#1344);
#1343 = CARTESIAN_POINT('',(20.,102.,28.));
#1344 = VECTOR('',#1345,1.);
#1345 = DIRECTION('',(-1.,0.,0.));
#1346 = ORIENTED_EDGE('',*,*,#1347,.T.);
#1347 = EDGE_CURVE('',#1340,#1348,#1350,.T.);
#1348 = VERTEX_POINT('',#1349);
#1349 = CARTESIAN_POINT('',(23.,107.,28.));
#1350 = CIRCLE('',#1351,5.);
#1351 = AXIS2_PLACEMENT_3D('',#1352,#1353,#1354);
#1352 = CARTESIAN_POINT('',(28.,107.,28.));
#1353 = DIRECTION('',(0.,0.,-1.));
#1354 = DIRECTION('',(-1.,0.,0.));
#1355 = ORIENTED_EDGE('',*,*,#1356,.T.);
#1356 = EDGE_CURVE('',#1348,#1357,#1359,.T.);
#1357 = VERTEX_POINT('',#1358);
#1358 = CARTESIAN_POINT('',(23.,203.,28.));
#1359 = LINE('',#1360,#1361);
#1360 = CARTESIAN_POINT('',(23.,107.5,28.));
#1361 = VECTOR('',#1362,1.);
#1362 = DIRECTION('',(0.,1.,0.));
#1363 = ORIENTED_EDGE('',*,*,#1364,.T.);
#1364 = EDGE_CURVE('',#1357,#1365,#1367,.T.);
#1365 = VERTEX_POINT('',#1366);
#1366 = CARTESIAN_POINT('',(28.,208.,28.));
#1367 = CIRCLE('',#1368,5.);
#1368 = AXIS2_PLACEMENT_3D('',#1369,#1370,#1371);
#1369 = CARTESIAN_POINT('',(28.,203.,28.));
#1370 = DIRECTION('',(0.,0.,-1.));
#1371 = DIRECTION('',(0.,1.,0.));
#1372 = ORIENTED_EDGE('',*,*,#1373,.T.);
#1373 = EDGE_CURVE('',#1365,#1374,#1376,.T.);
#1374 = VERTEX_POINT('',#1375);
#1375 = CARTESIAN_POINT('',(108.,208.,28.));
#1376 = LINE('',#1377,#1378);
#1377 = CARTESIAN_POINT('',(60.,208.,28.));
#1378 = VECTOR('',#1379,1.);
#1379 = DIRECTION('',(1.,0.,0.));
#1380 = ORIENTED_EDGE('',*,*,#1381,.T.);
#1381 = EDGE_CURVE('',#1374,#1382,#1384,.T.);
#1382 = VERTEX_POINT('',#1383);
#1383 = CARTESIAN_POINT('',(113.,203.,28.));
#1384 = CIRCLE('',#1385,5.);
#1385 = AXIS2_PLACEMENT_3D('',#1386,#1387,#1388);
#1386 = CARTESIAN_POINT('',(108.,203.,28.));
#1387 = DIRECTION('',(0.,0.,-1.));
#1388 = DIRECTION('',(1.,0.,0.));
#1389 = ORIENTED_EDGE('',*,*,#1390,.T.);
#1390 = EDGE_CURVE('',#1382,#1329,#1391,.T.);
#1391 = LINE('',#1392,#1393);
#1392 = CARTESIAN_POINT('',(113.,59.5,28.));
#1393 = VECTOR('',#1394,1.);
#1394 = DIRECTION('',(0.,-1.,0.));
#1395 = PLANE('',#1396);
#1396 = AXIS2_PLACEMENT_3D('',#1397,#1398,#1399);
#1397 = CARTESIAN_POINT('',(12.,12.,28.));
#1398 = DIRECTION('',(0.,0.,1.));
#1399 = DIRECTION('',(1.,0.,0.));
#1400 = ADVANCED_FACE('',(#1401),#1419,.T.);
#1401 = FACE_BOUND('',#1402,.T.);
#1402 = EDGE_LOOP('',(#1403,#1411,#1412,#1413));
#1403 = ORIENTED_EDGE('',*,*,#1404,.F.);
#1404 = EDGE_CURVE('',#1180,#1405,#1407,.T.);
#1405 = VERTEX_POINT('',#1406);
#1406 = CARTESIAN_POINT('',(124.,218.,16.));
#1407 = LINE('',#1408,#1409);
#1408 = CARTESIAN_POINT('',(12.,218.,16.));
#1409 = VECTOR('',#1410,1.);
#1410 = DIRECTION('',(1.,0.,0.));
#1411 = ORIENTED_EDGE('',*,*,#1187,.T.);
#1412 = ORIENTED_EDGE('',*,*,#1250,.T.);
#1413 = ORIENTED_EDGE('',*,*,#1414,.F.);
#1414 = EDGE_CURVE('',#1405,#1243,#1415,.T.);
#1415 = LINE('',#1416,#1417);
#1416 = CARTESIAN_POINT('',(124.,218.,16.));
#1417 = VECTOR('',#1418,1.);
#1418 = DIRECTION('',(0.,0.,1.));
#1419 = PLANE('',#1420);
#1420 = AXIS2_PLACEMENT_3D('',#1421,#1422,#1423);
#1421 = CARTESIAN_POINT('',(12.,218.,16.));
#1422 = DIRECTION('',(0.,1.,0.));
#1423 = DIRECTION('',(0.,0.,1.));
#1424 = ADVANCED_FACE('',(#1425,#1436,#1560,#1571,#1582,#1593,#1604),
  #1701,.F.);
#1425 = FACE_BOUND('',#1426,.F.);
#1426 = EDGE_LOOP('',(#1427,#1428,#1429,#1435));
#1427 = ORIENTED_EDGE('',*,*,#1179,.F.);
#1428 = ORIENTED_EDGE('',*,*,#1209,.T.);
#1429 = ORIENTED_EDGE('',*,*,#1430,.T.);
#1430 = EDGE_CURVE('',#1210,#1405,#1431,.T.);
#1431 = LINE('',#1432,#1433);
#1432 = CARTESIAN_POINT('',(124.,12.,16.));
#1433 = VECTOR('',#1434,1.);
#1434 = DIRECTION('',(0.,1.,0.));
#1435 = ORIENTED_EDGE('',*,*,#1404,.F.);
#1436 = FACE_BOUND('',#1437,.F.);
#1437 = EDGE_LOOP('',(#1438,#1449,#1457,#1466,#1475,#1484,#1493,#1501,
    #1510,#1519,#1528,#1537,#1545,#1554));
#1438 = ORIENTED_EDGE('',*,*,#1439,.T.);
#1439 = EDGE_CURVE('',#1440,#1442,#1444,.T.);
#1440 = VERTEX_POINT('',#1441);
#1441 = CARTESIAN_POINT('',(108.,62.,16.));
#1442 = VERTEX_POINT('',#1443);
#1443 = CARTESIAN_POINT('',(113.,57.,16.));
#1444 = CIRCLE('',#1445,5.);
#1445 = AXIS2_PLACEMENT_3D('',#1446,#1447,#1448);
#1446 = CARTESIAN_POINT('',(108.,57.,16.));
#1447 = DIRECTION('',(0.,0.,-1.));
#1448 = DIRECTION('',(1.,0.,0.));
#1449 = ORIENTED_EDGE('',*,*,#1450,.T.);
#1450 = EDGE_CURVE('',#1442,#1451,#1453,.T.);
#1451 = VERTEX_POINT('',#1452);
#1452 = CARTESIAN_POINT('',(113.,27.,16.));
#1453 = LINE('',#1454,#1455);
#1454 = CARTESIAN_POINT('',(113.,19.5,16.));
#1455 = VECTOR('',#1456,1.);
#1456 = DIRECTION('',(0.,-1.,0.));
#1457 = ORIENTED_EDGE('',*,*,#1458,.T.);
#1458 = EDGE_CURVE('',#1451,#1459,#1461,.T.);
#1459 = VERTEX_POINT('',#1460);
#1460 = CARTESIAN_POINT('',(112.89870060668,25.998634748939,16.));
#1461 = CIRCLE('',#1462,5.);
#1462 = AXIS2_PLACEMENT_3D('',#1463,#1464,#1465);
#1463 = CARTESIAN_POINT('',(108.,27.,16.));
#1464 = DIRECTION('',(-0.,-0.,-1.));
#1465 = DIRECTION('',(0.,-1.,0.));
#1466 = ORIENTED_EDGE('',*,*,#1467,.F.);
#1467 = EDGE_CURVE('',#1468,#1459,#1470,.T.);
#1468 = VERTEX_POINT('',#1469);
#1469 = CARTESIAN_POINT('',(117.9,24.,16.));
#1470 = CIRCLE('',#1471,2.9);
#1471 = AXIS2_PLACEMENT_3D('',#1472,#1473,#1474);
#1472 = CARTESIAN_POINT('',(115.,24.,16.));
#1473 = DIRECTION('',(0.,0.,1.));
#1474 = DIRECTION('',(1.,0.,0.));
#1475 = ORIENTED_EDGE('',*,*,#1476,.F.);
#1476 = EDGE_CURVE('',#1477,#1468,#1479,.T.);
#1477 = VERTEX_POINT('',#1478);
#1478 = CARTESIAN_POINT('',(112.10354077262,24.143261802785,16.));
#1479 = CIRCLE('',#1480,2.9);
#1480 = AXIS2_PLACEMENT_3D('',#1481,#1482,#1483);
#1481 = CARTESIAN_POINT('',(115.,24.,16.));
#1482 = DIRECTION('',(0.,0.,1.));
#1483 = DIRECTION('',(1.,0.,0.));
#1484 = ORIENTED_EDGE('',*,*,#1485,.T.);
#1485 = EDGE_CURVE('',#1477,#1486,#1488,.T.);
#1486 = VERTEX_POINT('',#1487);
#1487 = CARTESIAN_POINT('',(108.,22.,16.));
#1488 = CIRCLE('',#1489,5.);
#1489 = AXIS2_PLACEMENT_3D('',#1490,#1491,#1492);
#1490 = CARTESIAN_POINT('',(108.,27.,16.));
#1491 = DIRECTION('',(-0.,-0.,-1.));
#1492 = DIRECTION('',(0.,-1.,0.));
#1493 = ORIENTED_EDGE('',*,*,#1494,.T.);
#1494 = EDGE_CURVE('',#1486,#1495,#1497,.T.);
#1495 = VERTEX_POINT('',#1496);
#1496 = CARTESIAN_POINT('',(28.,22.,16.));
#1497 = LINE('',#1498,#1499);
#1498 = CARTESIAN_POINT('',(20.,22.,16.));
#1499 = VECTOR('',#1500,1.);
#1500 = DIRECTION('',(-1.,0.,0.));
#1501 = ORIENTED_EDGE('',*,*,#1502,.T.);
#1502 = EDGE_CURVE('',#1495,#1503,#1505,.T.);
#1503 = VERTEX_POINT('',#1504);
#1504 = CARTESIAN_POINT('',(23.896459227378,24.143261802785,16.));
#1505 = CIRCLE('',#1506,5.);
#1506 = AXIS2_PLACEMENT_3D('',#1507,#1508,#1509);
#1507 = CARTESIAN_POINT('',(28.,27.,16.));
#1508 = DIRECTION('',(0.,0.,-1.));
#1509 = DIRECTION('',(-1.,0.,0.));
#1510 = ORIENTED_EDGE('',*,*,#1511,.F.);
#1511 = EDGE_CURVE('',#1512,#1503,#1514,.T.);
#1512 = VERTEX_POINT('',#1513);
#1513 = CARTESIAN_POINT('',(23.9,24.,16.));
#1514 = CIRCLE('',#1515,2.9);
#1515 = AXIS2_PLACEMENT_3D('',#1516,#1517,#1518);
#1516 = CARTESIAN_POINT('',(21.,24.,16.));
#1517 = DIRECTION('',(0.,0.,1.));
#1518 = DIRECTION('',(1.,0.,0.));
#1519 = ORIENTED_EDGE('',*,*,#1520,.F.);
#1520 = EDGE_CURVE('',#1521,#1512,#1523,.T.);
#1521 = VERTEX_POINT('',#1522);
#1522 = CARTESIAN_POINT('',(23.101299393312,25.998634748939,16.));
#1523 = CIRCLE('',#1524,2.9);
#1524 = AXIS2_PLACEMENT_3D('',#1525,#1526,#1527);
#1525 = CARTESIAN_POINT('',(21.,24.,16.));
#1526 = DIRECTION('',(0.,0.,1.));
#1527 = DIRECTION('',(1.,0.,0.));
#1528 = ORIENTED_EDGE('',*,*,#1529,.T.);
#1529 = EDGE_CURVE('',#1521,#1530,#1532,.T.);
#1530 = VERTEX_POINT('',#1531);
#1531 = CARTESIAN_POINT('',(23.,27.,16.));
#1532 = CIRCLE('',#1533,5.);
#1533 = AXIS2_PLACEMENT_3D('',#1534,#1535,#1536);
#1534 = CARTESIAN_POINT('',(28.,27.,16.));
#1535 = DIRECTION('',(0.,0.,-1.));
#1536 = DIRECTION('',(-1.,0.,0.));
#1537 = ORIENTED_EDGE('',*,*,#1538,.T.);
#1538 = EDGE_CURVE('',#1530,#1539,#1541,.T.);
#1539 = VERTEX_POINT('',#1540);
#1540 = CARTESIAN_POINT('',(23.,57.,16.));
#1541 = LINE('',#1542,#1543);
#1542 = CARTESIAN_POINT('',(23.,34.5,16.));
#1543 = VECTOR('',#1544,1.);
#1544 = DIRECTION('',(0.,1.,0.));
#1545 = ORIENTED_EDGE('',*,*,#1546,.T.);
#1546 = EDGE_CURVE('',#1539,#1547,#1549,.T.);
#1547 = VERTEX_POINT('',#1548);
#1548 = CARTESIAN_POINT('',(28.,62.,16.));
#1549 = CIRCLE('',#1550,5.);
#1550 = AXIS2_PLACEMENT_3D('',#1551,#1552,#1553);
#1551 = CARTESIAN_POINT('',(28.,57.,16.));
#1552 = DIRECTION('',(0.,0.,-1.));
#1553 = DIRECTION('',(0.,1.,0.));
#1554 = ORIENTED_EDGE('',*,*,#1555,.T.);
#1555 = EDGE_CURVE('',#1547,#1440,#1556,.T.);
#1556 = LINE('',#1557,#1558);
#1557 = CARTESIAN_POINT('',(60.,62.,16.));
#1558 = VECTOR('',#1559,1.);
#1559 = DIRECTION('',(1.,0.,0.));
#1560 = FACE_BOUND('',#1561,.F.);
#1561 = EDGE_LOOP('',(#1562));
#1562 = ORIENTED_EDGE('',*,*,#1563,.F.);
#1563 = EDGE_CURVE('',#1564,#1564,#1566,.T.);
#1564 = VERTEX_POINT('',#1565);
#1565 = CARTESIAN_POINT('',(23.9,72.,16.));
#1566 = CIRCLE('',#1567,2.9);
#1567 = AXIS2_PLACEMENT_3D('',#1568,#1569,#1570);
#1568 = CARTESIAN_POINT('',(21.,72.,16.));
#1569 = DIRECTION('',(0.,0.,1.));
#1570 = DIRECTION('',(1.,0.,0.));
#1571 = FACE_BOUND('',#1572,.F.);
#1572 = EDGE_LOOP('',(#1573));
#1573 = ORIENTED_EDGE('',*,*,#1574,.F.);
#1574 = EDGE_CURVE('',#1575,#1575,#1577,.T.);
#1575 = VERTEX_POINT('',#1576);
#1576 = CARTESIAN_POINT('',(23.9,92.,16.));
#1577 = CIRCLE('',#1578,2.9);
#1578 = AXIS2_PLACEMENT_3D('',#1579,#1580,#1581);
#1579 = CARTESIAN_POINT('',(21.,92.,16.));
#1580 = DIRECTION('',(0.,0.,1.));
#1581 = DIRECTION('',(1.,0.,0.));
#1582 = FACE_BOUND('',#1583,.F.);
#1583 = EDGE_LOOP('',(#1584));
#1584 = ORIENTED_EDGE('',*,*,#1585,.F.);
#1585 = EDGE_CURVE('',#1586,#1586,#1588,.T.);
#1586 = VERTEX_POINT('',#1587);
#1587 = CARTESIAN_POINT('',(117.9,72.,16.));
#1588 = CIRCLE('',#1589,2.9);
#1589 = AXIS2_PLACEMENT_3D('',#1590,#1591,#1592);
#1590 = CARTESIAN_POINT('',(115.,72.,16.));
#1591 = DIRECTION('',(0.,0.,1.));
#1592 = DIRECTION('',(1.,0.,0.));
#1593 = FACE_BOUND('',#1594,.F.);
#1594 = EDGE_LOOP('',(#1595));
#1595 = ORIENTED_EDGE('',*,*,#1596,.F.);
#1596 = EDGE_CURVE('',#1597,#1597,#1599,.T.);
#1597 = VERTEX_POINT('',#1598);
#1598 = CARTESIAN_POINT('',(117.9,92.,16.));
#1599 = CIRCLE('',#1600,2.9);
#1600 = AXIS2_PLACEMENT_3D('',#1601,#1602,#1603);
#1601 = CARTESIAN_POINT('',(115.,92.,16.));
#1602 = DIRECTION('',(0.,0.,1.));
#1603 = DIRECTION('',(1.,0.,0.));
#1604 = FACE_BOUND('',#1605,.F.);
#1605 = EDGE_LOOP('',(#1606,#1617,#1625,#1634,#1642,#1651,#1659,#1668,
    #1677,#1685,#1694));
#1606 = ORIENTED_EDGE('',*,*,#1607,.F.);
#1607 = EDGE_CURVE('',#1608,#1610,#1612,.T.);
#1608 = VERTEX_POINT('',#1609);
#1609 = CARTESIAN_POINT('',(113.,202.89999999999,16.));
#1610 = VERTEX_POINT('',#1611);
#1611 = CARTESIAN_POINT('',(117.9,205.,16.));
#1612 = CIRCLE('',#1613,2.9);
#1613 = AXIS2_PLACEMENT_3D('',#1614,#1615,#1616);
#1614 = CARTESIAN_POINT('',(115.,205.,16.));
#1615 = DIRECTION('',(0.,0.,1.));
#1616 = DIRECTION('',(1.,0.,0.));
#1617 = ORIENTED_EDGE('',*,*,#1618,.T.);
#1618 = EDGE_CURVE('',#1608,#1619,#1621,.T.);
#1619 = VERTEX_POINT('',#1620);
#1620 = CARTESIAN_POINT('',(113.,107.,16.));
#1621 = LINE('',#1622,#1623);
#1622 = CARTESIAN_POINT('',(113.,59.5,16.));
#1623 = VECTOR('',#1624,1.);
#1624 = DIRECTION('',(0.,-1.,0.));
#1625 = ORIENTED_EDGE('',*,*,#1626,.T.);
#1626 = EDGE_CURVE('',#1619,#1627,#1629,.T.);
#1627 = VERTEX_POINT('',#1628);
#1628 = CARTESIAN_POINT('',(108.,102.,16.));
#1629 = CIRCLE('',#1630,5.);
#1630 = AXIS2_PLACEMENT_3D('',#1631,#1632,#1633);
#1631 = CARTESIAN_POINT('',(108.,107.,16.));
#1632 = DIRECTION('',(-0.,-0.,-1.));
#1633 = DIRECTION('',(0.,-1.,0.));
#1634 = ORIENTED_EDGE('',*,*,#1635,.T.);
#1635 = EDGE_CURVE('',#1627,#1636,#1638,.T.);
#1636 = VERTEX_POINT('',#1637);
#1637 = CARTESIAN_POINT('',(28.,102.,16.));
#1638 = LINE('',#1639,#1640);
#1639 = CARTESIAN_POINT('',(20.,102.,16.));
#1640 = VECTOR('',#1641,1.);
#1641 = DIRECTION('',(-1.,0.,0.));
#1642 = ORIENTED_EDGE('',*,*,#1643,.T.);
#1643 = EDGE_CURVE('',#1636,#1644,#1646,.T.);
#1644 = VERTEX_POINT('',#1645);
#1645 = CARTESIAN_POINT('',(23.,107.,16.));
#1646 = CIRCLE('',#1647,5.);
#1647 = AXIS2_PLACEMENT_3D('',#1648,#1649,#1650);
#1648 = CARTESIAN_POINT('',(28.,107.,16.));
#1649 = DIRECTION('',(0.,0.,-1.));
#1650 = DIRECTION('',(-1.,0.,0.));
#1651 = ORIENTED_EDGE('',*,*,#1652,.T.);
#1652 = EDGE_CURVE('',#1644,#1653,#1655,.T.);
#1653 = VERTEX_POINT('',#1654);
#1654 = CARTESIAN_POINT('',(23.,202.89999999999,16.));
#1655 = LINE('',#1656,#1657);
#1656 = CARTESIAN_POINT('',(23.,107.5,16.));
#1657 = VECTOR('',#1658,1.);
#1658 = DIRECTION('',(0.,1.,0.));
#1659 = ORIENTED_EDGE('',*,*,#1660,.F.);
#1660 = EDGE_CURVE('',#1661,#1653,#1663,.T.);
#1661 = VERTEX_POINT('',#1662);
#1662 = CARTESIAN_POINT('',(23.807886444354,205.72510255523,16.));
#1663 = CIRCLE('',#1664,2.9);
#1664 = AXIS2_PLACEMENT_3D('',#1665,#1666,#1667);
#1665 = CARTESIAN_POINT('',(21.,205.,16.));
#1666 = DIRECTION('',(0.,0.,1.));
#1667 = DIRECTION('',(1.,0.,0.));
#1668 = ORIENTED_EDGE('',*,*,#1669,.T.);
#1669 = EDGE_CURVE('',#1661,#1670,#1672,.T.);
#1670 = VERTEX_POINT('',#1671);
#1671 = CARTESIAN_POINT('',(28.,208.,16.));
#1672 = CIRCLE('',#1673,5.);
#1673 = AXIS2_PLACEMENT_3D('',#1674,#1675,#1676);
#1674 = CARTESIAN_POINT('',(28.,203.,16.));
#1675 = DIRECTION('',(0.,0.,-1.));
#1676 = DIRECTION('',(0.,1.,0.));
#1677 = ORIENTED_EDGE('',*,*,#1678,.T.);
#1678 = EDGE_CURVE('',#1670,#1679,#1681,.T.);
#1679 = VERTEX_POINT('',#1680);
#1680 = CARTESIAN_POINT('',(108.,208.,16.));
#1681 = LINE('',#1682,#1683);
#1682 = CARTESIAN_POINT('',(60.,208.,16.));
#1683 = VECTOR('',#1684,1.);
#1684 = DIRECTION('',(1.,0.,0.));
#1685 = ORIENTED_EDGE('',*,*,#1686,.T.);
#1686 = EDGE_CURVE('',#1679,#1687,#1689,.T.);
#1687 = VERTEX_POINT('',#1688);
#1688 = CARTESIAN_POINT('',(112.19211355564,205.72510255523,16.));
#1689 = CIRCLE('',#1690,5.);
#1690 = AXIS2_PLACEMENT_3D('',#1691,#1692,#1693);
#1691 = CARTESIAN_POINT('',(108.,203.,16.));
#1692 = DIRECTION('',(0.,0.,-1.));
#1693 = DIRECTION('',(1.,0.,0.));
#1694 = ORIENTED_EDGE('',*,*,#1695,.F.);
#1695 = EDGE_CURVE('',#1610,#1687,#1696,.T.);
#1696 = CIRCLE('',#1697,2.9);
#1697 = AXIS2_PLACEMENT_3D('',#1698,#1699,#1700);
#1698 = CARTESIAN_POINT('',(115.,205.,16.));
#1699 = DIRECTION('',(0.,0.,1.));
#1700 = DIRECTION('',(1.,0.,0.));
#1701 = PLANE('',#1702);
#1702 = AXIS2_PLACEMENT_3D('',#1703,#1704,#1705);
#1703 = CARTESIAN_POINT('',(12.,12.,16.));
#1704 = DIRECTION('',(0.,0.,1.));
#1705 = DIRECTION('',(1.,0.,0.));
#1706 = ADVANCED_FACE('',(#1707),#1713,.T.);
#1707 = FACE_BOUND('',#1708,.T.);
#1708 = EDGE_LOOP('',(#1709,#1710,#1711,#1712));
#1709 = ORIENTED_EDGE('',*,*,#1226,.F.);
#1710 = ORIENTED_EDGE('',*,*,#1430,.T.);
#1711 = ORIENTED_EDGE('',*,*,#1414,.T.);
#1712 = ORIENTED_EDGE('',*,*,#1242,.F.);
#1713 = PLANE('',#1714);
#1714 = AXIS2_PLACEMENT_3D('',#1715,#1716,#1717);
#1715 = CARTESIAN_POINT('',(124.,12.,16.));
#1716 = DIRECTION('',(1.,0.,0.));
#1717 = DIRECTION('',(0.,0.,1.));
#1718 = ADVANCED_FACE('',(#1719),#1759,.F.);
#1719 = FACE_BOUND('',#1720,.T.);
#1720 = EDGE_LOOP('',(#1721,#1727,#1728,#1736,#1745,#1751,#1752,#1758));
#1721 = ORIENTED_EDGE('',*,*,#1722,.F.);
#1722 = EDGE_CURVE('',#1451,#1259,#1723,.T.);
#1723 = LINE('',#1724,#1725);
#1724 = CARTESIAN_POINT('',(113.,27.,15.));
#1725 = VECTOR('',#1726,1.);
#1726 = DIRECTION('',(0.,0.,1.));
#1727 = ORIENTED_EDGE('',*,*,#1458,.T.);
#1728 = ORIENTED_EDGE('',*,*,#1729,.F.);
#1729 = EDGE_CURVE('',#1730,#1459,#1732,.T.);
#1730 = VERTEX_POINT('',#1731);
#1731 = CARTESIAN_POINT('',(112.89870060668,25.998634748939,24.9));
#1732 = LINE('',#1733,#1734);
#1733 = CARTESIAN_POINT('',(112.89870060668,25.998634748939,15.));
#1734 = VECTOR('',#1735,1.);
#1735 = DIRECTION('',(-0.,-0.,-1.));
#1736 = ORIENTED_EDGE('',*,*,#1737,.T.);
#1737 = EDGE_CURVE('',#1730,#1738,#1740,.T.);
#1738 = VERTEX_POINT('',#1739);
#1739 = CARTESIAN_POINT('',(112.10354077262,24.143261802785,24.9));
#1740 = CIRCLE('',#1741,5.);
#1741 = AXIS2_PLACEMENT_3D('',#1742,#1743,#1744);
#1742 = CARTESIAN_POINT('',(108.,27.,24.9));
#1743 = DIRECTION('',(-0.,-0.,-1.));
#1744 = DIRECTION('',(0.,-1.,0.));
#1745 = ORIENTED_EDGE('',*,*,#1746,.T.);
#1746 = EDGE_CURVE('',#1738,#1477,#1747,.T.);
#1747 = LINE('',#1748,#1749);
#1748 = CARTESIAN_POINT('',(112.10354077262,24.143261802785,15.));
#1749 = VECTOR('',#1750,1.);
#1750 = DIRECTION('',(-0.,-0.,-1.));
#1751 = ORIENTED_EDGE('',*,*,#1485,.T.);
#1752 = ORIENTED_EDGE('',*,*,#1753,.T.);
#1753 = EDGE_CURVE('',#1486,#1261,#1754,.T.);
#1754 = LINE('',#1755,#1756);
#1755 = CARTESIAN_POINT('',(108.,22.,15.));
#1756 = VECTOR('',#1757,1.);
#1757 = DIRECTION('',(0.,0.,1.));
#1758 = ORIENTED_EDGE('',*,*,#1258,.F.);
#1759 = CYLINDRICAL_SURFACE('',#1760,5.);
#1760 = AXIS2_PLACEMENT_3D('',#1761,#1762,#1763);
#1761 = CARTESIAN_POINT('',(108.,27.,15.));
#1762 = DIRECTION('',(-0.,-0.,-1.));
#1763 = DIRECTION('',(0.,-1.,0.));
#1764 = ADVANCED_FACE('',(#1765),#1776,.T.);
#1765 = FACE_BOUND('',#1766,.T.);
#1766 = EDGE_LOOP('',(#1767,#1768,#1769,#1770));
#1767 = ORIENTED_EDGE('',*,*,#1450,.T.);
#1768 = ORIENTED_EDGE('',*,*,#1722,.T.);
#1769 = ORIENTED_EDGE('',*,*,#1320,.F.);
#1770 = ORIENTED_EDGE('',*,*,#1771,.F.);
#1771 = EDGE_CURVE('',#1442,#1312,#1772,.T.);
#1772 = LINE('',#1773,#1774);
#1773 = CARTESIAN_POINT('',(113.,57.,15.));
#1774 = VECTOR('',#1775,1.);
#1775 = DIRECTION('',(0.,0.,1.));
#1776 = PLANE('',#1777);
#1777 = AXIS2_PLACEMENT_3D('',#1778,#1779,#1780);
#1778 = CARTESIAN_POINT('',(113.,27.,15.));
#1779 = DIRECTION('',(-1.,0.,0.));
#1780 = DIRECTION('',(0.,1.,0.));
#1781 = ADVANCED_FACE('',(#1782),#1793,.F.);
#1782 = FACE_BOUND('',#1783,.T.);
#1783 = EDGE_LOOP('',(#1784,#1785,#1786,#1787));
#1784 = ORIENTED_EDGE('',*,*,#1439,.T.);
#1785 = ORIENTED_EDGE('',*,*,#1771,.T.);
#1786 = ORIENTED_EDGE('',*,*,#1311,.F.);
#1787 = ORIENTED_EDGE('',*,*,#1788,.F.);
#1788 = EDGE_CURVE('',#1440,#1304,#1789,.T.);
#1789 = LINE('',#1790,#1791);
#1790 = CARTESIAN_POINT('',(108.,62.,15.));
#1791 = VECTOR('',#1792,1.);
#1792 = DIRECTION('',(0.,0.,1.));
#1793 = CYLINDRICAL_SURFACE('',#1794,5.);
#1794 = AXIS2_PLACEMENT_3D('',#1795,#1796,#1797);
#1795 = CARTESIAN_POINT('',(108.,57.,15.));
#1796 = DIRECTION('',(-0.,-0.,-1.));
#1797 = DIRECTION('',(1.,0.,0.));
#1798 = ADVANCED_FACE('',(#1799),#1810,.T.);
#1799 = FACE_BOUND('',#1800,.T.);
#1800 = EDGE_LOOP('',(#1801,#1802,#1803,#1804));
#1801 = ORIENTED_EDGE('',*,*,#1555,.T.);
#1802 = ORIENTED_EDGE('',*,*,#1788,.T.);
#1803 = ORIENTED_EDGE('',*,*,#1303,.F.);
#1804 = ORIENTED_EDGE('',*,*,#1805,.F.);
#1805 = EDGE_CURVE('',#1547,#1295,#1806,.T.);
#1806 = LINE('',#1807,#1808);
#1807 = CARTESIAN_POINT('',(28.,62.,15.));
#1808 = VECTOR('',#1809,1.);
#1809 = DIRECTION('',(0.,0.,1.));
#1810 = PLANE('',#1811);
#1811 = AXIS2_PLACEMENT_3D('',#1812,#1813,#1814);
#1812 = CARTESIAN_POINT('',(108.,62.,15.));
#1813 = DIRECTION('',(0.,-1.,0.));
#1814 = DIRECTION('',(-1.,0.,0.));
#1815 = ADVANCED_FACE('',(#1816),#1827,.F.);
#1816 = FACE_BOUND('',#1817,.T.);
#1817 = EDGE_LOOP('',(#1818,#1819,#1820,#1821));
#1818 = ORIENTED_EDGE('',*,*,#1546,.T.);
#1819 = ORIENTED_EDGE('',*,*,#1805,.T.);
#1820 = ORIENTED_EDGE('',*,*,#1294,.F.);
#1821 = ORIENTED_EDGE('',*,*,#1822,.F.);
#1822 = EDGE_CURVE('',#1539,#1287,#1823,.T.);
#1823 = LINE('',#1824,#1825);
#1824 = CARTESIAN_POINT('',(23.,57.,15.));
#1825 = VECTOR('',#1826,1.);
#1826 = DIRECTION('',(0.,0.,1.));
#1827 = CYLINDRICAL_SURFACE('',#1828,5.);
#1828 = AXIS2_PLACEMENT_3D('',#1829,#1830,#1831);
#1829 = CARTESIAN_POINT('',(28.,57.,15.));
#1830 = DIRECTION('',(0.,0.,-1.));
#1831 = DIRECTION('',(0.,1.,0.));
#1832 = ADVANCED_FACE('',(#1833),#1844,.T.);
#1833 = FACE_BOUND('',#1834,.T.);
#1834 = EDGE_LOOP('',(#1835,#1836,#1837,#1838));
#1835 = ORIENTED_EDGE('',*,*,#1538,.T.);
#1836 = ORIENTED_EDGE('',*,*,#1822,.T.);
#1837 = ORIENTED_EDGE('',*,*,#1286,.F.);
#1838 = ORIENTED_EDGE('',*,*,#1839,.F.);
#1839 = EDGE_CURVE('',#1530,#1278,#1840,.T.);
#1840 = LINE('',#1841,#1842);
#1841 = CARTESIAN_POINT('',(23.,27.,15.));
#1842 = VECTOR('',#1843,1.);
#1843 = DIRECTION('',(0.,0.,1.));
#1844 = PLANE('',#1845);
#1845 = AXIS2_PLACEMENT_3D('',#1846,#1847,#1848);
#1846 = CARTESIAN_POINT('',(23.,57.,15.));
#1847 = DIRECTION('',(1.,0.,0.));
#1848 = DIRECTION('',(0.,-1.,0.));
#1849 = ADVANCED_FACE('',(#1850),#1885,.F.);
#1850 = FACE_BOUND('',#1851,.T.);
#1851 = EDGE_LOOP('',(#1852,#1858,#1859,#1867,#1876,#1882,#1883,#1884));
#1852 = ORIENTED_EDGE('',*,*,#1853,.F.);
#1853 = EDGE_CURVE('',#1495,#1270,#1854,.T.);
#1854 = LINE('',#1855,#1856);
#1855 = CARTESIAN_POINT('',(28.,22.,15.));
#1856 = VECTOR('',#1857,1.);
#1857 = DIRECTION('',(0.,0.,1.));
#1858 = ORIENTED_EDGE('',*,*,#1502,.T.);
#1859 = ORIENTED_EDGE('',*,*,#1860,.F.);
#1860 = EDGE_CURVE('',#1861,#1503,#1863,.T.);
#1861 = VERTEX_POINT('',#1862);
#1862 = CARTESIAN_POINT('',(23.896459227378,24.143261802785,24.9));
#1863 = LINE('',#1864,#1865);
#1864 = CARTESIAN_POINT('',(23.896459227378,24.143261802785,15.));
#1865 = VECTOR('',#1866,1.);
#1866 = DIRECTION('',(-0.,-0.,-1.));
#1867 = ORIENTED_EDGE('',*,*,#1868,.T.);
#1868 = EDGE_CURVE('',#1861,#1869,#1871,.T.);
#1869 = VERTEX_POINT('',#1870);
#1870 = CARTESIAN_POINT('',(23.101299393312,25.998634748939,24.9));
#1871 = CIRCLE('',#1872,5.);
#1872 = AXIS2_PLACEMENT_3D('',#1873,#1874,#1875);
#1873 = CARTESIAN_POINT('',(28.,27.,24.9));
#1874 = DIRECTION('',(0.,0.,-1.));
#1875 = DIRECTION('',(-1.,0.,0.));
#1876 = ORIENTED_EDGE('',*,*,#1877,.T.);
#1877 = EDGE_CURVE('',#1869,#1521,#1878,.T.);
#1878 = LINE('',#1879,#1880);
#1879 = CARTESIAN_POINT('',(23.101299393312,25.998634748939,15.));
#1880 = VECTOR('',#1881,1.);
#1881 = DIRECTION('',(-0.,-0.,-1.));
#1882 = ORIENTED_EDGE('',*,*,#1529,.T.);
#1883 = ORIENTED_EDGE('',*,*,#1839,.T.);
#1884 = ORIENTED_EDGE('',*,*,#1277,.F.);
#1885 = CYLINDRICAL_SURFACE('',#1886,5.);
#1886 = AXIS2_PLACEMENT_3D('',#1887,#1888,#1889);
#1887 = CARTESIAN_POINT('',(28.,27.,15.));
#1888 = DIRECTION('',(-0.,-0.,-1.));
#1889 = DIRECTION('',(-1.,0.,0.));
#1890 = ADVANCED_FACE('',(#1891),#1897,.T.);
#1891 = FACE_BOUND('',#1892,.T.);
#1892 = EDGE_LOOP('',(#1893,#1894,#1895,#1896));
#1893 = ORIENTED_EDGE('',*,*,#1494,.T.);
#1894 = ORIENTED_EDGE('',*,*,#1853,.T.);
#1895 = ORIENTED_EDGE('',*,*,#1269,.F.);
#1896 = ORIENTED_EDGE('',*,*,#1753,.F.);
#1897 = PLANE('',#1898);
#1898 = AXIS2_PLACEMENT_3D('',#1899,#1900,#1901);
#1899 = CARTESIAN_POINT('',(28.,22.,15.));
#1900 = DIRECTION('',(0.,1.,0.));
#1901 = DIRECTION('',(1.,0.,0.));
#1902 = ADVANCED_FACE('',(#1903),#1919,.F.);
#1903 = FACE_BOUND('',#1904,.T.);
#1904 = EDGE_LOOP('',(#1905,#1906,#1912,#1913));
#1905 = ORIENTED_EDGE('',*,*,#1626,.T.);
#1906 = ORIENTED_EDGE('',*,*,#1907,.T.);
#1907 = EDGE_CURVE('',#1627,#1331,#1908,.T.);
#1908 = LINE('',#1909,#1910);
#1909 = CARTESIAN_POINT('',(108.,102.,15.));
#1910 = VECTOR('',#1911,1.);
#1911 = DIRECTION('',(0.,0.,1.));
#1912 = ORIENTED_EDGE('',*,*,#1328,.F.);
#1913 = ORIENTED_EDGE('',*,*,#1914,.F.);
#1914 = EDGE_CURVE('',#1619,#1329,#1915,.T.);
#1915 = LINE('',#1916,#1917);
#1916 = CARTESIAN_POINT('',(113.,107.,15.));
#1917 = VECTOR('',#1918,1.);
#1918 = DIRECTION('',(0.,0.,1.));
#1919 = CYLINDRICAL_SURFACE('',#1920,5.);
#1920 = AXIS2_PLACEMENT_3D('',#1921,#1922,#1923);
#1921 = CARTESIAN_POINT('',(108.,107.,15.));
#1922 = DIRECTION('',(-0.,-0.,-1.));
#1923 = DIRECTION('',(0.,-1.,0.));
#1924 = ADVANCED_FACE('',(#1925),#1952,.T.);
#1925 = FACE_BOUND('',#1926,.T.);
#1926 = EDGE_LOOP('',(#1927,#1935,#1936,#1937,#1938,#1946));
#1927 = ORIENTED_EDGE('',*,*,#1928,.F.);
#1928 = EDGE_CURVE('',#1608,#1929,#1931,.T.);
#1929 = VERTEX_POINT('',#1930);
#1930 = CARTESIAN_POINT('',(113.,202.9,24.9));
#1931 = LINE('',#1932,#1933);
#1932 = CARTESIAN_POINT('',(113.,202.9,15.9));
#1933 = VECTOR('',#1934,1.);
#1934 = DIRECTION('',(0.,0.,1.));
#1935 = ORIENTED_EDGE('',*,*,#1618,.T.);
#1936 = ORIENTED_EDGE('',*,*,#1914,.T.);
#1937 = ORIENTED_EDGE('',*,*,#1390,.F.);
#1938 = ORIENTED_EDGE('',*,*,#1939,.F.);
#1939 = EDGE_CURVE('',#1940,#1382,#1942,.T.);
#1940 = VERTEX_POINT('',#1941);
#1941 = CARTESIAN_POINT('',(113.,203.,24.9));
#1942 = LINE('',#1943,#1944);
#1943 = CARTESIAN_POINT('',(113.,203.,15.));
#1944 = VECTOR('',#1945,1.);
#1945 = DIRECTION('',(0.,0.,1.));
#1946 = ORIENTED_EDGE('',*,*,#1947,.F.);
#1947 = EDGE_CURVE('',#1929,#1940,#1948,.T.);
#1948 = LINE('',#1949,#1950);
#1949 = CARTESIAN_POINT('',(113.,156.,24.9));
#1950 = VECTOR('',#1951,1.);
#1951 = DIRECTION('',(0.,1.,0.));
#1952 = PLANE('',#1953);
#1953 = AXIS2_PLACEMENT_3D('',#1954,#1955,#1956);
#1954 = CARTESIAN_POINT('',(113.,107.,15.));
#1955 = DIRECTION('',(-1.,0.,0.));
#1956 = DIRECTION('',(0.,1.,0.));
#1957 = ADVANCED_FACE('',(#1958),#1969,.T.);
#1958 = FACE_BOUND('',#1959,.T.);
#1959 = EDGE_LOOP('',(#1960,#1961,#1967,#1968));
#1960 = ORIENTED_EDGE('',*,*,#1635,.T.);
#1961 = ORIENTED_EDGE('',*,*,#1962,.T.);
#1962 = EDGE_CURVE('',#1636,#1340,#1963,.T.);
#1963 = LINE('',#1964,#1965);
#1964 = CARTESIAN_POINT('',(28.,102.,15.));
#1965 = VECTOR('',#1966,1.);
#1966 = DIRECTION('',(0.,0.,1.));
#1967 = ORIENTED_EDGE('',*,*,#1339,.F.);
#1968 = ORIENTED_EDGE('',*,*,#1907,.F.);
#1969 = PLANE('',#1970);
#1970 = AXIS2_PLACEMENT_3D('',#1971,#1972,#1973);
#1971 = CARTESIAN_POINT('',(28.,102.,15.));
#1972 = DIRECTION('',(0.,1.,0.));
#1973 = DIRECTION('',(1.,0.,0.));
#1974 = ADVANCED_FACE('',(#1975),#2001,.F.);
#1975 = FACE_BOUND('',#1976,.T.);
#1976 = EDGE_LOOP('',(#1977,#1983,#1984,#1992,#1999,#2000));
#1977 = ORIENTED_EDGE('',*,*,#1978,.F.);
#1978 = EDGE_CURVE('',#1679,#1374,#1979,.T.);
#1979 = LINE('',#1980,#1981);
#1980 = CARTESIAN_POINT('',(108.,208.,15.));
#1981 = VECTOR('',#1982,1.);
#1982 = DIRECTION('',(0.,0.,1.));
#1983 = ORIENTED_EDGE('',*,*,#1686,.T.);
#1984 = ORIENTED_EDGE('',*,*,#1985,.F.);
#1985 = EDGE_CURVE('',#1986,#1687,#1988,.T.);
#1986 = VERTEX_POINT('',#1987);
#1987 = CARTESIAN_POINT('',(112.19211355564,205.72510255523,24.9));
#1988 = LINE('',#1989,#1990);
#1989 = CARTESIAN_POINT('',(112.19211355564,205.72510255523,15.));
#1990 = VECTOR('',#1991,1.);
#1991 = DIRECTION('',(-0.,-0.,-1.));
#1992 = ORIENTED_EDGE('',*,*,#1993,.T.);
#1993 = EDGE_CURVE('',#1986,#1940,#1994,.T.);
#1994 = CIRCLE('',#1995,5.);
#1995 = AXIS2_PLACEMENT_3D('',#1996,#1997,#1998);
#1996 = CARTESIAN_POINT('',(108.,203.,24.9));
#1997 = DIRECTION('',(0.,0.,-1.));
#1998 = DIRECTION('',(1.,0.,0.));
#1999 = ORIENTED_EDGE('',*,*,#1939,.T.);
#2000 = ORIENTED_EDGE('',*,*,#1381,.F.);
#2001 = CYLINDRICAL_SURFACE('',#2002,5.);
#2002 = AXIS2_PLACEMENT_3D('',#2003,#2004,#2005);
#2003 = CARTESIAN_POINT('',(108.,203.,15.));
#2004 = DIRECTION('',(-0.,-0.,-1.));
#2005 = DIRECTION('',(1.,0.,0.));
#2006 = ADVANCED_FACE('',(#2007),#2018,.F.);
#2007 = FACE_BOUND('',#2008,.T.);
#2008 = EDGE_LOOP('',(#2009,#2010,#2016,#2017));
#2009 = ORIENTED_EDGE('',*,*,#1643,.T.);
#2010 = ORIENTED_EDGE('',*,*,#2011,.T.);
#2011 = EDGE_CURVE('',#1644,#1348,#2012,.T.);
#2012 = LINE('',#2013,#2014);
#2013 = CARTESIAN_POINT('',(23.,107.,15.));
#2014 = VECTOR('',#2015,1.);
#2015 = DIRECTION('',(0.,0.,1.));
#2016 = ORIENTED_EDGE('',*,*,#1347,.F.);
#2017 = ORIENTED_EDGE('',*,*,#1962,.F.);
#2018 = CYLINDRICAL_SURFACE('',#2019,5.);
#2019 = AXIS2_PLACEMENT_3D('',#2020,#2021,#2022);
#2020 = CARTESIAN_POINT('',(28.,107.,15.));
#2021 = DIRECTION('',(-0.,-0.,-1.));
#2022 = DIRECTION('',(-1.,0.,0.));
#2023 = ADVANCED_FACE('',(#2024),#2035,.T.);
#2024 = FACE_BOUND('',#2025,.T.);
#2025 = EDGE_LOOP('',(#2026,#2027,#2028,#2029));
#2026 = ORIENTED_EDGE('',*,*,#1678,.T.);
#2027 = ORIENTED_EDGE('',*,*,#1978,.T.);
#2028 = ORIENTED_EDGE('',*,*,#1373,.F.);
#2029 = ORIENTED_EDGE('',*,*,#2030,.F.);
#2030 = EDGE_CURVE('',#1670,#1365,#2031,.T.);
#2031 = LINE('',#2032,#2033);
#2032 = CARTESIAN_POINT('',(28.,208.,15.));
#2033 = VECTOR('',#2034,1.);
#2034 = DIRECTION('',(0.,0.,1.));
#2035 = PLANE('',#2036);
#2036 = AXIS2_PLACEMENT_3D('',#2037,#2038,#2039);
#2037 = CARTESIAN_POINT('',(108.,208.,15.));
#2038 = DIRECTION('',(0.,-1.,0.));
#2039 = DIRECTION('',(-1.,0.,0.));
#2040 = ADVANCED_FACE('',(#2041),#2068,.T.);
#2041 = FACE_BOUND('',#2042,.T.);
#2042 = EDGE_LOOP('',(#2043,#2044,#2045,#2053,#2061,#2067));
#2043 = ORIENTED_EDGE('',*,*,#2011,.F.);
#2044 = ORIENTED_EDGE('',*,*,#1652,.T.);
#2045 = ORIENTED_EDGE('',*,*,#2046,.T.);
#2046 = EDGE_CURVE('',#1653,#2047,#2049,.T.);
#2047 = VERTEX_POINT('',#2048);
#2048 = CARTESIAN_POINT('',(23.,202.9,24.9));
#2049 = LINE('',#2050,#2051);
#2050 = CARTESIAN_POINT('',(23.,202.9,15.9));
#2051 = VECTOR('',#2052,1.);
#2052 = DIRECTION('',(0.,0.,1.));
#2053 = ORIENTED_EDGE('',*,*,#2054,.F.);
#2054 = EDGE_CURVE('',#2055,#2047,#2057,.T.);
#2055 = VERTEX_POINT('',#2056);
#2056 = CARTESIAN_POINT('',(23.,203.,24.9));
#2057 = LINE('',#2058,#2059);
#2058 = CARTESIAN_POINT('',(23.,204.,24.9));
#2059 = VECTOR('',#2060,1.);
#2060 = DIRECTION('',(0.,-1.,0.));
#2061 = ORIENTED_EDGE('',*,*,#2062,.T.);
#2062 = EDGE_CURVE('',#2055,#1357,#2063,.T.);
#2063 = LINE('',#2064,#2065);
#2064 = CARTESIAN_POINT('',(23.,203.,15.));
#2065 = VECTOR('',#2066,1.);
#2066 = DIRECTION('',(0.,0.,1.));
#2067 = ORIENTED_EDGE('',*,*,#1356,.F.);
#2068 = PLANE('',#2069);
#2069 = AXIS2_PLACEMENT_3D('',#2070,#2071,#2072);
#2070 = CARTESIAN_POINT('',(23.,203.,15.));
#2071 = DIRECTION('',(1.,0.,0.));
#2072 = DIRECTION('',(0.,-1.,0.));
#2073 = ADVANCED_FACE('',(#2074),#2095,.F.);
#2074 = FACE_BOUND('',#2075,.T.);
#2075 = EDGE_LOOP('',(#2076,#2084,#2085,#2086,#2087,#2088));
#2076 = ORIENTED_EDGE('',*,*,#2077,.T.);
#2077 = EDGE_CURVE('',#2078,#1661,#2080,.T.);
#2078 = VERTEX_POINT('',#2079);
#2079 = CARTESIAN_POINT('',(23.807886444354,205.72510255523,24.9));
#2080 = LINE('',#2081,#2082);
#2081 = CARTESIAN_POINT('',(23.807886444354,205.72510255523,15.));
#2082 = VECTOR('',#2083,1.);
#2083 = DIRECTION('',(0.,0.,-1.));
#2084 = ORIENTED_EDGE('',*,*,#1669,.T.);
#2085 = ORIENTED_EDGE('',*,*,#2030,.T.);
#2086 = ORIENTED_EDGE('',*,*,#1364,.F.);
#2087 = ORIENTED_EDGE('',*,*,#2062,.F.);
#2088 = ORIENTED_EDGE('',*,*,#2089,.T.);
#2089 = EDGE_CURVE('',#2055,#2078,#2090,.T.);
#2090 = CIRCLE('',#2091,5.);
#2091 = AXIS2_PLACEMENT_3D('',#2092,#2093,#2094);
#2092 = CARTESIAN_POINT('',(28.,203.,24.9));
#2093 = DIRECTION('',(0.,0.,-1.));
#2094 = DIRECTION('',(0.,1.,0.));
#2095 = CYLINDRICAL_SURFACE('',#2096,5.);
#2096 = AXIS2_PLACEMENT_3D('',#2097,#2098,#2099);
#2097 = CARTESIAN_POINT('',(28.,203.,15.));
#2098 = DIRECTION('',(0.,0.,-1.));
#2099 = DIRECTION('',(0.,1.,0.));
#2100 = ADVANCED_FACE('',(#2101),#2120,.F.);
#2101 = FACE_BOUND('',#2102,.F.);
#2102 = EDGE_LOOP('',(#2103,#2111,#2118,#2119));
#2103 = ORIENTED_EDGE('',*,*,#2104,.T.);
#2104 = EDGE_CURVE('',#1512,#2105,#2107,.T.);
#2105 = VERTEX_POINT('',#2106);
#2106 = CARTESIAN_POINT('',(23.9,24.,24.9));
#2107 = LINE('',#2108,#2109);
#2108 = CARTESIAN_POINT('',(23.9,24.,15.9));
#2109 = VECTOR('',#2110,1.);
#2110 = DIRECTION('',(0.,0.,1.));
#2111 = ORIENTED_EDGE('',*,*,#2112,.F.);
#2112 = EDGE_CURVE('',#1869,#2105,#2113,.T.);
#2113 = CIRCLE('',#2114,2.9);
#2114 = AXIS2_PLACEMENT_3D('',#2115,#2116,#2117);
#2115 = CARTESIAN_POINT('',(21.,24.,24.9));
#2116 = DIRECTION('',(0.,0.,1.));
#2117 = DIRECTION('',(1.,0.,0.));
#2118 = ORIENTED_EDGE('',*,*,#1877,.T.);
#2119 = ORIENTED_EDGE('',*,*,#1520,.T.);
#2120 = CYLINDRICAL_SURFACE('',#2121,2.9);
#2121 = AXIS2_PLACEMENT_3D('',#2122,#2123,#2124);
#2122 = CARTESIAN_POINT('',(21.,24.,15.9));
#2123 = DIRECTION('',(0.,0.,1.));
#2124 = DIRECTION('',(1.,0.,0.));
#2125 = ADVANCED_FACE('',(#2126),#2138,.F.);
#2126 = FACE_BOUND('',#2127,.F.);
#2127 = EDGE_LOOP('',(#2128,#2135,#2136,#2137));
#2128 = ORIENTED_EDGE('',*,*,#2129,.F.);
#2129 = EDGE_CURVE('',#2105,#1861,#2130,.T.);
#2130 = CIRCLE('',#2131,2.9);
#2131 = AXIS2_PLACEMENT_3D('',#2132,#2133,#2134);
#2132 = CARTESIAN_POINT('',(21.,24.,24.9));
#2133 = DIRECTION('',(0.,0.,1.));
#2134 = DIRECTION('',(1.,0.,0.));
#2135 = ORIENTED_EDGE('',*,*,#2104,.F.);
#2136 = ORIENTED_EDGE('',*,*,#1511,.T.);
#2137 = ORIENTED_EDGE('',*,*,#1860,.F.);
#2138 = CYLINDRICAL_SURFACE('',#2139,2.9);
#2139 = AXIS2_PLACEMENT_3D('',#2140,#2141,#2142);
#2140 = CARTESIAN_POINT('',(21.,24.,15.9));
#2141 = DIRECTION('',(0.,0.,1.));
#2142 = DIRECTION('',(1.,0.,0.));
#2143 = ADVANCED_FACE('',(#2144),#2163,.F.);
#2144 = FACE_BOUND('',#2145,.F.);
#2145 = EDGE_LOOP('',(#2146,#2154,#2161,#2162));
#2146 = ORIENTED_EDGE('',*,*,#2147,.T.);
#2147 = EDGE_CURVE('',#1468,#2148,#2150,.T.);
#2148 = VERTEX_POINT('',#2149);
#2149 = CARTESIAN_POINT('',(117.9,24.,24.9));
#2150 = LINE('',#2151,#2152);
#2151 = CARTESIAN_POINT('',(117.9,24.,15.9));
#2152 = VECTOR('',#2153,1.);
#2153 = DIRECTION('',(0.,0.,1.));
#2154 = ORIENTED_EDGE('',*,*,#2155,.F.);
#2155 = EDGE_CURVE('',#1738,#2148,#2156,.T.);
#2156 = CIRCLE('',#2157,2.9);
#2157 = AXIS2_PLACEMENT_3D('',#2158,#2159,#2160);
#2158 = CARTESIAN_POINT('',(115.,24.,24.9));
#2159 = DIRECTION('',(0.,0.,1.));
#2160 = DIRECTION('',(1.,0.,0.));
#2161 = ORIENTED_EDGE('',*,*,#1746,.T.);
#2162 = ORIENTED_EDGE('',*,*,#1476,.T.);
#2163 = CYLINDRICAL_SURFACE('',#2164,2.9);
#2164 = AXIS2_PLACEMENT_3D('',#2165,#2166,#2167);
#2165 = CARTESIAN_POINT('',(115.,24.,15.9));
#2166 = DIRECTION('',(0.,0.,1.));
#2167 = DIRECTION('',(1.,0.,0.));
#2168 = ADVANCED_FACE('',(#2169),#2181,.F.);
#2169 = FACE_BOUND('',#2170,.F.);
#2170 = EDGE_LOOP('',(#2171,#2178,#2179,#2180));
#2171 = ORIENTED_EDGE('',*,*,#2172,.F.);
#2172 = EDGE_CURVE('',#2148,#1730,#2173,.T.);
#2173 = CIRCLE('',#2174,2.9);
#2174 = AXIS2_PLACEMENT_3D('',#2175,#2176,#2177);
#2175 = CARTESIAN_POINT('',(115.,24.,24.9));
#2176 = DIRECTION('',(0.,0.,1.));
#2177 = DIRECTION('',(1.,0.,0.));
#2178 = ORIENTED_EDGE('',*,*,#2147,.F.);
#2179 = ORIENTED_EDGE('',*,*,#1467,.T.);
#2180 = ORIENTED_EDGE('',*,*,#1729,.F.);
#2181 = CYLINDRICAL_SURFACE('',#2182,2.9);
#2182 = AXIS2_PLACEMENT_3D('',#2183,#2184,#2185);
#2183 = CARTESIAN_POINT('',(115.,24.,15.9));
#2184 = DIRECTION('',(0.,0.,1.));
#2185 = DIRECTION('',(1.,0.,0.));
#2186 = ADVANCED_FACE('',(#2187),#2206,.F.);
#2187 = FACE_BOUND('',#2188,.F.);
#2188 = EDGE_LOOP('',(#2189,#2197,#2204,#2205));
#2189 = ORIENTED_EDGE('',*,*,#2190,.T.);
#2190 = EDGE_CURVE('',#1564,#2191,#2193,.T.);
#2191 = VERTEX_POINT('',#2192);
#2192 = CARTESIAN_POINT('',(23.9,72.,24.9));
#2193 = LINE('',#2194,#2195);
#2194 = CARTESIAN_POINT('',(23.9,72.,15.9));
#2195 = VECTOR('',#2196,1.);
#2196 = DIRECTION('',(0.,0.,1.));
#2197 = ORIENTED_EDGE('',*,*,#2198,.F.);
#2198 = EDGE_CURVE('',#2191,#2191,#2199,.T.);
#2199 = CIRCLE('',#2200,2.9);
#2200 = AXIS2_PLACEMENT_3D('',#2201,#2202,#2203);
#2201 = CARTESIAN_POINT('',(21.,72.,24.9));
#2202 = DIRECTION('',(0.,0.,1.));
#2203 = DIRECTION('',(1.,0.,0.));
#2204 = ORIENTED_EDGE('',*,*,#2190,.F.);
#2205 = ORIENTED_EDGE('',*,*,#1563,.T.);
#2206 = CYLINDRICAL_SURFACE('',#2207,2.9);
#2207 = AXIS2_PLACEMENT_3D('',#2208,#2209,#2210);
#2208 = CARTESIAN_POINT('',(21.,72.,15.9));
#2209 = DIRECTION('',(0.,0.,1.));
#2210 = DIRECTION('',(1.,0.,0.));
#2211 = ADVANCED_FACE('',(#2212),#2231,.F.);
#2212 = FACE_BOUND('',#2213,.F.);
#2213 = EDGE_LOOP('',(#2214,#2222,#2229,#2230));
#2214 = ORIENTED_EDGE('',*,*,#2215,.T.);
#2215 = EDGE_CURVE('',#1575,#2216,#2218,.T.);
#2216 = VERTEX_POINT('',#2217);
#2217 = CARTESIAN_POINT('',(23.9,92.,24.9));
#2218 = LINE('',#2219,#2220);
#2219 = CARTESIAN_POINT('',(23.9,92.,15.9));
#2220 = VECTOR('',#2221,1.);
#2221 = DIRECTION('',(0.,0.,1.));
#2222 = ORIENTED_EDGE('',*,*,#2223,.F.);
#2223 = EDGE_CURVE('',#2216,#2216,#2224,.T.);
#2224 = CIRCLE('',#2225,2.9);
#2225 = AXIS2_PLACEMENT_3D('',#2226,#2227,#2228);
#2226 = CARTESIAN_POINT('',(21.,92.,24.9));
#2227 = DIRECTION('',(0.,0.,1.));
#2228 = DIRECTION('',(1.,0.,0.));
#2229 = ORIENTED_EDGE('',*,*,#2215,.F.);
#2230 = ORIENTED_EDGE('',*,*,#1574,.T.);
#2231 = CYLINDRICAL_SURFACE('',#2232,2.9);
#2232 = AXIS2_PLACEMENT_3D('',#2233,#2234,#2235);
#2233 = CARTESIAN_POINT('',(21.,92.,15.9));
#2234 = DIRECTION('',(0.,0.,1.));
#2235 = DIRECTION('',(1.,0.,0.));
#2236 = ADVANCED_FACE('',(#2237),#2256,.F.);
#2237 = FACE_BOUND('',#2238,.F.);
#2238 = EDGE_LOOP('',(#2239,#2247,#2254,#2255));
#2239 = ORIENTED_EDGE('',*,*,#2240,.T.);
#2240 = EDGE_CURVE('',#1586,#2241,#2243,.T.);
#2241 = VERTEX_POINT('',#2242);
#2242 = CARTESIAN_POINT('',(117.9,72.,24.9));
#2243 = LINE('',#2244,#2245);
#2244 = CARTESIAN_POINT('',(117.9,72.,15.9));
#2245 = VECTOR('',#2246,1.);
#2246 = DIRECTION('',(0.,0.,1.));
#2247 = ORIENTED_EDGE('',*,*,#2248,.F.);
#2248 = EDGE_CURVE('',#2241,#2241,#2249,.T.);
#2249 = CIRCLE('',#2250,2.9);
#2250 = AXIS2_PLACEMENT_3D('',#2251,#2252,#2253);
#2251 = CARTESIAN_POINT('',(115.,72.,24.9));
#2252 = DIRECTION('',(0.,0.,1.));
#2253 = DIRECTION('',(1.,0.,0.));
#2254 = ORIENTED_EDGE('',*,*,#2240,.F.);
#2255 = ORIENTED_EDGE('',*,*,#1585,.T.);
#2256 = CYLINDRICAL_SURFACE('',#2257,2.9);
#2257 = AXIS2_PLACEMENT_3D('',#2258,#2259,#2260);
#2258 = CARTESIAN_POINT('',(115.,72.,15.9));
#2259 = DIRECTION('',(0.,0.,1.));
#2260 = DIRECTION('',(1.,0.,0.));
#2261 = ADVANCED_FACE('',(#2262),#2281,.F.);
#2262 = FACE_BOUND('',#2263,.F.);
#2263 = EDGE_LOOP('',(#2264,#2272,#2279,#2280));
#2264 = ORIENTED_EDGE('',*,*,#2265,.T.);
#2265 = EDGE_CURVE('',#1597,#2266,#2268,.T.);
#2266 = VERTEX_POINT('',#2267);
#2267 = CARTESIAN_POINT('',(117.9,92.,24.9));
#2268 = LINE('',#2269,#2270);
#2269 = CARTESIAN_POINT('',(117.9,92.,15.9));
#2270 = VECTOR('',#2271,1.);
#2271 = DIRECTION('',(0.,0.,1.));
#2272 = ORIENTED_EDGE('',*,*,#2273,.F.);
#2273 = EDGE_CURVE('',#2266,#2266,#2274,.T.);
#2274 = CIRCLE('',#2275,2.9);
#2275 = AXIS2_PLACEMENT_3D('',#2276,#2277,#2278);
#2276 = CARTESIAN_POINT('',(115.,92.,24.9));
#2277 = DIRECTION('',(0.,0.,1.));
#2278 = DIRECTION('',(1.,0.,0.));
#2279 = ORIENTED_EDGE('',*,*,#2265,.F.);
#2280 = ORIENTED_EDGE('',*,*,#1596,.T.);
#2281 = CYLINDRICAL_SURFACE('',#2282,2.9);
#2282 = AXIS2_PLACEMENT_3D('',#2283,#2284,#2285);
#2283 = CARTESIAN_POINT('',(115.,92.,15.9));
#2284 = DIRECTION('',(0.,0.,1.));
#2285 = DIRECTION('',(1.,0.,0.));
#2286 = ADVANCED_FACE('',(#2287),#2306,.F.);
#2287 = FACE_BOUND('',#2288,.F.);
#2288 = EDGE_LOOP('',(#2289,#2297,#2304,#2305));
#2289 = ORIENTED_EDGE('',*,*,#2290,.T.);
#2290 = EDGE_CURVE('',#1610,#2291,#2293,.T.);
#2291 = VERTEX_POINT('',#2292);
#2292 = CARTESIAN_POINT('',(117.9,205.,24.9));
#2293 = LINE('',#2294,#2295);
#2294 = CARTESIAN_POINT('',(117.9,205.,15.9));
#2295 = VECTOR('',#2296,1.);
#2296 = DIRECTION('',(0.,0.,1.));
#2297 = ORIENTED_EDGE('',*,*,#2298,.F.);
#2298 = EDGE_CURVE('',#1929,#2291,#2299,.T.);
#2299 = CIRCLE('',#2300,2.9);
#2300 = AXIS2_PLACEMENT_3D('',#2301,#2302,#2303);
#2301 = CARTESIAN_POINT('',(115.,205.,24.9));
#2302 = DIRECTION('',(0.,0.,1.));
#2303 = DIRECTION('',(1.,0.,0.));
#2304 = ORIENTED_EDGE('',*,*,#1928,.F.);
#2305 = ORIENTED_EDGE('',*,*,#1607,.T.);
#2306 = CYLINDRICAL_SURFACE('',#2307,2.9);
#2307 = AXIS2_PLACEMENT_3D('',#2308,#2309,#2310);
#2308 = CARTESIAN_POINT('',(115.,205.,15.9));
#2309 = DIRECTION('',(0.,0.,1.));
#2310 = DIRECTION('',(1.,0.,0.));
#2311 = ADVANCED_FACE('',(#2312),#2324,.F.);
#2312 = FACE_BOUND('',#2313,.F.);
#2313 = EDGE_LOOP('',(#2314,#2321,#2322,#2323));
#2314 = ORIENTED_EDGE('',*,*,#2315,.F.);
#2315 = EDGE_CURVE('',#2291,#1986,#2316,.T.);
#2316 = CIRCLE('',#2317,2.9);
#2317 = AXIS2_PLACEMENT_3D('',#2318,#2319,#2320);
#2318 = CARTESIAN_POINT('',(115.,205.,24.9));
#2319 = DIRECTION('',(0.,0.,1.));
#2320 = DIRECTION('',(1.,0.,0.));
#2321 = ORIENTED_EDGE('',*,*,#2290,.F.);
#2322 = ORIENTED_EDGE('',*,*,#1695,.T.);
#2323 = ORIENTED_EDGE('',*,*,#1985,.F.);
#2324 = CYLINDRICAL_SURFACE('',#2325,2.9);
#2325 = AXIS2_PLACEMENT_3D('',#2326,#2327,#2328);
#2326 = CARTESIAN_POINT('',(115.,205.,15.9));
#2327 = DIRECTION('',(0.,0.,1.));
#2328 = DIRECTION('',(1.,0.,0.));
#2329 = ADVANCED_FACE('',(#2330),#2342,.F.);
#2330 = FACE_BOUND('',#2331,.F.);
#2331 = EDGE_LOOP('',(#2332,#2339,#2340,#2341));
#2332 = ORIENTED_EDGE('',*,*,#2333,.F.);
#2333 = EDGE_CURVE('',#2078,#2047,#2334,.T.);
#2334 = CIRCLE('',#2335,2.9);
#2335 = AXIS2_PLACEMENT_3D('',#2336,#2337,#2338);
#2336 = CARTESIAN_POINT('',(21.,205.,24.9));
#2337 = DIRECTION('',(0.,0.,1.));
#2338 = DIRECTION('',(1.,0.,0.));
#2339 = ORIENTED_EDGE('',*,*,#2077,.T.);
#2340 = ORIENTED_EDGE('',*,*,#1660,.T.);
#2341 = ORIENTED_EDGE('',*,*,#2046,.T.);
#2342 = CYLINDRICAL_SURFACE('',#2343,2.9);
#2343 = AXIS2_PLACEMENT_3D('',#2344,#2345,#2346);
#2344 = CARTESIAN_POINT('',(21.,205.,15.9));
#2345 = DIRECTION('',(0.,0.,1.));
#2346 = DIRECTION('',(1.,0.,0.));
#2347 = ADVANCED_FACE('',(#2348),#2353,.F.);
#2348 = FACE_BOUND('',#2349,.F.);
#2349 = EDGE_LOOP('',(#2350,#2351,#2352));
#2350 = ORIENTED_EDGE('',*,*,#2155,.T.);
#2351 = ORIENTED_EDGE('',*,*,#2172,.T.);
#2352 = ORIENTED_EDGE('',*,*,#1737,.T.);
#2353 = PLANE('',#2354);
#2354 = AXIS2_PLACEMENT_3D('',#2355,#2356,#2357);
#2355 = CARTESIAN_POINT('',(115.,24.,24.9));
#2356 = DIRECTION('',(0.,0.,1.));
#2357 = DIRECTION('',(1.,0.,0.));
#2358 = ADVANCED_FACE('',(#2359),#2364,.F.);
#2359 = FACE_BOUND('',#2360,.F.);
#2360 = EDGE_LOOP('',(#2361,#2362,#2363));
#2361 = ORIENTED_EDGE('',*,*,#2112,.T.);
#2362 = ORIENTED_EDGE('',*,*,#2129,.T.);
#2363 = ORIENTED_EDGE('',*,*,#1868,.T.);
#2364 = PLANE('',#2365);
#2365 = AXIS2_PLACEMENT_3D('',#2366,#2367,#2368);
#2366 = CARTESIAN_POINT('',(21.,24.,24.9));
#2367 = DIRECTION('',(0.,0.,1.));
#2368 = DIRECTION('',(1.,0.,0.));
#2369 = ADVANCED_FACE('',(#2370),#2376,.F.);
#2370 = FACE_BOUND('',#2371,.F.);
#2371 = EDGE_LOOP('',(#2372,#2373,#2374,#2375));
#2372 = ORIENTED_EDGE('',*,*,#2298,.T.);
#2373 = ORIENTED_EDGE('',*,*,#2315,.T.);
#2374 = ORIENTED_EDGE('',*,*,#1993,.T.);
#2375 = ORIENTED_EDGE('',*,*,#1947,.F.);
#2376 = PLANE('',#2377);
#2377 = AXIS2_PLACEMENT_3D('',#2378,#2379,#2380);
#2378 = CARTESIAN_POINT('',(115.,205.,24.9));
#2379 = DIRECTION('',(0.,0.,1.));
#2380 = DIRECTION('',(1.,0.,0.));
#2381 = ADVANCED_FACE('',(#2382),#2387,.F.);
#2382 = FACE_BOUND('',#2383,.F.);
#2383 = EDGE_LOOP('',(#2384,#2385,#2386));
#2384 = ORIENTED_EDGE('',*,*,#2089,.T.);
#2385 = ORIENTED_EDGE('',*,*,#2333,.T.);
#2386 = ORIENTED_EDGE('',*,*,#2054,.F.);
#2387 = PLANE('',#2388);
#2388 = AXIS2_PLACEMENT_3D('',#2389,#2390,#2391);
#2389 = CARTESIAN_POINT('',(21.,205.,24.9));
#2390 = DIRECTION('',(0.,0.,1.));
#2391 = DIRECTION('',(1.,0.,0.));
#2392 = ADVANCED_FACE('',(#2393),#2396,.F.);
#2393 = FACE_BOUND('',#2394,.F.);
#2394 = EDGE_LOOP('',(#2395));
#2395 = ORIENTED_EDGE('',*,*,#2198,.T.);
#2396 = PLANE('',#2397);
#2397 = AXIS2_PLACEMENT_3D('',#2398,#2399,#2400);
#2398 = CARTESIAN_POINT('',(21.,72.,24.9));
#2399 = DIRECTION('',(0.,0.,1.));
#2400 = DIRECTION('',(1.,0.,0.));
#2401 = ADVANCED_FACE('',(#2402),#2405,.F.);
#2402 = FACE_BOUND('',#2403,.F.);
#2403 = EDGE_LOOP('',(#2404));
#2404 = ORIENTED_EDGE('',*,*,#2223,.T.);
#2405 = PLANE('',#2406);
#2406 = AXIS2_PLACEMENT_3D('',#2407,#2408,#2409);
#2407 = CARTESIAN_POINT('',(21.,92.,24.9));
#2408 = DIRECTION('',(0.,0.,1.));
#2409 = DIRECTION('',(1.,0.,0.));
#2410 = ADVANCED_FACE('',(#2411),#2414,.F.);
#2411 = FACE_BOUND('',#2412,.F.);
#2412 = EDGE_LOOP('',(#2413));
#2413 = ORIENTED_EDGE('',*,*,#2248,.T.);
#2414 = PLANE('',#2415);
#2415 = AXIS2_PLACEMENT_3D('',#2416,#2417,#2418);
#2416 = CARTESIAN_POINT('',(115.,72.,24.9));
#2417 = DIRECTION('',(0.,0.,1.));
#2418 = DIRECTION('',(1.,0.,0.));
#2419 = ADVANCED_FACE('',(#2420),#2423,.F.);
#2420 = FACE_BOUND('',#2421,.F.);
#2421 = EDGE_LOOP('',(#2422));
#2422 = ORIENTED_EDGE('',*,*,#2273,.T.);
#2423 = PLANE('',#2424);
#2424 = AXIS2_PLACEMENT_3D('',#2425,#2426,#2427);
#2425 = CARTESIAN_POINT('',(115.,92.,24.9));
#2426 = DIRECTION('',(0.,0.,1.));
#2427 = DIRECTION('',(1.,0.,0.));
#2428 = MANIFOLD_SOLID_BREP('',#2429);
#2429 = CLOSED_SHELL('',(#2430,#2470,#2501,#2790,#2814,#2971,#2983,#3005
    ,#3022,#3039,#3056,#3097,#3122,#3140,#3157,#3198,#3223,#3241,#3253,
    #3278,#3303,#3328,#3353,#3385,#3417,#3441,#3458,#3475,#3509,#3526,
    #3551,#3568,#3593,#3612,#3623,#3634,#3643,#3652,#3661,#3670,#3681));
#2430 = ADVANCED_FACE('',(#2431),#2465,.F.);
#2431 = FACE_BOUND('',#2432,.F.);
#2432 = EDGE_LOOP('',(#2433,#2443,#2451,#2459));
#2433 = ORIENTED_EDGE('',*,*,#2434,.F.);
#2434 = EDGE_CURVE('',#2435,#2437,#2439,.T.);
#2435 = VERTEX_POINT('',#2436);
#2436 = CARTESIAN_POINT('',(12.,12.,162.));
#2437 = VERTEX_POINT('',#2438);
#2438 = CARTESIAN_POINT('',(12.,12.,174.));
#2439 = LINE('',#2440,#2441);
#2440 = CARTESIAN_POINT('',(12.,12.,162.));
#2441 = VECTOR('',#2442,1.);
#2442 = DIRECTION('',(0.,0.,1.));
#2443 = ORIENTED_EDGE('',*,*,#2444,.T.);
#2444 = EDGE_CURVE('',#2435,#2445,#2447,.T.);
#2445 = VERTEX_POINT('',#2446);
#2446 = CARTESIAN_POINT('',(12.,218.,162.));
#2447 = LINE('',#2448,#2449);
#2448 = CARTESIAN_POINT('',(12.,12.,162.));
#2449 = VECTOR('',#2450,1.);
#2450 = DIRECTION('',(0.,1.,0.));
#2451 = ORIENTED_EDGE('',*,*,#2452,.T.);
#2452 = EDGE_CURVE('',#2445,#2453,#2455,.T.);
#2453 = VERTEX_POINT('',#2454);
#2454 = CARTESIAN_POINT('',(12.,218.,174.));
#2455 = LINE('',#2456,#2457);
#2456 = CARTESIAN_POINT('',(12.,218.,162.));
#2457 = VECTOR('',#2458,1.);
#2458 = DIRECTION('',(0.,0.,1.));
#2459 = ORIENTED_EDGE('',*,*,#2460,.F.);
#2460 = EDGE_CURVE('',#2437,#2453,#2461,.T.);
#2461 = LINE('',#2462,#2463);
#2462 = CARTESIAN_POINT('',(12.,12.,174.));
#2463 = VECTOR('',#2464,1.);
#2464 = DIRECTION('',(0.,1.,0.));
#2465 = PLANE('',#2466);
#2466 = AXIS2_PLACEMENT_3D('',#2467,#2468,#2469);
#2467 = CARTESIAN_POINT('',(12.,12.,162.));
#2468 = DIRECTION('',(1.,0.,0.));
#2469 = DIRECTION('',(0.,0.,1.));
#2470 = ADVANCED_FACE('',(#2471),#2496,.F.);
#2471 = FACE_BOUND('',#2472,.F.);
#2472 = EDGE_LOOP('',(#2473,#2481,#2482,#2490));
#2473 = ORIENTED_EDGE('',*,*,#2474,.F.);
#2474 = EDGE_CURVE('',#2435,#2475,#2477,.T.);
#2475 = VERTEX_POINT('',#2476);
#2476 = CARTESIAN_POINT('',(124.,12.,162.));
#2477 = LINE('',#2478,#2479);
#2478 = CARTESIAN_POINT('',(12.,12.,162.));
#2479 = VECTOR('',#2480,1.);
#2480 = DIRECTION('',(1.,0.,0.));
#2481 = ORIENTED_EDGE('',*,*,#2434,.T.);
#2482 = ORIENTED_EDGE('',*,*,#2483,.T.);
#2483 = EDGE_CURVE('',#2437,#2484,#2486,.T.);
#2484 = VERTEX_POINT('',#2485);
#2485 = CARTESIAN_POINT('',(124.,12.,174.));
#2486 = LINE('',#2487,#2488);
#2487 = CARTESIAN_POINT('',(12.,12.,174.));
#2488 = VECTOR('',#2489,1.);
#2489 = DIRECTION('',(1.,0.,0.));
#2490 = ORIENTED_EDGE('',*,*,#2491,.F.);
#2491 = EDGE_CURVE('',#2475,#2484,#2492,.T.);
#2492 = LINE('',#2493,#2494);
#2493 = CARTESIAN_POINT('',(124.,12.,162.));
#2494 = VECTOR('',#2495,1.);
#2495 = DIRECTION('',(0.,0.,1.));
#2496 = PLANE('',#2497);
#2497 = AXIS2_PLACEMENT_3D('',#2498,#2499,#2500);
#2498 = CARTESIAN_POINT('',(12.,12.,162.));
#2499 = DIRECTION('',(0.,1.,0.));
#2500 = DIRECTION('',(0.,0.,1.));
#2501 = ADVANCED_FACE('',(#2502,#2520,#2644,#2655,#2666,#2677,#2688),
  #2785,.T.);
#2502 = FACE_BOUND('',#2503,.T.);
#2503 = EDGE_LOOP('',(#2504,#2505,#2506,#2514));
#2504 = ORIENTED_EDGE('',*,*,#2460,.F.);
#2505 = ORIENTED_EDGE('',*,*,#2483,.T.);
#2506 = ORIENTED_EDGE('',*,*,#2507,.T.);
#2507 = EDGE_CURVE('',#2484,#2508,#2510,.T.);
#2508 = VERTEX_POINT('',#2509);
#2509 = CARTESIAN_POINT('',(124.,218.,174.));
#2510 = LINE('',#2511,#2512);
#2511 = CARTESIAN_POINT('',(124.,12.,174.));
#2512 = VECTOR('',#2513,1.);
#2513 = DIRECTION('',(0.,1.,0.));
#2514 = ORIENTED_EDGE('',*,*,#2515,.F.);
#2515 = EDGE_CURVE('',#2453,#2508,#2516,.T.);
#2516 = LINE('',#2517,#2518);
#2517 = CARTESIAN_POINT('',(12.,218.,174.));
#2518 = VECTOR('',#2519,1.);
#2519 = DIRECTION('',(1.,0.,0.));
#2520 = FACE_BOUND('',#2521,.T.);
#2521 = EDGE_LOOP('',(#2522,#2533,#2541,#2550,#2559,#2568,#2577,#2585,
    #2594,#2603,#2612,#2621,#2629,#2638));
#2522 = ORIENTED_EDGE('',*,*,#2523,.T.);
#2523 = EDGE_CURVE('',#2524,#2526,#2528,.T.);
#2524 = VERTEX_POINT('',#2525);
#2525 = CARTESIAN_POINT('',(108.,62.,174.));
#2526 = VERTEX_POINT('',#2527);
#2527 = CARTESIAN_POINT('',(113.,57.,174.));
#2528 = CIRCLE('',#2529,5.);
#2529 = AXIS2_PLACEMENT_3D('',#2530,#2531,#2532);
#2530 = CARTESIAN_POINT('',(108.,57.,174.));
#2531 = DIRECTION('',(0.,0.,-1.));
#2532 = DIRECTION('',(1.,0.,0.));
#2533 = ORIENTED_EDGE('',*,*,#2534,.T.);
#2534 = EDGE_CURVE('',#2526,#2535,#2537,.T.);
#2535 = VERTEX_POINT('',#2536);
#2536 = CARTESIAN_POINT('',(113.,27.,174.));
#2537 = LINE('',#2538,#2539);
#2538 = CARTESIAN_POINT('',(113.,19.5,174.));
#2539 = VECTOR('',#2540,1.);
#2540 = DIRECTION('',(0.,-1.,0.));
#2541 = ORIENTED_EDGE('',*,*,#2542,.T.);
#2542 = EDGE_CURVE('',#2535,#2543,#2545,.T.);
#2543 = VERTEX_POINT('',#2544);
#2544 = CARTESIAN_POINT('',(112.89870060668,25.998634748939,174.));
#2545 = CIRCLE('',#2546,5.);
#2546 = AXIS2_PLACEMENT_3D('',#2547,#2548,#2549);
#2547 = CARTESIAN_POINT('',(108.,27.,174.));
#2548 = DIRECTION('',(-0.,-0.,-1.));
#2549 = DIRECTION('',(0.,-1.,0.));
#2550 = ORIENTED_EDGE('',*,*,#2551,.T.);
#2551 = EDGE_CURVE('',#2543,#2552,#2554,.T.);
#2552 = VERTEX_POINT('',#2553);
#2553 = CARTESIAN_POINT('',(112.1,24.,174.));
#2554 = CIRCLE('',#2555,2.9);
#2555 = AXIS2_PLACEMENT_3D('',#2556,#2557,#2558);
#2556 = CARTESIAN_POINT('',(115.,24.,174.));
#2557 = DIRECTION('',(0.,0.,-1.));
#2558 = DIRECTION('',(-1.,0.,0.));
#2559 = ORIENTED_EDGE('',*,*,#2560,.T.);
#2560 = EDGE_CURVE('',#2552,#2561,#2563,.T.);
#2561 = VERTEX_POINT('',#2562);
#2562 = CARTESIAN_POINT('',(112.10354077262,24.143261802785,174.));
#2563 = CIRCLE('',#2564,2.9);
#2564 = AXIS2_PLACEMENT_3D('',#2565,#2566,#2567);
#2565 = CARTESIAN_POINT('',(115.,24.,174.));
#2566 = DIRECTION('',(0.,0.,-1.));
#2567 = DIRECTION('',(-1.,0.,0.));
#2568 = ORIENTED_EDGE('',*,*,#2569,.T.);
#2569 = EDGE_CURVE('',#2561,#2570,#2572,.T.);
#2570 = VERTEX_POINT('',#2571);
#2571 = CARTESIAN_POINT('',(108.,22.,174.));
#2572 = CIRCLE('',#2573,5.);
#2573 = AXIS2_PLACEMENT_3D('',#2574,#2575,#2576);
#2574 = CARTESIAN_POINT('',(108.,27.,174.));
#2575 = DIRECTION('',(-0.,-0.,-1.));
#2576 = DIRECTION('',(0.,-1.,0.));
#2577 = ORIENTED_EDGE('',*,*,#2578,.T.);
#2578 = EDGE_CURVE('',#2570,#2579,#2581,.T.);
#2579 = VERTEX_POINT('',#2580);
#2580 = CARTESIAN_POINT('',(28.,22.,174.));
#2581 = LINE('',#2582,#2583);
#2582 = CARTESIAN_POINT('',(20.,22.,174.));
#2583 = VECTOR('',#2584,1.);
#2584 = DIRECTION('',(-1.,0.,0.));
#2585 = ORIENTED_EDGE('',*,*,#2586,.T.);
#2586 = EDGE_CURVE('',#2579,#2587,#2589,.T.);
#2587 = VERTEX_POINT('',#2588);
#2588 = CARTESIAN_POINT('',(23.896459227378,24.143261802785,174.));
#2589 = CIRCLE('',#2590,5.);
#2590 = AXIS2_PLACEMENT_3D('',#2591,#2592,#2593);
#2591 = CARTESIAN_POINT('',(28.,27.,174.));
#2592 = DIRECTION('',(0.,0.,-1.));
#2593 = DIRECTION('',(-1.,0.,0.));
#2594 = ORIENTED_EDGE('',*,*,#2595,.T.);
#2595 = EDGE_CURVE('',#2587,#2596,#2598,.T.);
#2596 = VERTEX_POINT('',#2597);
#2597 = CARTESIAN_POINT('',(18.1,24.,174.));
#2598 = CIRCLE('',#2599,2.9);
#2599 = AXIS2_PLACEMENT_3D('',#2600,#2601,#2602);
#2600 = CARTESIAN_POINT('',(21.,24.,174.));
#2601 = DIRECTION('',(0.,0.,-1.));
#2602 = DIRECTION('',(-1.,0.,0.));
#2603 = ORIENTED_EDGE('',*,*,#2604,.T.);
#2604 = EDGE_CURVE('',#2596,#2605,#2607,.T.);
#2605 = VERTEX_POINT('',#2606);
#2606 = CARTESIAN_POINT('',(23.101299393312,25.998634748939,174.));
#2607 = CIRCLE('',#2608,2.9);
#2608 = AXIS2_PLACEMENT_3D('',#2609,#2610,#2611);
#2609 = CARTESIAN_POINT('',(21.,24.,174.));
#2610 = DIRECTION('',(0.,0.,-1.));
#2611 = DIRECTION('',(-1.,0.,0.));
#2612 = ORIENTED_EDGE('',*,*,#2613,.T.);
#2613 = EDGE_CURVE('',#2605,#2614,#2616,.T.);
#2614 = VERTEX_POINT('',#2615);
#2615 = CARTESIAN_POINT('',(23.,27.,174.));
#2616 = CIRCLE('',#2617,5.);
#2617 = AXIS2_PLACEMENT_3D('',#2618,#2619,#2620);
#2618 = CARTESIAN_POINT('',(28.,27.,174.));
#2619 = DIRECTION('',(0.,0.,-1.));
#2620 = DIRECTION('',(-1.,0.,0.));
#2621 = ORIENTED_EDGE('',*,*,#2622,.T.);
#2622 = EDGE_CURVE('',#2614,#2623,#2625,.T.);
#2623 = VERTEX_POINT('',#2624);
#2624 = CARTESIAN_POINT('',(23.,57.,174.));
#2625 = LINE('',#2626,#2627);
#2626 = CARTESIAN_POINT('',(23.,34.5,174.));
#2627 = VECTOR('',#2628,1.);
#2628 = DIRECTION('',(0.,1.,0.));
#2629 = ORIENTED_EDGE('',*,*,#2630,.T.);
#2630 = EDGE_CURVE('',#2623,#2631,#2633,.T.);
#2631 = VERTEX_POINT('',#2632);
#2632 = CARTESIAN_POINT('',(28.,62.,174.));
#2633 = CIRCLE('',#2634,5.);
#2634 = AXIS2_PLACEMENT_3D('',#2635,#2636,#2637);
#2635 = CARTESIAN_POINT('',(28.,57.,174.));
#2636 = DIRECTION('',(0.,0.,-1.));
#2637 = DIRECTION('',(0.,1.,0.));
#2638 = ORIENTED_EDGE('',*,*,#2639,.T.);
#2639 = EDGE_CURVE('',#2631,#2524,#2640,.T.);
#2640 = LINE('',#2641,#2642);
#2641 = CARTESIAN_POINT('',(60.,62.,174.));
#2642 = VECTOR('',#2643,1.);
#2643 = DIRECTION('',(1.,0.,0.));
#2644 = FACE_BOUND('',#2645,.T.);
#2645 = EDGE_LOOP('',(#2646));
#2646 = ORIENTED_EDGE('',*,*,#2647,.T.);
#2647 = EDGE_CURVE('',#2648,#2648,#2650,.T.);
#2648 = VERTEX_POINT('',#2649);
#2649 = CARTESIAN_POINT('',(18.1,72.,174.));
#2650 = CIRCLE('',#2651,2.9);
#2651 = AXIS2_PLACEMENT_3D('',#2652,#2653,#2654);
#2652 = CARTESIAN_POINT('',(21.,72.,174.));
#2653 = DIRECTION('',(0.,0.,-1.));
#2654 = DIRECTION('',(-1.,0.,0.));
#2655 = FACE_BOUND('',#2656,.T.);
#2656 = EDGE_LOOP('',(#2657));
#2657 = ORIENTED_EDGE('',*,*,#2658,.T.);
#2658 = EDGE_CURVE('',#2659,#2659,#2661,.T.);
#2659 = VERTEX_POINT('',#2660);
#2660 = CARTESIAN_POINT('',(18.1,92.,174.));
#2661 = CIRCLE('',#2662,2.9);
#2662 = AXIS2_PLACEMENT_3D('',#2663,#2664,#2665);
#2663 = CARTESIAN_POINT('',(21.,92.,174.));
#2664 = DIRECTION('',(0.,0.,-1.));
#2665 = DIRECTION('',(-1.,0.,0.));
#2666 = FACE_BOUND('',#2667,.T.);
#2667 = EDGE_LOOP('',(#2668));
#2668 = ORIENTED_EDGE('',*,*,#2669,.T.);
#2669 = EDGE_CURVE('',#2670,#2670,#2672,.T.);
#2670 = VERTEX_POINT('',#2671);
#2671 = CARTESIAN_POINT('',(112.1,72.,174.));
#2672 = CIRCLE('',#2673,2.9);
#2673 = AXIS2_PLACEMENT_3D('',#2674,#2675,#2676);
#2674 = CARTESIAN_POINT('',(115.,72.,174.));
#2675 = DIRECTION('',(0.,0.,-1.));
#2676 = DIRECTION('',(-1.,0.,0.));
#2677 = FACE_BOUND('',#2678,.T.);
#2678 = EDGE_LOOP('',(#2679));
#2679 = ORIENTED_EDGE('',*,*,#2680,.T.);
#2680 = EDGE_CURVE('',#2681,#2681,#2683,.T.);
#2681 = VERTEX_POINT('',#2682);
#2682 = CARTESIAN_POINT('',(112.1,92.,174.));
#2683 = CIRCLE('',#2684,2.9);
#2684 = AXIS2_PLACEMENT_3D('',#2685,#2686,#2687);
#2685 = CARTESIAN_POINT('',(115.,92.,174.));
#2686 = DIRECTION('',(0.,0.,-1.));
#2687 = DIRECTION('',(-1.,0.,0.));
#2688 = FACE_BOUND('',#2689,.T.);
#2689 = EDGE_LOOP('',(#2690,#2701,#2709,#2718,#2726,#2735,#2743,#2752,
    #2761,#2770,#2778));
#2690 = ORIENTED_EDGE('',*,*,#2691,.T.);
#2691 = EDGE_CURVE('',#2692,#2694,#2696,.T.);
#2692 = VERTEX_POINT('',#2693);
#2693 = CARTESIAN_POINT('',(112.19211355564,205.72510255523,174.));
#2694 = VERTEX_POINT('',#2695);
#2695 = CARTESIAN_POINT('',(113.,202.89999999999,174.));
#2696 = CIRCLE('',#2697,2.9);
#2697 = AXIS2_PLACEMENT_3D('',#2698,#2699,#2700);
#2698 = CARTESIAN_POINT('',(115.,205.,174.));
#2699 = DIRECTION('',(0.,0.,-1.));
#2700 = DIRECTION('',(-1.,0.,0.));
#2701 = ORIENTED_EDGE('',*,*,#2702,.T.);
#2702 = EDGE_CURVE('',#2694,#2703,#2705,.T.);
#2703 = VERTEX_POINT('',#2704);
#2704 = CARTESIAN_POINT('',(113.,107.,174.));
#2705 = LINE('',#2706,#2707);
#2706 = CARTESIAN_POINT('',(113.,59.5,174.));
#2707 = VECTOR('',#2708,1.);
#2708 = DIRECTION('',(0.,-1.,0.));
#2709 = ORIENTED_EDGE('',*,*,#2710,.T.);
#2710 = EDGE_CURVE('',#2703,#2711,#2713,.T.);
#2711 = VERTEX_POINT('',#2712);
#2712 = CARTESIAN_POINT('',(108.,102.,174.));
#2713 = CIRCLE('',#2714,5.);
#2714 = AXIS2_PLACEMENT_3D('',#2715,#2716,#2717);
#2715 = CARTESIAN_POINT('',(108.,107.,174.));
#2716 = DIRECTION('',(-0.,-0.,-1.));
#2717 = DIRECTION('',(0.,-1.,0.));
#2718 = ORIENTED_EDGE('',*,*,#2719,.T.);
#2719 = EDGE_CURVE('',#2711,#2720,#2722,.T.);
#2720 = VERTEX_POINT('',#2721);
#2721 = CARTESIAN_POINT('',(28.,102.,174.));
#2722 = LINE('',#2723,#2724);
#2723 = CARTESIAN_POINT('',(20.,102.,174.));
#2724 = VECTOR('',#2725,1.);
#2725 = DIRECTION('',(-1.,0.,0.));
#2726 = ORIENTED_EDGE('',*,*,#2727,.T.);
#2727 = EDGE_CURVE('',#2720,#2728,#2730,.T.);
#2728 = VERTEX_POINT('',#2729);
#2729 = CARTESIAN_POINT('',(23.,107.,174.));
#2730 = CIRCLE('',#2731,5.);
#2731 = AXIS2_PLACEMENT_3D('',#2732,#2733,#2734);
#2732 = CARTESIAN_POINT('',(28.,107.,174.));
#2733 = DIRECTION('',(0.,0.,-1.));
#2734 = DIRECTION('',(-1.,0.,0.));
#2735 = ORIENTED_EDGE('',*,*,#2736,.T.);
#2736 = EDGE_CURVE('',#2728,#2737,#2739,.T.);
#2737 = VERTEX_POINT('',#2738);
#2738 = CARTESIAN_POINT('',(23.,202.89999999999,174.));
#2739 = LINE('',#2740,#2741);
#2740 = CARTESIAN_POINT('',(23.,107.5,174.));
#2741 = VECTOR('',#2742,1.);
#2742 = DIRECTION('',(0.,1.,0.));
#2743 = ORIENTED_EDGE('',*,*,#2744,.T.);
#2744 = EDGE_CURVE('',#2737,#2745,#2747,.T.);
#2745 = VERTEX_POINT('',#2746);
#2746 = CARTESIAN_POINT('',(18.1,205.,174.));
#2747 = CIRCLE('',#2748,2.9);
#2748 = AXIS2_PLACEMENT_3D('',#2749,#2750,#2751);
#2749 = CARTESIAN_POINT('',(21.,205.,174.));
#2750 = DIRECTION('',(0.,0.,-1.));
#2751 = DIRECTION('',(-1.,0.,0.));
#2752 = ORIENTED_EDGE('',*,*,#2753,.T.);
#2753 = EDGE_CURVE('',#2745,#2754,#2756,.T.);
#2754 = VERTEX_POINT('',#2755);
#2755 = CARTESIAN_POINT('',(23.807886444354,205.72510255523,174.));
#2756 = CIRCLE('',#2757,2.9);
#2757 = AXIS2_PLACEMENT_3D('',#2758,#2759,#2760);
#2758 = CARTESIAN_POINT('',(21.,205.,174.));
#2759 = DIRECTION('',(0.,0.,-1.));
#2760 = DIRECTION('',(-1.,0.,0.));
#2761 = ORIENTED_EDGE('',*,*,#2762,.T.);
#2762 = EDGE_CURVE('',#2754,#2763,#2765,.T.);
#2763 = VERTEX_POINT('',#2764);
#2764 = CARTESIAN_POINT('',(28.,208.,174.));
#2765 = CIRCLE('',#2766,5.);
#2766 = AXIS2_PLACEMENT_3D('',#2767,#2768,#2769);
#2767 = CARTESIAN_POINT('',(28.,203.,174.));
#2768 = DIRECTION('',(0.,0.,-1.));
#2769 = DIRECTION('',(0.,1.,0.));
#2770 = ORIENTED_EDGE('',*,*,#2771,.T.);
#2771 = EDGE_CURVE('',#2763,#2772,#2774,.T.);
#2772 = VERTEX_POINT('',#2773);
#2773 = CARTESIAN_POINT('',(108.,208.,174.));
#2774 = LINE('',#2775,#2776);
#2775 = CARTESIAN_POINT('',(60.,208.,174.));
#2776 = VECTOR('',#2777,1.);
#2777 = DIRECTION('',(1.,0.,0.));
#2778 = ORIENTED_EDGE('',*,*,#2779,.T.);
#2779 = EDGE_CURVE('',#2772,#2692,#2780,.T.);
#2780 = CIRCLE('',#2781,5.);
#2781 = AXIS2_PLACEMENT_3D('',#2782,#2783,#2784);
#2782 = CARTESIAN_POINT('',(108.,203.,174.));
#2783 = DIRECTION('',(0.,0.,-1.));
#2784 = DIRECTION('',(1.,0.,0.));
#2785 = PLANE('',#2786);
#2786 = AXIS2_PLACEMENT_3D('',#2787,#2788,#2789);
#2787 = CARTESIAN_POINT('',(12.,12.,174.));
#2788 = DIRECTION('',(0.,0.,1.));
#2789 = DIRECTION('',(1.,0.,0.));
#2790 = ADVANCED_FACE('',(#2791),#2809,.T.);
#2791 = FACE_BOUND('',#2792,.T.);
#2792 = EDGE_LOOP('',(#2793,#2801,#2802,#2803));
#2793 = ORIENTED_EDGE('',*,*,#2794,.F.);
#2794 = EDGE_CURVE('',#2445,#2795,#2797,.T.);
#2795 = VERTEX_POINT('',#2796);
#2796 = CARTESIAN_POINT('',(124.,218.,162.));
#2797 = LINE('',#2798,#2799);
#2798 = CARTESIAN_POINT('',(12.,218.,162.));
#2799 = VECTOR('',#2800,1.);
#2800 = DIRECTION('',(1.,0.,0.));
#2801 = ORIENTED_EDGE('',*,*,#2452,.T.);
#2802 = ORIENTED_EDGE('',*,*,#2515,.T.);
#2803 = ORIENTED_EDGE('',*,*,#2804,.F.);
#2804 = EDGE_CURVE('',#2795,#2508,#2805,.T.);
#2805 = LINE('',#2806,#2807);
#2806 = CARTESIAN_POINT('',(124.,218.,162.));
#2807 = VECTOR('',#2808,1.);
#2808 = DIRECTION('',(0.,0.,1.));
#2809 = PLANE('',#2810);
#2810 = AXIS2_PLACEMENT_3D('',#2811,#2812,#2813);
#2811 = CARTESIAN_POINT('',(12.,218.,162.));
#2812 = DIRECTION('',(0.,1.,0.));
#2813 = DIRECTION('',(0.,0.,1.));
#2814 = ADVANCED_FACE('',(#2815,#2826,#2896),#2966,.F.);
#2815 = FACE_BOUND('',#2816,.F.);
#2816 = EDGE_LOOP('',(#2817,#2818,#2819,#2825));
#2817 = ORIENTED_EDGE('',*,*,#2444,.F.);
#2818 = ORIENTED_EDGE('',*,*,#2474,.T.);
#2819 = ORIENTED_EDGE('',*,*,#2820,.T.);
#2820 = EDGE_CURVE('',#2475,#2795,#2821,.T.);
#2821 = LINE('',#2822,#2823);
#2822 = CARTESIAN_POINT('',(124.,12.,162.));
#2823 = VECTOR('',#2824,1.);
#2824 = DIRECTION('',(0.,1.,0.));
#2825 = ORIENTED_EDGE('',*,*,#2794,.F.);
#2826 = FACE_BOUND('',#2827,.F.);
#2827 = EDGE_LOOP('',(#2828,#2839,#2847,#2856,#2864,#2873,#2881,#2890));
#2828 = ORIENTED_EDGE('',*,*,#2829,.T.);
#2829 = EDGE_CURVE('',#2830,#2832,#2834,.T.);
#2830 = VERTEX_POINT('',#2831);
#2831 = CARTESIAN_POINT('',(113.,27.,162.));
#2832 = VERTEX_POINT('',#2833);
#2833 = CARTESIAN_POINT('',(108.,22.,162.));
#2834 = CIRCLE('',#2835,5.);
#2835 = AXIS2_PLACEMENT_3D('',#2836,#2837,#2838);
#2836 = CARTESIAN_POINT('',(108.,27.,162.));
#2837 = DIRECTION('',(-0.,-0.,-1.));
#2838 = DIRECTION('',(0.,-1.,0.));
#2839 = ORIENTED_EDGE('',*,*,#2840,.T.);
#2840 = EDGE_CURVE('',#2832,#2841,#2843,.T.);
#2841 = VERTEX_POINT('',#2842);
#2842 = CARTESIAN_POINT('',(28.,22.,162.));
#2843 = LINE('',#2844,#2845);
#2844 = CARTESIAN_POINT('',(20.,22.,162.));
#2845 = VECTOR('',#2846,1.);
#2846 = DIRECTION('',(-1.,0.,0.));
#2847 = ORIENTED_EDGE('',*,*,#2848,.T.);
#2848 = EDGE_CURVE('',#2841,#2849,#2851,.T.);
#2849 = VERTEX_POINT('',#2850);
#2850 = CARTESIAN_POINT('',(23.,27.,162.));
#2851 = CIRCLE('',#2852,5.);
#2852 = AXIS2_PLACEMENT_3D('',#2853,#2854,#2855);
#2853 = CARTESIAN_POINT('',(28.,27.,162.));
#2854 = DIRECTION('',(0.,0.,-1.));
#2855 = DIRECTION('',(-1.,0.,0.));
#2856 = ORIENTED_EDGE('',*,*,#2857,.T.);
#2857 = EDGE_CURVE('',#2849,#2858,#2860,.T.);
#2858 = VERTEX_POINT('',#2859);
#2859 = CARTESIAN_POINT('',(23.,57.,162.));
#2860 = LINE('',#2861,#2862);
#2861 = CARTESIAN_POINT('',(23.,34.5,162.));
#2862 = VECTOR('',#2863,1.);
#2863 = DIRECTION('',(0.,1.,0.));
#2864 = ORIENTED_EDGE('',*,*,#2865,.T.);
#2865 = EDGE_CURVE('',#2858,#2866,#2868,.T.);
#2866 = VERTEX_POINT('',#2867);
#2867 = CARTESIAN_POINT('',(28.,62.,162.));
#2868 = CIRCLE('',#2869,5.);
#2869 = AXIS2_PLACEMENT_3D('',#2870,#2871,#2872);
#2870 = CARTESIAN_POINT('',(28.,57.,162.));
#2871 = DIRECTION('',(0.,0.,-1.));
#2872 = DIRECTION('',(0.,1.,0.));
#2873 = ORIENTED_EDGE('',*,*,#2874,.T.);
#2874 = EDGE_CURVE('',#2866,#2875,#2877,.T.);
#2875 = VERTEX_POINT('',#2876);
#2876 = CARTESIAN_POINT('',(108.,62.,162.));
#2877 = LINE('',#2878,#2879);
#2878 = CARTESIAN_POINT('',(60.,62.,162.));
#2879 = VECTOR('',#2880,1.);
#2880 = DIRECTION('',(1.,0.,0.));
#2881 = ORIENTED_EDGE('',*,*,#2882,.T.);
#2882 = EDGE_CURVE('',#2875,#2883,#2885,.T.);
#2883 = VERTEX_POINT('',#2884);
#2884 = CARTESIAN_POINT('',(113.,57.,162.));
#2885 = CIRCLE('',#2886,5.);
#2886 = AXIS2_PLACEMENT_3D('',#2887,#2888,#2889);
#2887 = CARTESIAN_POINT('',(108.,57.,162.));
#2888 = DIRECTION('',(0.,0.,-1.));
#2889 = DIRECTION('',(1.,0.,0.));
#2890 = ORIENTED_EDGE('',*,*,#2891,.T.);
#2891 = EDGE_CURVE('',#2883,#2830,#2892,.T.);
#2892 = LINE('',#2893,#2894);
#2893 = CARTESIAN_POINT('',(113.,19.5,162.));
#2894 = VECTOR('',#2895,1.);
#2895 = DIRECTION('',(0.,-1.,0.));
#2896 = FACE_BOUND('',#2897,.F.);
#2897 = EDGE_LOOP('',(#2898,#2909,#2917,#2926,#2934,#2943,#2951,#2960));
#2898 = ORIENTED_EDGE('',*,*,#2899,.T.);
#2899 = EDGE_CURVE('',#2900,#2902,#2904,.T.);
#2900 = VERTEX_POINT('',#2901);
#2901 = CARTESIAN_POINT('',(113.,107.,162.));
#2902 = VERTEX_POINT('',#2903);
#2903 = CARTESIAN_POINT('',(108.,102.,162.));
#2904 = CIRCLE('',#2905,5.);
#2905 = AXIS2_PLACEMENT_3D('',#2906,#2907,#2908);
#2906 = CARTESIAN_POINT('',(108.,107.,162.));
#2907 = DIRECTION('',(-0.,-0.,-1.));
#2908 = DIRECTION('',(0.,-1.,0.));
#2909 = ORIENTED_EDGE('',*,*,#2910,.T.);
#2910 = EDGE_CURVE('',#2902,#2911,#2913,.T.);
#2911 = VERTEX_POINT('',#2912);
#2912 = CARTESIAN_POINT('',(28.,102.,162.));
#2913 = LINE('',#2914,#2915);
#2914 = CARTESIAN_POINT('',(20.,102.,162.));
#2915 = VECTOR('',#2916,1.);
#2916 = DIRECTION('',(-1.,0.,0.));
#2917 = ORIENTED_EDGE('',*,*,#2918,.T.);
#2918 = EDGE_CURVE('',#2911,#2919,#2921,.T.);
#2919 = VERTEX_POINT('',#2920);
#2920 = CARTESIAN_POINT('',(23.,107.,162.));
#2921 = CIRCLE('',#2922,5.);
#2922 = AXIS2_PLACEMENT_3D('',#2923,#2924,#2925);
#2923 = CARTESIAN_POINT('',(28.,107.,162.));
#2924 = DIRECTION('',(0.,0.,-1.));
#2925 = DIRECTION('',(-1.,0.,0.));
#2926 = ORIENTED_EDGE('',*,*,#2927,.T.);
#2927 = EDGE_CURVE('',#2919,#2928,#2930,.T.);
#2928 = VERTEX_POINT('',#2929);
#2929 = CARTESIAN_POINT('',(23.,203.,162.));
#2930 = LINE('',#2931,#2932);
#2931 = CARTESIAN_POINT('',(23.,107.5,162.));
#2932 = VECTOR('',#2933,1.);
#2933 = DIRECTION('',(0.,1.,0.));
#2934 = ORIENTED_EDGE('',*,*,#2935,.T.);
#2935 = EDGE_CURVE('',#2928,#2936,#2938,.T.);
#2936 = VERTEX_POINT('',#2937);
#2937 = CARTESIAN_POINT('',(28.,208.,162.));
#2938 = CIRCLE('',#2939,5.);
#2939 = AXIS2_PLACEMENT_3D('',#2940,#2941,#2942);
#2940 = CARTESIAN_POINT('',(28.,203.,162.));
#2941 = DIRECTION('',(0.,0.,-1.));
#2942 = DIRECTION('',(0.,1.,0.));
#2943 = ORIENTED_EDGE('',*,*,#2944,.T.);
#2944 = EDGE_CURVE('',#2936,#2945,#2947,.T.);
#2945 = VERTEX_POINT('',#2946);
#2946 = CARTESIAN_POINT('',(108.,208.,162.));
#2947 = LINE('',#2948,#2949);
#2948 = CARTESIAN_POINT('',(60.,208.,162.));
#2949 = VECTOR('',#2950,1.);
#2950 = DIRECTION('',(1.,0.,0.));
#2951 = ORIENTED_EDGE('',*,*,#2952,.T.);
#2952 = EDGE_CURVE('',#2945,#2953,#2955,.T.);
#2953 = VERTEX_POINT('',#2954);
#2954 = CARTESIAN_POINT('',(113.,203.,162.));
#2955 = CIRCLE('',#2956,5.);
#2956 = AXIS2_PLACEMENT_3D('',#2957,#2958,#2959);
#2957 = CARTESIAN_POINT('',(108.,203.,162.));
#2958 = DIRECTION('',(0.,0.,-1.));
#2959 = DIRECTION('',(1.,0.,0.));
#2960 = ORIENTED_EDGE('',*,*,#2961,.T.);
#2961 = EDGE_CURVE('',#2953,#2900,#2962,.T.);
#2962 = LINE('',#2963,#2964);
#2963 = CARTESIAN_POINT('',(113.,59.5,162.));
#2964 = VECTOR('',#2965,1.);
#2965 = DIRECTION('',(0.,-1.,0.));
#2966 = PLANE('',#2967);
#2967 = AXIS2_PLACEMENT_3D('',#2968,#2969,#2970);
#2968 = CARTESIAN_POINT('',(12.,12.,162.));
#2969 = DIRECTION('',(0.,0.,1.));
#2970 = DIRECTION('',(1.,0.,0.));
#2971 = ADVANCED_FACE('',(#2972),#2978,.T.);
#2972 = FACE_BOUND('',#2973,.T.);
#2973 = EDGE_LOOP('',(#2974,#2975,#2976,#2977));
#2974 = ORIENTED_EDGE('',*,*,#2491,.F.);
#2975 = ORIENTED_EDGE('',*,*,#2820,.T.);
#2976 = ORIENTED_EDGE('',*,*,#2804,.T.);
#2977 = ORIENTED_EDGE('',*,*,#2507,.F.);
#2978 = PLANE('',#2979);
#2979 = AXIS2_PLACEMENT_3D('',#2980,#2981,#2982);
#2980 = CARTESIAN_POINT('',(124.,12.,162.));
#2981 = DIRECTION('',(1.,0.,0.));
#2982 = DIRECTION('',(0.,0.,1.));
#2983 = ADVANCED_FACE('',(#2984),#3000,.F.);
#2984 = FACE_BOUND('',#2985,.T.);
#2985 = EDGE_LOOP('',(#2986,#2987,#2993,#2994));
#2986 = ORIENTED_EDGE('',*,*,#2882,.T.);
#2987 = ORIENTED_EDGE('',*,*,#2988,.T.);
#2988 = EDGE_CURVE('',#2883,#2526,#2989,.T.);
#2989 = LINE('',#2990,#2991);
#2990 = CARTESIAN_POINT('',(113.,57.,161.));
#2991 = VECTOR('',#2992,1.);
#2992 = DIRECTION('',(0.,0.,1.));
#2993 = ORIENTED_EDGE('',*,*,#2523,.F.);
#2994 = ORIENTED_EDGE('',*,*,#2995,.F.);
#2995 = EDGE_CURVE('',#2875,#2524,#2996,.T.);
#2996 = LINE('',#2997,#2998);
#2997 = CARTESIAN_POINT('',(108.,62.,161.));
#2998 = VECTOR('',#2999,1.);
#2999 = DIRECTION('',(0.,0.,1.));
#3000 = CYLINDRICAL_SURFACE('',#3001,5.);
#3001 = AXIS2_PLACEMENT_3D('',#3002,#3003,#3004);
#3002 = CARTESIAN_POINT('',(108.,57.,161.));
#3003 = DIRECTION('',(-0.,-0.,-1.));
#3004 = DIRECTION('',(1.,0.,0.));
#3005 = ADVANCED_FACE('',(#3006),#3017,.T.);
#3006 = FACE_BOUND('',#3007,.T.);
#3007 = EDGE_LOOP('',(#3008,#3009,#3010,#3011));
#3008 = ORIENTED_EDGE('',*,*,#2874,.T.);
#3009 = ORIENTED_EDGE('',*,*,#2995,.T.);
#3010 = ORIENTED_EDGE('',*,*,#2639,.F.);
#3011 = ORIENTED_EDGE('',*,*,#3012,.F.);
#3012 = EDGE_CURVE('',#2866,#2631,#3013,.T.);
#3013 = LINE('',#3014,#3015);
#3014 = CARTESIAN_POINT('',(28.,62.,161.));
#3015 = VECTOR('',#3016,1.);
#3016 = DIRECTION('',(0.,0.,1.));
#3017 = PLANE('',#3018);
#3018 = AXIS2_PLACEMENT_3D('',#3019,#3020,#3021);
#3019 = CARTESIAN_POINT('',(108.,62.,161.));
#3020 = DIRECTION('',(0.,-1.,0.));
#3021 = DIRECTION('',(-1.,0.,0.));
#3022 = ADVANCED_FACE('',(#3023),#3034,.F.);
#3023 = FACE_BOUND('',#3024,.T.);
#3024 = EDGE_LOOP('',(#3025,#3026,#3027,#3028));
#3025 = ORIENTED_EDGE('',*,*,#2865,.T.);
#3026 = ORIENTED_EDGE('',*,*,#3012,.T.);
#3027 = ORIENTED_EDGE('',*,*,#2630,.F.);
#3028 = ORIENTED_EDGE('',*,*,#3029,.F.);
#3029 = EDGE_CURVE('',#2858,#2623,#3030,.T.);
#3030 = LINE('',#3031,#3032);
#3031 = CARTESIAN_POINT('',(23.,57.,161.));
#3032 = VECTOR('',#3033,1.);
#3033 = DIRECTION('',(0.,0.,1.));
#3034 = CYLINDRICAL_SURFACE('',#3035,5.);
#3035 = AXIS2_PLACEMENT_3D('',#3036,#3037,#3038);
#3036 = CARTESIAN_POINT('',(28.,57.,161.));
#3037 = DIRECTION('',(0.,0.,-1.));
#3038 = DIRECTION('',(0.,1.,0.));
#3039 = ADVANCED_FACE('',(#3040),#3051,.T.);
#3040 = FACE_BOUND('',#3041,.T.);
#3041 = EDGE_LOOP('',(#3042,#3043,#3044,#3045));
#3042 = ORIENTED_EDGE('',*,*,#2857,.T.);
#3043 = ORIENTED_EDGE('',*,*,#3029,.T.);
#3044 = ORIENTED_EDGE('',*,*,#2622,.F.);
#3045 = ORIENTED_EDGE('',*,*,#3046,.F.);
#3046 = EDGE_CURVE('',#2849,#2614,#3047,.T.);
#3047 = LINE('',#3048,#3049);
#3048 = CARTESIAN_POINT('',(23.,27.,161.));
#3049 = VECTOR('',#3050,1.);
#3050 = DIRECTION('',(0.,0.,1.));
#3051 = PLANE('',#3052);
#3052 = AXIS2_PLACEMENT_3D('',#3053,#3054,#3055);
#3053 = CARTESIAN_POINT('',(23.,57.,161.));
#3054 = DIRECTION('',(1.,0.,0.));
#3055 = DIRECTION('',(0.,-1.,0.));
#3056 = ADVANCED_FACE('',(#3057),#3092,.F.);
#3057 = FACE_BOUND('',#3058,.T.);
#3058 = EDGE_LOOP('',(#3059,#3065,#3066,#3067,#3068,#3076,#3085,#3091));
#3059 = ORIENTED_EDGE('',*,*,#3060,.F.);
#3060 = EDGE_CURVE('',#2841,#2579,#3061,.T.);
#3061 = LINE('',#3062,#3063);
#3062 = CARTESIAN_POINT('',(28.,22.,161.));
#3063 = VECTOR('',#3064,1.);
#3064 = DIRECTION('',(0.,0.,1.));
#3065 = ORIENTED_EDGE('',*,*,#2848,.T.);
#3066 = ORIENTED_EDGE('',*,*,#3046,.T.);
#3067 = ORIENTED_EDGE('',*,*,#2613,.F.);
#3068 = ORIENTED_EDGE('',*,*,#3069,.T.);
#3069 = EDGE_CURVE('',#2605,#3070,#3072,.T.);
#3070 = VERTEX_POINT('',#3071);
#3071 = CARTESIAN_POINT('',(23.101299393312,25.998634748939,165.1));
#3072 = LINE('',#3073,#3074);
#3073 = CARTESIAN_POINT('',(23.101299393312,25.998634748939,161.));
#3074 = VECTOR('',#3075,1.);
#3075 = DIRECTION('',(-0.,-0.,-1.));
#3076 = ORIENTED_EDGE('',*,*,#3077,.F.);
#3077 = EDGE_CURVE('',#3078,#3070,#3080,.T.);
#3078 = VERTEX_POINT('',#3079);
#3079 = CARTESIAN_POINT('',(23.896459227378,24.143261802785,165.1));
#3080 = CIRCLE('',#3081,5.);
#3081 = AXIS2_PLACEMENT_3D('',#3082,#3083,#3084);
#3082 = CARTESIAN_POINT('',(28.,27.,165.1));
#3083 = DIRECTION('',(0.,0.,-1.));
#3084 = DIRECTION('',(-1.,0.,0.));
#3085 = ORIENTED_EDGE('',*,*,#3086,.F.);
#3086 = EDGE_CURVE('',#2587,#3078,#3087,.T.);
#3087 = LINE('',#3088,#3089);
#3088 = CARTESIAN_POINT('',(23.896459227378,24.143261802785,161.));
#3089 = VECTOR('',#3090,1.);
#3090 = DIRECTION('',(-0.,-0.,-1.));
#3091 = ORIENTED_EDGE('',*,*,#2586,.F.);
#3092 = CYLINDRICAL_SURFACE('',#3093,5.);
#3093 = AXIS2_PLACEMENT_3D('',#3094,#3095,#3096);
#3094 = CARTESIAN_POINT('',(28.,27.,161.));
#3095 = DIRECTION('',(-0.,-0.,-1.));
#3096 = DIRECTION('',(-1.,0.,0.));
#3097 = ADVANCED_FACE('',(#3098),#3117,.F.);
#3098 = FACE_BOUND('',#3099,.F.);
#3099 = EDGE_LOOP('',(#3100,#3109,#3115,#3116));
#3100 = ORIENTED_EDGE('',*,*,#3101,.F.);
#3101 = EDGE_CURVE('',#3102,#3070,#3104,.T.);
#3102 = VERTEX_POINT('',#3103);
#3103 = CARTESIAN_POINT('',(18.1,24.,165.1));
#3104 = CIRCLE('',#3105,2.9);
#3105 = AXIS2_PLACEMENT_3D('',#3106,#3107,#3108);
#3106 = CARTESIAN_POINT('',(21.,24.,165.1));
#3107 = DIRECTION('',(0.,0.,-1.));
#3108 = DIRECTION('',(-1.,0.,0.));
#3109 = ORIENTED_EDGE('',*,*,#3110,.F.);
#3110 = EDGE_CURVE('',#2596,#3102,#3111,.T.);
#3111 = LINE('',#3112,#3113);
#3112 = CARTESIAN_POINT('',(18.1,24.,174.1));
#3113 = VECTOR('',#3114,1.);
#3114 = DIRECTION('',(0.,0.,-1.));
#3115 = ORIENTED_EDGE('',*,*,#2604,.T.);
#3116 = ORIENTED_EDGE('',*,*,#3069,.T.);
#3117 = CYLINDRICAL_SURFACE('',#3118,2.9);
#3118 = AXIS2_PLACEMENT_3D('',#3119,#3120,#3121);
#3119 = CARTESIAN_POINT('',(21.,24.,174.1));
#3120 = DIRECTION('',(0.,0.,-1.));
#3121 = DIRECTION('',(-1.,0.,0.));
#3122 = ADVANCED_FACE('',(#3123),#3135,.F.);
#3123 = FACE_BOUND('',#3124,.F.);
#3124 = EDGE_LOOP('',(#3125,#3126,#3133,#3134));
#3125 = ORIENTED_EDGE('',*,*,#3110,.T.);
#3126 = ORIENTED_EDGE('',*,*,#3127,.F.);
#3127 = EDGE_CURVE('',#3078,#3102,#3128,.T.);
#3128 = CIRCLE('',#3129,2.9);
#3129 = AXIS2_PLACEMENT_3D('',#3130,#3131,#3132);
#3130 = CARTESIAN_POINT('',(21.,24.,165.1));
#3131 = DIRECTION('',(0.,0.,-1.));
#3132 = DIRECTION('',(-1.,0.,0.));
#3133 = ORIENTED_EDGE('',*,*,#3086,.F.);
#3134 = ORIENTED_EDGE('',*,*,#2595,.T.);
#3135 = CYLINDRICAL_SURFACE('',#3136,2.9);
#3136 = AXIS2_PLACEMENT_3D('',#3137,#3138,#3139);
#3137 = CARTESIAN_POINT('',(21.,24.,174.1));
#3138 = DIRECTION('',(0.,0.,-1.));
#3139 = DIRECTION('',(-1.,0.,0.));
#3140 = ADVANCED_FACE('',(#3141),#3152,.T.);
#3141 = FACE_BOUND('',#3142,.T.);
#3142 = EDGE_LOOP('',(#3143,#3144,#3145,#3146));
#3143 = ORIENTED_EDGE('',*,*,#2840,.T.);
#3144 = ORIENTED_EDGE('',*,*,#3060,.T.);
#3145 = ORIENTED_EDGE('',*,*,#2578,.F.);
#3146 = ORIENTED_EDGE('',*,*,#3147,.F.);
#3147 = EDGE_CURVE('',#2832,#2570,#3148,.T.);
#3148 = LINE('',#3149,#3150);
#3149 = CARTESIAN_POINT('',(108.,22.,161.));
#3150 = VECTOR('',#3151,1.);
#3151 = DIRECTION('',(0.,0.,1.));
#3152 = PLANE('',#3153);
#3153 = AXIS2_PLACEMENT_3D('',#3154,#3155,#3156);
#3154 = CARTESIAN_POINT('',(28.,22.,161.));
#3155 = DIRECTION('',(0.,1.,0.));
#3156 = DIRECTION('',(1.,0.,0.));
#3157 = ADVANCED_FACE('',(#3158),#3193,.F.);
#3158 = FACE_BOUND('',#3159,.T.);
#3159 = EDGE_LOOP('',(#3160,#3166,#3167,#3168,#3169,#3177,#3186,#3192));
#3160 = ORIENTED_EDGE('',*,*,#3161,.F.);
#3161 = EDGE_CURVE('',#2830,#2535,#3162,.T.);
#3162 = LINE('',#3163,#3164);
#3163 = CARTESIAN_POINT('',(113.,27.,161.));
#3164 = VECTOR('',#3165,1.);
#3165 = DIRECTION('',(0.,0.,1.));
#3166 = ORIENTED_EDGE('',*,*,#2829,.T.);
#3167 = ORIENTED_EDGE('',*,*,#3147,.T.);
#3168 = ORIENTED_EDGE('',*,*,#2569,.F.);
#3169 = ORIENTED_EDGE('',*,*,#3170,.T.);
#3170 = EDGE_CURVE('',#2561,#3171,#3173,.T.);
#3171 = VERTEX_POINT('',#3172);
#3172 = CARTESIAN_POINT('',(112.10354077262,24.143261802785,165.1));
#3173 = LINE('',#3174,#3175);
#3174 = CARTESIAN_POINT('',(112.10354077262,24.143261802785,161.));
#3175 = VECTOR('',#3176,1.);
#3176 = DIRECTION('',(-0.,-0.,-1.));
#3177 = ORIENTED_EDGE('',*,*,#3178,.F.);
#3178 = EDGE_CURVE('',#3179,#3171,#3181,.T.);
#3179 = VERTEX_POINT('',#3180);
#3180 = CARTESIAN_POINT('',(112.89870060668,25.998634748939,165.1));
#3181 = CIRCLE('',#3182,5.);
#3182 = AXIS2_PLACEMENT_3D('',#3183,#3184,#3185);
#3183 = CARTESIAN_POINT('',(108.,27.,165.1));
#3184 = DIRECTION('',(-0.,-0.,-1.));
#3185 = DIRECTION('',(0.,-1.,0.));
#3186 = ORIENTED_EDGE('',*,*,#3187,.F.);
#3187 = EDGE_CURVE('',#2543,#3179,#3188,.T.);
#3188 = LINE('',#3189,#3190);
#3189 = CARTESIAN_POINT('',(112.89870060668,25.998634748939,161.));
#3190 = VECTOR('',#3191,1.);
#3191 = DIRECTION('',(-0.,-0.,-1.));
#3192 = ORIENTED_EDGE('',*,*,#2542,.F.);
#3193 = CYLINDRICAL_SURFACE('',#3194,5.);
#3194 = AXIS2_PLACEMENT_3D('',#3195,#3196,#3197);
#3195 = CARTESIAN_POINT('',(108.,27.,161.));
#3196 = DIRECTION('',(-0.,-0.,-1.));
#3197 = DIRECTION('',(0.,-1.,0.));
#3198 = ADVANCED_FACE('',(#3199),#3218,.F.);
#3199 = FACE_BOUND('',#3200,.F.);
#3200 = EDGE_LOOP('',(#3201,#3210,#3216,#3217));
#3201 = ORIENTED_EDGE('',*,*,#3202,.F.);
#3202 = EDGE_CURVE('',#3203,#3171,#3205,.T.);
#3203 = VERTEX_POINT('',#3204);
#3204 = CARTESIAN_POINT('',(112.1,24.,165.1));
#3205 = CIRCLE('',#3206,2.9);
#3206 = AXIS2_PLACEMENT_3D('',#3207,#3208,#3209);
#3207 = CARTESIAN_POINT('',(115.,24.,165.1));
#3208 = DIRECTION('',(0.,0.,-1.));
#3209 = DIRECTION('',(-1.,0.,0.));
#3210 = ORIENTED_EDGE('',*,*,#3211,.F.);
#3211 = EDGE_CURVE('',#2552,#3203,#3212,.T.);
#3212 = LINE('',#3213,#3214);
#3213 = CARTESIAN_POINT('',(112.1,24.,174.1));
#3214 = VECTOR('',#3215,1.);
#3215 = DIRECTION('',(0.,0.,-1.));
#3216 = ORIENTED_EDGE('',*,*,#2560,.T.);
#3217 = ORIENTED_EDGE('',*,*,#3170,.T.);
#3218 = CYLINDRICAL_SURFACE('',#3219,2.9);
#3219 = AXIS2_PLACEMENT_3D('',#3220,#3221,#3222);
#3220 = CARTESIAN_POINT('',(115.,24.,174.1));
#3221 = DIRECTION('',(0.,0.,-1.));
#3222 = DIRECTION('',(-1.,0.,0.));
#3223 = ADVANCED_FACE('',(#3224),#3236,.F.);
#3224 = FACE_BOUND('',#3225,.F.);
#3225 = EDGE_LOOP('',(#3226,#3227,#3234,#3235));
#3226 = ORIENTED_EDGE('',*,*,#3211,.T.);
#3227 = ORIENTED_EDGE('',*,*,#3228,.F.);
#3228 = EDGE_CURVE('',#3179,#3203,#3229,.T.);
#3229 = CIRCLE('',#3230,2.9);
#3230 = AXIS2_PLACEMENT_3D('',#3231,#3232,#3233);
#3231 = CARTESIAN_POINT('',(115.,24.,165.1));
#3232 = DIRECTION('',(0.,0.,-1.));
#3233 = DIRECTION('',(-1.,0.,0.));
#3234 = ORIENTED_EDGE('',*,*,#3187,.F.);
#3235 = ORIENTED_EDGE('',*,*,#2551,.T.);
#3236 = CYLINDRICAL_SURFACE('',#3237,2.9);
#3237 = AXIS2_PLACEMENT_3D('',#3238,#3239,#3240);
#3238 = CARTESIAN_POINT('',(115.,24.,174.1));
#3239 = DIRECTION('',(0.,0.,-1.));
#3240 = DIRECTION('',(-1.,0.,0.));
#3241 = ADVANCED_FACE('',(#3242),#3248,.T.);
#3242 = FACE_BOUND('',#3243,.T.);
#3243 = EDGE_LOOP('',(#3244,#3245,#3246,#3247));
#3244 = ORIENTED_EDGE('',*,*,#2891,.T.);
#3245 = ORIENTED_EDGE('',*,*,#3161,.T.);
#3246 = ORIENTED_EDGE('',*,*,#2534,.F.);
#3247 = ORIENTED_EDGE('',*,*,#2988,.F.);
#3248 = PLANE('',#3249);
#3249 = AXIS2_PLACEMENT_3D('',#3250,#3251,#3252);
#3250 = CARTESIAN_POINT('',(113.,27.,161.));
#3251 = DIRECTION('',(-1.,0.,0.));
#3252 = DIRECTION('',(0.,1.,0.));
#3253 = ADVANCED_FACE('',(#3254),#3273,.F.);
#3254 = FACE_BOUND('',#3255,.F.);
#3255 = EDGE_LOOP('',(#3256,#3264,#3271,#3272));
#3256 = ORIENTED_EDGE('',*,*,#3257,.T.);
#3257 = EDGE_CURVE('',#2648,#3258,#3260,.T.);
#3258 = VERTEX_POINT('',#3259);
#3259 = CARTESIAN_POINT('',(18.1,72.,165.1));
#3260 = LINE('',#3261,#3262);
#3261 = CARTESIAN_POINT('',(18.1,72.,174.1));
#3262 = VECTOR('',#3263,1.);
#3263 = DIRECTION('',(0.,0.,-1.));
#3264 = ORIENTED_EDGE('',*,*,#3265,.F.);
#3265 = EDGE_CURVE('',#3258,#3258,#3266,.T.);
#3266 = CIRCLE('',#3267,2.9);
#3267 = AXIS2_PLACEMENT_3D('',#3268,#3269,#3270);
#3268 = CARTESIAN_POINT('',(21.,72.,165.1));
#3269 = DIRECTION('',(0.,0.,-1.));
#3270 = DIRECTION('',(-1.,0.,0.));
#3271 = ORIENTED_EDGE('',*,*,#3257,.F.);
#3272 = ORIENTED_EDGE('',*,*,#2647,.T.);
#3273 = CYLINDRICAL_SURFACE('',#3274,2.9);
#3274 = AXIS2_PLACEMENT_3D('',#3275,#3276,#3277);
#3275 = CARTESIAN_POINT('',(21.,72.,174.1));
#3276 = DIRECTION('',(0.,0.,-1.));
#3277 = DIRECTION('',(-1.,0.,0.));
#3278 = ADVANCED_FACE('',(#3279),#3298,.F.);
#3279 = FACE_BOUND('',#3280,.F.);
#3280 = EDGE_LOOP('',(#3281,#3289,#3296,#3297));
#3281 = ORIENTED_EDGE('',*,*,#3282,.T.);
#3282 = EDGE_CURVE('',#2659,#3283,#3285,.T.);
#3283 = VERTEX_POINT('',#3284);
#3284 = CARTESIAN_POINT('',(18.1,92.,165.1));
#3285 = LINE('',#3286,#3287);
#3286 = CARTESIAN_POINT('',(18.1,92.,174.1));
#3287 = VECTOR('',#3288,1.);
#3288 = DIRECTION('',(0.,0.,-1.));
#3289 = ORIENTED_EDGE('',*,*,#3290,.F.);
#3290 = EDGE_CURVE('',#3283,#3283,#3291,.T.);
#3291 = CIRCLE('',#3292,2.9);
#3292 = AXIS2_PLACEMENT_3D('',#3293,#3294,#3295);
#3293 = CARTESIAN_POINT('',(21.,92.,165.1));
#3294 = DIRECTION('',(0.,0.,-1.));
#3295 = DIRECTION('',(-1.,0.,0.));
#3296 = ORIENTED_EDGE('',*,*,#3282,.F.);
#3297 = ORIENTED_EDGE('',*,*,#2658,.T.);
#3298 = CYLINDRICAL_SURFACE('',#3299,2.9);
#3299 = AXIS2_PLACEMENT_3D('',#3300,#3301,#3302);
#3300 = CARTESIAN_POINT('',(21.,92.,174.1));
#3301 = DIRECTION('',(0.,0.,-1.));
#3302 = DIRECTION('',(-1.,0.,0.));
#3303 = ADVANCED_FACE('',(#3304),#3323,.F.);
#3304 = FACE_BOUND('',#3305,.F.);
#3305 = EDGE_LOOP('',(#3306,#3314,#3321,#3322));
#3306 = ORIENTED_EDGE('',*,*,#3307,.T.);
#3307 = EDGE_CURVE('',#2670,#3308,#3310,.T.);
#3308 = VERTEX_POINT('',#3309);
#3309 = CARTESIAN_POINT('',(112.1,72.,165.1));
#3310 = LINE('',#3311,#3312);
#3311 = CARTESIAN_POINT('',(112.1,72.,174.1));
#3312 = VECTOR('',#3313,1.);
#3313 = DIRECTION('',(0.,0.,-1.));
#3314 = ORIENTED_EDGE('',*,*,#3315,.F.);
#3315 = EDGE_CURVE('',#3308,#3308,#3316,.T.);
#3316 = CIRCLE('',#3317,2.9);
#3317 = AXIS2_PLACEMENT_3D('',#3318,#3319,#3320);
#3318 = CARTESIAN_POINT('',(115.,72.,165.1));
#3319 = DIRECTION('',(0.,0.,-1.));
#3320 = DIRECTION('',(-1.,0.,0.));
#3321 = ORIENTED_EDGE('',*,*,#3307,.F.);
#3322 = ORIENTED_EDGE('',*,*,#2669,.T.);
#3323 = CYLINDRICAL_SURFACE('',#3324,2.9);
#3324 = AXIS2_PLACEMENT_3D('',#3325,#3326,#3327);
#3325 = CARTESIAN_POINT('',(115.,72.,174.1));
#3326 = DIRECTION('',(0.,0.,-1.));
#3327 = DIRECTION('',(-1.,0.,0.));
#3328 = ADVANCED_FACE('',(#3329),#3348,.F.);
#3329 = FACE_BOUND('',#3330,.F.);
#3330 = EDGE_LOOP('',(#3331,#3339,#3346,#3347));
#3331 = ORIENTED_EDGE('',*,*,#3332,.T.);
#3332 = EDGE_CURVE('',#2681,#3333,#3335,.T.);
#3333 = VERTEX_POINT('',#3334);
#3334 = CARTESIAN_POINT('',(112.1,92.,165.1));
#3335 = LINE('',#3336,#3337);
#3336 = CARTESIAN_POINT('',(112.1,92.,174.1));
#3337 = VECTOR('',#3338,1.);
#3338 = DIRECTION('',(0.,0.,-1.));
#3339 = ORIENTED_EDGE('',*,*,#3340,.F.);
#3340 = EDGE_CURVE('',#3333,#3333,#3341,.T.);
#3341 = CIRCLE('',#3342,2.9);
#3342 = AXIS2_PLACEMENT_3D('',#3343,#3344,#3345);
#3343 = CARTESIAN_POINT('',(115.,92.,165.1));
#3344 = DIRECTION('',(0.,0.,-1.));
#3345 = DIRECTION('',(-1.,0.,0.));
#3346 = ORIENTED_EDGE('',*,*,#3332,.F.);
#3347 = ORIENTED_EDGE('',*,*,#2680,.T.);
#3348 = CYLINDRICAL_SURFACE('',#3349,2.9);
#3349 = AXIS2_PLACEMENT_3D('',#3350,#3351,#3352);
#3350 = CARTESIAN_POINT('',(115.,92.,174.1));
#3351 = DIRECTION('',(0.,0.,-1.));
#3352 = DIRECTION('',(-1.,0.,0.));
#3353 = ADVANCED_FACE('',(#3354),#3380,.F.);
#3354 = FACE_BOUND('',#3355,.F.);
#3355 = EDGE_LOOP('',(#3356,#3367,#3373,#3374));
#3356 = ORIENTED_EDGE('',*,*,#3357,.F.);
#3357 = EDGE_CURVE('',#3358,#3360,#3362,.T.);
#3358 = VERTEX_POINT('',#3359);
#3359 = CARTESIAN_POINT('',(112.19211355564,205.72510255523,165.1));
#3360 = VERTEX_POINT('',#3361);
#3361 = CARTESIAN_POINT('',(113.,202.9,165.1));
#3362 = CIRCLE('',#3363,2.9);
#3363 = AXIS2_PLACEMENT_3D('',#3364,#3365,#3366);
#3364 = CARTESIAN_POINT('',(115.,205.,165.1));
#3365 = DIRECTION('',(0.,0.,-1.));
#3366 = DIRECTION('',(-1.,0.,0.));
#3367 = ORIENTED_EDGE('',*,*,#3368,.F.);
#3368 = EDGE_CURVE('',#2692,#3358,#3369,.T.);
#3369 = LINE('',#3370,#3371);
#3370 = CARTESIAN_POINT('',(112.19211355564,205.72510255523,161.));
#3371 = VECTOR('',#3372,1.);
#3372 = DIRECTION('',(-0.,-0.,-1.));
#3373 = ORIENTED_EDGE('',*,*,#2691,.T.);
#3374 = ORIENTED_EDGE('',*,*,#3375,.T.);
#3375 = EDGE_CURVE('',#2694,#3360,#3376,.T.);
#3376 = LINE('',#3377,#3378);
#3377 = CARTESIAN_POINT('',(113.,202.9,174.1));
#3378 = VECTOR('',#3379,1.);
#3379 = DIRECTION('',(0.,0.,-1.));
#3380 = CYLINDRICAL_SURFACE('',#3381,2.9);
#3381 = AXIS2_PLACEMENT_3D('',#3382,#3383,#3384);
#3382 = CARTESIAN_POINT('',(115.,205.,174.1));
#3383 = DIRECTION('',(0.,0.,-1.));
#3384 = DIRECTION('',(-1.,0.,0.));
#3385 = ADVANCED_FACE('',(#3386),#3412,.F.);
#3386 = FACE_BOUND('',#3387,.T.);
#3387 = EDGE_LOOP('',(#3388,#3394,#3395,#3403,#3410,#3411));
#3388 = ORIENTED_EDGE('',*,*,#3389,.F.);
#3389 = EDGE_CURVE('',#2945,#2772,#3390,.T.);
#3390 = LINE('',#3391,#3392);
#3391 = CARTESIAN_POINT('',(108.,208.,161.));
#3392 = VECTOR('',#3393,1.);
#3393 = DIRECTION('',(0.,0.,1.));
#3394 = ORIENTED_EDGE('',*,*,#2952,.T.);
#3395 = ORIENTED_EDGE('',*,*,#3396,.T.);
#3396 = EDGE_CURVE('',#2953,#3397,#3399,.T.);
#3397 = VERTEX_POINT('',#3398);
#3398 = CARTESIAN_POINT('',(113.,203.,165.1));
#3399 = LINE('',#3400,#3401);
#3400 = CARTESIAN_POINT('',(113.,203.,161.));
#3401 = VECTOR('',#3402,1.);
#3402 = DIRECTION('',(0.,0.,1.));
#3403 = ORIENTED_EDGE('',*,*,#3404,.F.);
#3404 = EDGE_CURVE('',#3358,#3397,#3405,.T.);
#3405 = CIRCLE('',#3406,5.);
#3406 = AXIS2_PLACEMENT_3D('',#3407,#3408,#3409);
#3407 = CARTESIAN_POINT('',(108.,203.,165.1));
#3408 = DIRECTION('',(0.,0.,-1.));
#3409 = DIRECTION('',(1.,0.,0.));
#3410 = ORIENTED_EDGE('',*,*,#3368,.F.);
#3411 = ORIENTED_EDGE('',*,*,#2779,.F.);
#3412 = CYLINDRICAL_SURFACE('',#3413,5.);
#3413 = AXIS2_PLACEMENT_3D('',#3414,#3415,#3416);
#3414 = CARTESIAN_POINT('',(108.,203.,161.));
#3415 = DIRECTION('',(-0.,-0.,-1.));
#3416 = DIRECTION('',(1.,0.,0.));
#3417 = ADVANCED_FACE('',(#3418),#3436,.T.);
#3418 = FACE_BOUND('',#3419,.T.);
#3419 = EDGE_LOOP('',(#3420,#3421,#3422,#3428,#3429,#3430));
#3420 = ORIENTED_EDGE('',*,*,#3396,.F.);
#3421 = ORIENTED_EDGE('',*,*,#2961,.T.);
#3422 = ORIENTED_EDGE('',*,*,#3423,.T.);
#3423 = EDGE_CURVE('',#2900,#2703,#3424,.T.);
#3424 = LINE('',#3425,#3426);
#3425 = CARTESIAN_POINT('',(113.,107.,161.));
#3426 = VECTOR('',#3427,1.);
#3427 = DIRECTION('',(0.,0.,1.));
#3428 = ORIENTED_EDGE('',*,*,#2702,.F.);
#3429 = ORIENTED_EDGE('',*,*,#3375,.T.);
#3430 = ORIENTED_EDGE('',*,*,#3431,.F.);
#3431 = EDGE_CURVE('',#3397,#3360,#3432,.T.);
#3432 = LINE('',#3433,#3434);
#3433 = CARTESIAN_POINT('',(113.,156.,165.1));
#3434 = VECTOR('',#3435,1.);
#3435 = DIRECTION('',(-0.,-1.,-0.));
#3436 = PLANE('',#3437);
#3437 = AXIS2_PLACEMENT_3D('',#3438,#3439,#3440);
#3438 = CARTESIAN_POINT('',(113.,107.,161.));
#3439 = DIRECTION('',(-1.,0.,0.));
#3440 = DIRECTION('',(0.,1.,0.));
#3441 = ADVANCED_FACE('',(#3442),#3453,.T.);
#3442 = FACE_BOUND('',#3443,.T.);
#3443 = EDGE_LOOP('',(#3444,#3445,#3446,#3447));
#3444 = ORIENTED_EDGE('',*,*,#2944,.T.);
#3445 = ORIENTED_EDGE('',*,*,#3389,.T.);
#3446 = ORIENTED_EDGE('',*,*,#2771,.F.);
#3447 = ORIENTED_EDGE('',*,*,#3448,.F.);
#3448 = EDGE_CURVE('',#2936,#2763,#3449,.T.);
#3449 = LINE('',#3450,#3451);
#3450 = CARTESIAN_POINT('',(28.,208.,161.));
#3451 = VECTOR('',#3452,1.);
#3452 = DIRECTION('',(0.,0.,1.));
#3453 = PLANE('',#3454);
#3454 = AXIS2_PLACEMENT_3D('',#3455,#3456,#3457);
#3455 = CARTESIAN_POINT('',(108.,208.,161.));
#3456 = DIRECTION('',(0.,-1.,0.));
#3457 = DIRECTION('',(-1.,0.,0.));
#3458 = ADVANCED_FACE('',(#3459),#3470,.F.);
#3459 = FACE_BOUND('',#3460,.T.);
#3460 = EDGE_LOOP('',(#3461,#3462,#3468,#3469));
#3461 = ORIENTED_EDGE('',*,*,#2899,.T.);
#3462 = ORIENTED_EDGE('',*,*,#3463,.T.);
#3463 = EDGE_CURVE('',#2902,#2711,#3464,.T.);
#3464 = LINE('',#3465,#3466);
#3465 = CARTESIAN_POINT('',(108.,102.,161.));
#3466 = VECTOR('',#3467,1.);
#3467 = DIRECTION('',(0.,0.,1.));
#3468 = ORIENTED_EDGE('',*,*,#2710,.F.);
#3469 = ORIENTED_EDGE('',*,*,#3423,.F.);
#3470 = CYLINDRICAL_SURFACE('',#3471,5.);
#3471 = AXIS2_PLACEMENT_3D('',#3472,#3473,#3474);
#3472 = CARTESIAN_POINT('',(108.,107.,161.));
#3473 = DIRECTION('',(-0.,-0.,-1.));
#3474 = DIRECTION('',(0.,-1.,0.));
#3475 = ADVANCED_FACE('',(#3476),#3504,.F.);
#3476 = FACE_BOUND('',#3477,.T.);
#3477 = EDGE_LOOP('',(#3478,#3486,#3487,#3488,#3489,#3497));
#3478 = ORIENTED_EDGE('',*,*,#3479,.F.);
#3479 = EDGE_CURVE('',#2928,#3480,#3482,.T.);
#3480 = VERTEX_POINT('',#3481);
#3481 = CARTESIAN_POINT('',(23.,203.,165.1));
#3482 = LINE('',#3483,#3484);
#3483 = CARTESIAN_POINT('',(23.,203.,161.));
#3484 = VECTOR('',#3485,1.);
#3485 = DIRECTION('',(0.,0.,1.));
#3486 = ORIENTED_EDGE('',*,*,#2935,.T.);
#3487 = ORIENTED_EDGE('',*,*,#3448,.T.);
#3488 = ORIENTED_EDGE('',*,*,#2762,.F.);
#3489 = ORIENTED_EDGE('',*,*,#3490,.T.);
#3490 = EDGE_CURVE('',#2754,#3491,#3493,.T.);
#3491 = VERTEX_POINT('',#3492);
#3492 = CARTESIAN_POINT('',(23.807886444354,205.72510255523,165.1));
#3493 = LINE('',#3494,#3495);
#3494 = CARTESIAN_POINT('',(23.807886444354,205.72510255523,161.));
#3495 = VECTOR('',#3496,1.);
#3496 = DIRECTION('',(0.,0.,-1.));
#3497 = ORIENTED_EDGE('',*,*,#3498,.F.);
#3498 = EDGE_CURVE('',#3480,#3491,#3499,.T.);
#3499 = CIRCLE('',#3500,5.);
#3500 = AXIS2_PLACEMENT_3D('',#3501,#3502,#3503);
#3501 = CARTESIAN_POINT('',(28.,203.,165.1));
#3502 = DIRECTION('',(0.,0.,-1.));
#3503 = DIRECTION('',(0.,1.,0.));
#3504 = CYLINDRICAL_SURFACE('',#3505,5.);
#3505 = AXIS2_PLACEMENT_3D('',#3506,#3507,#3508);
#3506 = CARTESIAN_POINT('',(28.,203.,161.));
#3507 = DIRECTION('',(0.,0.,-1.));
#3508 = DIRECTION('',(0.,1.,0.));
#3509 = ADVANCED_FACE('',(#3510),#3521,.T.);
#3510 = FACE_BOUND('',#3511,.T.);
#3511 = EDGE_LOOP('',(#3512,#3513,#3519,#3520));
#3512 = ORIENTED_EDGE('',*,*,#2910,.T.);
#3513 = ORIENTED_EDGE('',*,*,#3514,.T.);
#3514 = EDGE_CURVE('',#2911,#2720,#3515,.T.);
#3515 = LINE('',#3516,#3517);
#3516 = CARTESIAN_POINT('',(28.,102.,161.));
#3517 = VECTOR('',#3518,1.);
#3518 = DIRECTION('',(0.,0.,1.));
#3519 = ORIENTED_EDGE('',*,*,#2719,.F.);
#3520 = ORIENTED_EDGE('',*,*,#3463,.F.);
#3521 = PLANE('',#3522);
#3522 = AXIS2_PLACEMENT_3D('',#3523,#3524,#3525);
#3523 = CARTESIAN_POINT('',(28.,102.,161.));
#3524 = DIRECTION('',(0.,1.,0.));
#3525 = DIRECTION('',(1.,0.,0.));
#3526 = ADVANCED_FACE('',(#3527),#3546,.F.);
#3527 = FACE_BOUND('',#3528,.F.);
#3528 = EDGE_LOOP('',(#3529,#3538,#3544,#3545));
#3529 = ORIENTED_EDGE('',*,*,#3530,.F.);
#3530 = EDGE_CURVE('',#3531,#3491,#3533,.T.);
#3531 = VERTEX_POINT('',#3532);
#3532 = CARTESIAN_POINT('',(18.1,205.,165.1));
#3533 = CIRCLE('',#3534,2.9);
#3534 = AXIS2_PLACEMENT_3D('',#3535,#3536,#3537);
#3535 = CARTESIAN_POINT('',(21.,205.,165.1));
#3536 = DIRECTION('',(0.,0.,-1.));
#3537 = DIRECTION('',(-1.,0.,0.));
#3538 = ORIENTED_EDGE('',*,*,#3539,.F.);
#3539 = EDGE_CURVE('',#2745,#3531,#3540,.T.);
#3540 = LINE('',#3541,#3542);
#3541 = CARTESIAN_POINT('',(18.1,205.,174.1));
#3542 = VECTOR('',#3543,1.);
#3543 = DIRECTION('',(0.,0.,-1.));
#3544 = ORIENTED_EDGE('',*,*,#2753,.T.);
#3545 = ORIENTED_EDGE('',*,*,#3490,.T.);
#3546 = CYLINDRICAL_SURFACE('',#3547,2.9);
#3547 = AXIS2_PLACEMENT_3D('',#3548,#3549,#3550);
#3548 = CARTESIAN_POINT('',(21.,205.,174.1));
#3549 = DIRECTION('',(0.,0.,-1.));
#3550 = DIRECTION('',(-1.,0.,0.));
#3551 = ADVANCED_FACE('',(#3552),#3563,.F.);
#3552 = FACE_BOUND('',#3553,.T.);
#3553 = EDGE_LOOP('',(#3554,#3555,#3561,#3562));
#3554 = ORIENTED_EDGE('',*,*,#2918,.T.);
#3555 = ORIENTED_EDGE('',*,*,#3556,.T.);
#3556 = EDGE_CURVE('',#2919,#2728,#3557,.T.);
#3557 = LINE('',#3558,#3559);
#3558 = CARTESIAN_POINT('',(23.,107.,161.));
#3559 = VECTOR('',#3560,1.);
#3560 = DIRECTION('',(0.,0.,1.));
#3561 = ORIENTED_EDGE('',*,*,#2727,.F.);
#3562 = ORIENTED_EDGE('',*,*,#3514,.F.);
#3563 = CYLINDRICAL_SURFACE('',#3564,5.);
#3564 = AXIS2_PLACEMENT_3D('',#3565,#3566,#3567);
#3565 = CARTESIAN_POINT('',(28.,107.,161.));
#3566 = DIRECTION('',(-0.,-0.,-1.));
#3567 = DIRECTION('',(-1.,0.,0.));
#3568 = ADVANCED_FACE('',(#3569),#3588,.F.);
#3569 = FACE_BOUND('',#3570,.F.);
#3570 = EDGE_LOOP('',(#3571,#3572,#3581,#3587));
#3571 = ORIENTED_EDGE('',*,*,#3539,.T.);
#3572 = ORIENTED_EDGE('',*,*,#3573,.F.);
#3573 = EDGE_CURVE('',#3574,#3531,#3576,.T.);
#3574 = VERTEX_POINT('',#3575);
#3575 = CARTESIAN_POINT('',(23.,202.9,165.1));
#3576 = CIRCLE('',#3577,2.9);
#3577 = AXIS2_PLACEMENT_3D('',#3578,#3579,#3580);
#3578 = CARTESIAN_POINT('',(21.,205.,165.1));
#3579 = DIRECTION('',(0.,0.,-1.));
#3580 = DIRECTION('',(-1.,0.,0.));
#3581 = ORIENTED_EDGE('',*,*,#3582,.F.);
#3582 = EDGE_CURVE('',#2737,#3574,#3583,.T.);
#3583 = LINE('',#3584,#3585);
#3584 = CARTESIAN_POINT('',(23.,202.9,174.1));
#3585 = VECTOR('',#3586,1.);
#3586 = DIRECTION('',(0.,0.,-1.));
#3587 = ORIENTED_EDGE('',*,*,#2744,.T.);
#3588 = CYLINDRICAL_SURFACE('',#3589,2.9);
#3589 = AXIS2_PLACEMENT_3D('',#3590,#3591,#3592);
#3590 = CARTESIAN_POINT('',(21.,205.,174.1));
#3591 = DIRECTION('',(0.,0.,-1.));
#3592 = DIRECTION('',(-1.,0.,0.));
#3593 = ADVANCED_FACE('',(#3594),#3607,.T.);
#3594 = FACE_BOUND('',#3595,.T.);
#3595 = EDGE_LOOP('',(#3596,#3597,#3598,#3599,#3605,#3606));
#3596 = ORIENTED_EDGE('',*,*,#3556,.F.);
#3597 = ORIENTED_EDGE('',*,*,#2927,.T.);
#3598 = ORIENTED_EDGE('',*,*,#3479,.T.);
#3599 = ORIENTED_EDGE('',*,*,#3600,.F.);
#3600 = EDGE_CURVE('',#3574,#3480,#3601,.T.);
#3601 = LINE('',#3602,#3603);
#3602 = CARTESIAN_POINT('',(23.,204.,165.1));
#3603 = VECTOR('',#3604,1.);
#3604 = DIRECTION('',(0.,1.,0.));
#3605 = ORIENTED_EDGE('',*,*,#3582,.F.);
#3606 = ORIENTED_EDGE('',*,*,#2736,.F.);
#3607 = PLANE('',#3608);
#3608 = AXIS2_PLACEMENT_3D('',#3609,#3610,#3611);
#3609 = CARTESIAN_POINT('',(23.,203.,161.));
#3610 = DIRECTION('',(1.,0.,0.));
#3611 = DIRECTION('',(0.,-1.,0.));
#3612 = ADVANCED_FACE('',(#3613),#3618,.F.);
#3613 = FACE_BOUND('',#3614,.F.);
#3614 = EDGE_LOOP('',(#3615,#3616,#3617));
#3615 = ORIENTED_EDGE('',*,*,#3127,.T.);
#3616 = ORIENTED_EDGE('',*,*,#3101,.T.);
#3617 = ORIENTED_EDGE('',*,*,#3077,.F.);
#3618 = PLANE('',#3619);
#3619 = AXIS2_PLACEMENT_3D('',#3620,#3621,#3622);
#3620 = CARTESIAN_POINT('',(21.,24.,165.1));
#3621 = DIRECTION('',(0.,0.,-1.));
#3622 = DIRECTION('',(-1.,0.,0.));
#3623 = ADVANCED_FACE('',(#3624),#3629,.F.);
#3624 = FACE_BOUND('',#3625,.F.);
#3625 = EDGE_LOOP('',(#3626,#3627,#3628));
#3626 = ORIENTED_EDGE('',*,*,#3228,.T.);
#3627 = ORIENTED_EDGE('',*,*,#3202,.T.);
#3628 = ORIENTED_EDGE('',*,*,#3178,.F.);
#3629 = PLANE('',#3630);
#3630 = AXIS2_PLACEMENT_3D('',#3631,#3632,#3633);
#3631 = CARTESIAN_POINT('',(115.,24.,165.1));
#3632 = DIRECTION('',(0.,0.,-1.));
#3633 = DIRECTION('',(-1.,0.,0.));
#3634 = ADVANCED_FACE('',(#3635),#3638,.F.);
#3635 = FACE_BOUND('',#3636,.F.);
#3636 = EDGE_LOOP('',(#3637));
#3637 = ORIENTED_EDGE('',*,*,#3265,.T.);
#3638 = PLANE('',#3639);
#3639 = AXIS2_PLACEMENT_3D('',#3640,#3641,#3642);
#3640 = CARTESIAN_POINT('',(21.,72.,165.1));
#3641 = DIRECTION('',(0.,0.,-1.));
#3642 = DIRECTION('',(-1.,0.,0.));
#3643 = ADVANCED_FACE('',(#3644),#3647,.F.);
#3644 = FACE_BOUND('',#3645,.F.);
#3645 = EDGE_LOOP('',(#3646));
#3646 = ORIENTED_EDGE('',*,*,#3290,.T.);
#3647 = PLANE('',#3648);
#3648 = AXIS2_PLACEMENT_3D('',#3649,#3650,#3651);
#3649 = CARTESIAN_POINT('',(21.,92.,165.1));
#3650 = DIRECTION('',(0.,0.,-1.));
#3651 = DIRECTION('',(-1.,0.,0.));
#3652 = ADVANCED_FACE('',(#3653),#3656,.F.);
#3653 = FACE_BOUND('',#3654,.F.);
#3654 = EDGE_LOOP('',(#3655));
#3655 = ORIENTED_EDGE('',*,*,#3315,.T.);
#3656 = PLANE('',#3657);
#3657 = AXIS2_PLACEMENT_3D('',#3658,#3659,#3660);
#3658 = CARTESIAN_POINT('',(115.,72.,165.1));
#3659 = DIRECTION('',(0.,0.,-1.));
#3660 = DIRECTION('',(-1.,0.,0.));
#3661 = ADVANCED_FACE('',(#3662),#3665,.F.);
#3662 = FACE_BOUND('',#3663,.F.);
#3663 = EDGE_LOOP('',(#3664));
#3664 = ORIENTED_EDGE('',*,*,#3340,.T.);
#3665 = PLANE('',#3666);
#3666 = AXIS2_PLACEMENT_3D('',#3667,#3668,#3669);
#3667 = CARTESIAN_POINT('',(115.,92.,165.1));
#3668 = DIRECTION('',(0.,0.,-1.));
#3669 = DIRECTION('',(-1.,0.,0.));
#3670 = ADVANCED_FACE('',(#3671),#3676,.F.);
#3671 = FACE_BOUND('',#3672,.F.);
#3672 = EDGE_LOOP('',(#3673,#3674,#3675));
#3673 = ORIENTED_EDGE('',*,*,#3404,.F.);
#3674 = ORIENTED_EDGE('',*,*,#3357,.T.);
#3675 = ORIENTED_EDGE('',*,*,#3431,.F.);
#3676 = PLANE('',#3677);
#3677 = AXIS2_PLACEMENT_3D('',#3678,#3679,#3680);
#3678 = CARTESIAN_POINT('',(115.,205.,165.1));
#3679 = DIRECTION('',(0.,0.,-1.));
#3680 = DIRECTION('',(-1.,0.,0.));
#3681 = ADVANCED_FACE('',(#3682),#3688,.F.);
#3682 = FACE_BOUND('',#3683,.F.);
#3683 = EDGE_LOOP('',(#3684,#3685,#3686,#3687));
#3684 = ORIENTED_EDGE('',*,*,#3573,.T.);
#3685 = ORIENTED_EDGE('',*,*,#3530,.T.);
#3686 = ORIENTED_EDGE('',*,*,#3498,.F.);
#3687 = ORIENTED_EDGE('',*,*,#3600,.F.);
#3688 = PLANE('',#3689);
#3689 = AXIS2_PLACEMENT_3D('',#3690,#3691,#3692);
#3690 = CARTESIAN_POINT('',(21.,205.,165.1));
#3691 = DIRECTION('',(0.,0.,-1.));
#3692 = DIRECTION('',(-1.,0.,0.));
#3693 = MANIFOLD_SOLID_BREP('',#3694);
#3694 = CLOSED_SHELL('',(#3695,#3735,#3836,#3860,#3954,#3971,#3983,#4005
    ,#4022,#4039,#4056,#4073,#4090,#4107));
#3695 = ADVANCED_FACE('',(#3696),#3730,.F.);
#3696 = FACE_BOUND('',#3697,.F.);
#3697 = EDGE_LOOP('',(#3698,#3708,#3716,#3724));
#3698 = ORIENTED_EDGE('',*,*,#3699,.F.);
#3699 = EDGE_CURVE('',#3700,#3702,#3704,.T.);
#3700 = VERTEX_POINT('',#3701);
#3701 = CARTESIAN_POINT('',(12.,76.,28.));
#3702 = VERTEX_POINT('',#3703);
#3703 = CARTESIAN_POINT('',(12.,76.,162.));
#3704 = LINE('',#3705,#3706);
#3705 = CARTESIAN_POINT('',(12.,76.,28.));
#3706 = VECTOR('',#3707,1.);
#3707 = DIRECTION('',(0.,0.,1.));
#3708 = ORIENTED_EDGE('',*,*,#3709,.T.);
#3709 = EDGE_CURVE('',#3700,#3710,#3712,.T.);
#3710 = VERTEX_POINT('',#3711);
#3711 = CARTESIAN_POINT('',(12.,88.,28.));
#3712 = LINE('',#3713,#3714);
#3713 = CARTESIAN_POINT('',(12.,76.,28.));
#3714 = VECTOR('',#3715,1.);
#3715 = DIRECTION('',(0.,1.,0.));
#3716 = ORIENTED_EDGE('',*,*,#3717,.T.);
#3717 = EDGE_CURVE('',#3710,#3718,#3720,.T.);
#3718 = VERTEX_POINT('',#3719);
#3719 = CARTESIAN_POINT('',(12.,88.,162.));
#3720 = LINE('',#3721,#3722);
#3721 = CARTESIAN_POINT('',(12.,88.,28.));
#3722 = VECTOR('',#3723,1.);
#3723 = DIRECTION('',(0.,0.,1.));
#3724 = ORIENTED_EDGE('',*,*,#3725,.F.);
#3725 = EDGE_CURVE('',#3702,#3718,#3726,.T.);
#3726 = LINE('',#3727,#3728);
#3727 = CARTESIAN_POINT('',(12.,76.,162.));
#3728 = VECTOR('',#3729,1.);
#3729 = DIRECTION('',(0.,1.,0.));
#3730 = PLANE('',#3731);
#3731 = AXIS2_PLACEMENT_3D('',#3732,#3733,#3734);
#3732 = CARTESIAN_POINT('',(12.,76.,28.));
#3733 = DIRECTION('',(1.,0.,0.));
#3734 = DIRECTION('',(0.,0.,1.));
#3735 = ADVANCED_FACE('',(#3736,#3761),#3831,.F.);
#3736 = FACE_BOUND('',#3737,.F.);
#3737 = EDGE_LOOP('',(#3738,#3746,#3747,#3755));
#3738 = ORIENTED_EDGE('',*,*,#3739,.F.);
#3739 = EDGE_CURVE('',#3700,#3740,#3742,.T.);
#3740 = VERTEX_POINT('',#3741);
#3741 = CARTESIAN_POINT('',(124.,76.,28.));
#3742 = LINE('',#3743,#3744);
#3743 = CARTESIAN_POINT('',(12.,76.,28.));
#3744 = VECTOR('',#3745,1.);
#3745 = DIRECTION('',(1.,0.,0.));
#3746 = ORIENTED_EDGE('',*,*,#3699,.T.);
#3747 = ORIENTED_EDGE('',*,*,#3748,.T.);
#3748 = EDGE_CURVE('',#3702,#3749,#3751,.T.);
#3749 = VERTEX_POINT('',#3750);
#3750 = CARTESIAN_POINT('',(124.,76.,162.));
#3751 = LINE('',#3752,#3753);
#3752 = CARTESIAN_POINT('',(12.,76.,162.));
#3753 = VECTOR('',#3754,1.);
#3754 = DIRECTION('',(1.,0.,0.));
#3755 = ORIENTED_EDGE('',*,*,#3756,.F.);
#3756 = EDGE_CURVE('',#3740,#3749,#3757,.T.);
#3757 = LINE('',#3758,#3759);
#3758 = CARTESIAN_POINT('',(124.,76.,28.));
#3759 = VECTOR('',#3760,1.);
#3760 = DIRECTION('',(0.,0.,1.));
#3761 = FACE_BOUND('',#3762,.F.);
#3762 = EDGE_LOOP('',(#3763,#3774,#3782,#3791,#3799,#3808,#3816,#3825));
#3763 = ORIENTED_EDGE('',*,*,#3764,.F.);
#3764 = EDGE_CURVE('',#3765,#3767,#3769,.T.);
#3765 = VERTEX_POINT('',#3766);
#3766 = CARTESIAN_POINT('',(51.,76.,52.));
#3767 = VERTEX_POINT('',#3768);
#3768 = CARTESIAN_POINT('',(36.,76.,67.));
#3769 = CIRCLE('',#3770,15.);
#3770 = AXIS2_PLACEMENT_3D('',#3771,#3772,#3773);
#3771 = CARTESIAN_POINT('',(51.,76.,67.));
#3772 = DIRECTION('',(0.,1.,-1.110223024625E-16));
#3773 = DIRECTION('',(-1.,0.,0.));
#3774 = ORIENTED_EDGE('',*,*,#3775,.T.);
#3775 = EDGE_CURVE('',#3765,#3776,#3778,.T.);
#3776 = VERTEX_POINT('',#3777);
#3777 = CARTESIAN_POINT('',(85.,76.,52.));
#3778 = LINE('',#3779,#3780);
#3779 = CARTESIAN_POINT('',(31.5,76.,52.));
#3780 = VECTOR('',#3781,1.);
#3781 = DIRECTION('',(1.,0.,0.));
#3782 = ORIENTED_EDGE('',*,*,#3783,.F.);
#3783 = EDGE_CURVE('',#3784,#3776,#3786,.T.);
#3784 = VERTEX_POINT('',#3785);
#3785 = CARTESIAN_POINT('',(100.,76.,67.));
#3786 = CIRCLE('',#3787,15.);
#3787 = AXIS2_PLACEMENT_3D('',#3788,#3789,#3790);
#3788 = CARTESIAN_POINT('',(85.,76.,67.));
#3789 = DIRECTION('',(0.,1.,-1.110223024625E-16));
#3790 = DIRECTION('',(0.,-1.110223024625E-16,-1.));
#3791 = ORIENTED_EDGE('',*,*,#3792,.T.);
#3792 = EDGE_CURVE('',#3784,#3793,#3795,.T.);
#3793 = VERTEX_POINT('',#3794);
#3794 = CARTESIAN_POINT('',(100.,76.,123.));
#3795 = LINE('',#3796,#3797);
#3796 = CARTESIAN_POINT('',(100.,76.,47.5));
#3797 = VECTOR('',#3798,1.);
#3798 = DIRECTION('',(0.,0.,1.));
#3799 = ORIENTED_EDGE('',*,*,#3800,.F.);
#3800 = EDGE_CURVE('',#3801,#3793,#3803,.T.);
#3801 = VERTEX_POINT('',#3802);
#3802 = CARTESIAN_POINT('',(85.,76.,138.));
#3803 = CIRCLE('',#3804,15.);
#3804 = AXIS2_PLACEMENT_3D('',#3805,#3806,#3807);
#3805 = CARTESIAN_POINT('',(85.,76.,123.));
#3806 = DIRECTION('',(0.,1.,-1.110223024625E-16));
#3807 = DIRECTION('',(1.,0.,0.));
#3808 = ORIENTED_EDGE('',*,*,#3809,.T.);
#3809 = EDGE_CURVE('',#3801,#3810,#3812,.T.);
#3810 = VERTEX_POINT('',#3811);
#3811 = CARTESIAN_POINT('',(51.,76.,138.));
#3812 = LINE('',#3813,#3814);
#3813 = CARTESIAN_POINT('',(48.5,76.,138.));
#3814 = VECTOR('',#3815,1.);
#3815 = DIRECTION('',(-1.,0.,0.));
#3816 = ORIENTED_EDGE('',*,*,#3817,.F.);
#3817 = EDGE_CURVE('',#3818,#3810,#3820,.T.);
#3818 = VERTEX_POINT('',#3819);
#3819 = CARTESIAN_POINT('',(36.,76.,123.));
#3820 = CIRCLE('',#3821,15.);
#3821 = AXIS2_PLACEMENT_3D('',#3822,#3823,#3824);
#3822 = CARTESIAN_POINT('',(51.,76.,123.));
#3823 = DIRECTION('',(0.,1.,-1.110223024625E-16));
#3824 = DIRECTION('',(0.,1.110223024625E-16,1.));
#3825 = ORIENTED_EDGE('',*,*,#3826,.T.);
#3826 = EDGE_CURVE('',#3818,#3767,#3827,.T.);
#3827 = LINE('',#3828,#3829);
#3828 = CARTESIAN_POINT('',(36.,76.,75.5));
#3829 = VECTOR('',#3830,1.);
#3830 = DIRECTION('',(0.,0.,-1.));
#3831 = PLANE('',#3832);
#3832 = AXIS2_PLACEMENT_3D('',#3833,#3834,#3835);
#3833 = CARTESIAN_POINT('',(12.,76.,28.));
#3834 = DIRECTION('',(0.,1.,0.));
#3835 = DIRECTION('',(0.,0.,1.));
#3836 = ADVANCED_FACE('',(#3837),#3855,.T.);
#3837 = FACE_BOUND('',#3838,.T.);
#3838 = EDGE_LOOP('',(#3839,#3840,#3841,#3849));
#3839 = ORIENTED_EDGE('',*,*,#3725,.F.);
#3840 = ORIENTED_EDGE('',*,*,#3748,.T.);
#3841 = ORIENTED_EDGE('',*,*,#3842,.T.);
#3842 = EDGE_CURVE('',#3749,#3843,#3845,.T.);
#3843 = VERTEX_POINT('',#3844);
#3844 = CARTESIAN_POINT('',(124.,88.,162.));
#3845 = LINE('',#3846,#3847);
#3846 = CARTESIAN_POINT('',(124.,76.,162.));
#3847 = VECTOR('',#3848,1.);
#3848 = DIRECTION('',(0.,1.,0.));
#3849 = ORIENTED_EDGE('',*,*,#3850,.F.);
#3850 = EDGE_CURVE('',#3718,#3843,#3851,.T.);
#3851 = LINE('',#3852,#3853);
#3852 = CARTESIAN_POINT('',(12.,88.,162.));
#3853 = VECTOR('',#3854,1.);
#3854 = DIRECTION('',(1.,0.,0.));
#3855 = PLANE('',#3856);
#3856 = AXIS2_PLACEMENT_3D('',#3857,#3858,#3859);
#3857 = CARTESIAN_POINT('',(12.,76.,162.));
#3858 = DIRECTION('',(0.,0.,1.));
#3859 = DIRECTION('',(1.,0.,0.));
#3860 = ADVANCED_FACE('',(#3861,#3879),#3949,.T.);
#3861 = FACE_BOUND('',#3862,.T.);
#3862 = EDGE_LOOP('',(#3863,#3871,#3872,#3873));
#3863 = ORIENTED_EDGE('',*,*,#3864,.F.);
#3864 = EDGE_CURVE('',#3710,#3865,#3867,.T.);
#3865 = VERTEX_POINT('',#3866);
#3866 = CARTESIAN_POINT('',(124.,88.,28.));
#3867 = LINE('',#3868,#3869);
#3868 = CARTESIAN_POINT('',(12.,88.,28.));
#3869 = VECTOR('',#3870,1.);
#3870 = DIRECTION('',(1.,0.,0.));
#3871 = ORIENTED_EDGE('',*,*,#3717,.T.);
#3872 = ORIENTED_EDGE('',*,*,#3850,.T.);
#3873 = ORIENTED_EDGE('',*,*,#3874,.F.);
#3874 = EDGE_CURVE('',#3865,#3843,#3875,.T.);
#3875 = LINE('',#3876,#3877);
#3876 = CARTESIAN_POINT('',(124.,88.,28.));
#3877 = VECTOR('',#3878,1.);
#3878 = DIRECTION('',(0.,0.,1.));
#3879 = FACE_BOUND('',#3880,.T.);
#3880 = EDGE_LOOP('',(#3881,#3892,#3900,#3909,#3917,#3926,#3934,#3943));
#3881 = ORIENTED_EDGE('',*,*,#3882,.F.);
#3882 = EDGE_CURVE('',#3883,#3885,#3887,.T.);
#3883 = VERTEX_POINT('',#3884);
#3884 = CARTESIAN_POINT('',(51.,88.,52.));
#3885 = VERTEX_POINT('',#3886);
#3886 = CARTESIAN_POINT('',(36.,88.,67.));
#3887 = CIRCLE('',#3888,15.);
#3888 = AXIS2_PLACEMENT_3D('',#3889,#3890,#3891);
#3889 = CARTESIAN_POINT('',(51.,88.,67.));
#3890 = DIRECTION('',(0.,1.,-1.110223024625E-16));
#3891 = DIRECTION('',(-1.,0.,0.));
#3892 = ORIENTED_EDGE('',*,*,#3893,.T.);
#3893 = EDGE_CURVE('',#3883,#3894,#3896,.T.);
#3894 = VERTEX_POINT('',#3895);
#3895 = CARTESIAN_POINT('',(85.,88.,52.));
#3896 = LINE('',#3897,#3898);
#3897 = CARTESIAN_POINT('',(31.5,88.,52.));
#3898 = VECTOR('',#3899,1.);
#3899 = DIRECTION('',(1.,0.,0.));
#3900 = ORIENTED_EDGE('',*,*,#3901,.F.);
#3901 = EDGE_CURVE('',#3902,#3894,#3904,.T.);
#3902 = VERTEX_POINT('',#3903);
#3903 = CARTESIAN_POINT('',(100.,88.,67.));
#3904 = CIRCLE('',#3905,15.);
#3905 = AXIS2_PLACEMENT_3D('',#3906,#3907,#3908);
#3906 = CARTESIAN_POINT('',(85.,88.,67.));
#3907 = DIRECTION('',(0.,1.,-1.110223024625E-16));
#3908 = DIRECTION('',(0.,-1.110223024625E-16,-1.));
#3909 = ORIENTED_EDGE('',*,*,#3910,.T.);
#3910 = EDGE_CURVE('',#3902,#3911,#3913,.T.);
#3911 = VERTEX_POINT('',#3912);
#3912 = CARTESIAN_POINT('',(100.,88.,123.));
#3913 = LINE('',#3914,#3915);
#3914 = CARTESIAN_POINT('',(100.,88.,47.5));
#3915 = VECTOR('',#3916,1.);
#3916 = DIRECTION('',(0.,0.,1.));
#3917 = ORIENTED_EDGE('',*,*,#3918,.F.);
#3918 = EDGE_CURVE('',#3919,#3911,#3921,.T.);
#3919 = VERTEX_POINT('',#3920);
#3920 = CARTESIAN_POINT('',(85.,88.,138.));
#3921 = CIRCLE('',#3922,15.);
#3922 = AXIS2_PLACEMENT_3D('',#3923,#3924,#3925);
#3923 = CARTESIAN_POINT('',(85.,88.,123.));
#3924 = DIRECTION('',(0.,1.,-1.110223024625E-16));
#3925 = DIRECTION('',(1.,0.,0.));
#3926 = ORIENTED_EDGE('',*,*,#3927,.T.);
#3927 = EDGE_CURVE('',#3919,#3928,#3930,.T.);
#3928 = VERTEX_POINT('',#3929);
#3929 = CARTESIAN_POINT('',(51.,88.,138.));
#3930 = LINE('',#3931,#3932);
#3931 = CARTESIAN_POINT('',(48.5,88.,138.));
#3932 = VECTOR('',#3933,1.);
#3933 = DIRECTION('',(-1.,0.,0.));
#3934 = ORIENTED_EDGE('',*,*,#3935,.F.);
#3935 = EDGE_CURVE('',#3936,#3928,#3938,.T.);
#3936 = VERTEX_POINT('',#3937);
#3937 = CARTESIAN_POINT('',(36.,88.,123.));
#3938 = CIRCLE('',#3939,15.);
#3939 = AXIS2_PLACEMENT_3D('',#3940,#3941,#3942);
#3940 = CARTESIAN_POINT('',(51.,88.,123.));
#3941 = DIRECTION('',(0.,1.,-1.110223024625E-16));
#3942 = DIRECTION('',(0.,1.110223024625E-16,1.));
#3943 = ORIENTED_EDGE('',*,*,#3944,.T.);
#3944 = EDGE_CURVE('',#3936,#3885,#3945,.T.);
#3945 = LINE('',#3946,#3947);
#3946 = CARTESIAN_POINT('',(36.,88.,75.5));
#3947 = VECTOR('',#3948,1.);
#3948 = DIRECTION('',(0.,0.,-1.));
#3949 = PLANE('',#3950);
#3950 = AXIS2_PLACEMENT_3D('',#3951,#3952,#3953);
#3951 = CARTESIAN_POINT('',(12.,88.,28.));
#3952 = DIRECTION('',(0.,1.,0.));
#3953 = DIRECTION('',(0.,0.,1.));
#3954 = ADVANCED_FACE('',(#3955),#3966,.F.);
#3955 = FACE_BOUND('',#3956,.F.);
#3956 = EDGE_LOOP('',(#3957,#3958,#3959,#3965));
#3957 = ORIENTED_EDGE('',*,*,#3709,.F.);
#3958 = ORIENTED_EDGE('',*,*,#3739,.T.);
#3959 = ORIENTED_EDGE('',*,*,#3960,.T.);
#3960 = EDGE_CURVE('',#3740,#3865,#3961,.T.);
#3961 = LINE('',#3962,#3963);
#3962 = CARTESIAN_POINT('',(124.,76.,28.));
#3963 = VECTOR('',#3964,1.);
#3964 = DIRECTION('',(0.,1.,0.));
#3965 = ORIENTED_EDGE('',*,*,#3864,.F.);
#3966 = PLANE('',#3967);
#3967 = AXIS2_PLACEMENT_3D('',#3968,#3969,#3970);
#3968 = CARTESIAN_POINT('',(12.,76.,28.));
#3969 = DIRECTION('',(0.,0.,1.));
#3970 = DIRECTION('',(1.,0.,0.));
#3971 = ADVANCED_FACE('',(#3972),#3978,.T.);
#3972 = FACE_BOUND('',#3973,.T.);
#3973 = EDGE_LOOP('',(#3974,#3975,#3976,#3977));
#3974 = ORIENTED_EDGE('',*,*,#3756,.F.);
#3975 = ORIENTED_EDGE('',*,*,#3960,.T.);
#3976 = ORIENTED_EDGE('',*,*,#3874,.T.);
#3977 = ORIENTED_EDGE('',*,*,#3842,.F.);
#3978 = PLANE('',#3979);
#3979 = AXIS2_PLACEMENT_3D('',#3980,#3981,#3982);
#3980 = CARTESIAN_POINT('',(124.,76.,28.));
#3981 = DIRECTION('',(1.,0.,0.));
#3982 = DIRECTION('',(0.,0.,1.));
#3983 = ADVANCED_FACE('',(#3984),#4000,.F.);
#3984 = FACE_BOUND('',#3985,.T.);
#3985 = EDGE_LOOP('',(#3986,#3987,#3993,#3994));
#3986 = ORIENTED_EDGE('',*,*,#3882,.T.);
#3987 = ORIENTED_EDGE('',*,*,#3988,.T.);
#3988 = EDGE_CURVE('',#3885,#3767,#3989,.T.);
#3989 = LINE('',#3990,#3991);
#3990 = CARTESIAN_POINT('',(36.,90.,67.));
#3991 = VECTOR('',#3992,1.);
#3992 = DIRECTION('',(0.,-1.,1.110223024625E-16));
#3993 = ORIENTED_EDGE('',*,*,#3764,.F.);
#3994 = ORIENTED_EDGE('',*,*,#3995,.F.);
#3995 = EDGE_CURVE('',#3883,#3765,#3996,.T.);
#3996 = LINE('',#3997,#3998);
#3997 = CARTESIAN_POINT('',(51.,90.,52.));
#3998 = VECTOR('',#3999,1.);
#3999 = DIRECTION('',(0.,-1.,1.110223024625E-16));
#4000 = CYLINDRICAL_SURFACE('',#4001,15.);
#4001 = AXIS2_PLACEMENT_3D('',#4002,#4003,#4004);
#4002 = CARTESIAN_POINT('',(51.,90.,67.));
#4003 = DIRECTION('',(-0.,1.,-1.110223024625E-16));
#4004 = DIRECTION('',(-1.,0.,0.));
#4005 = ADVANCED_FACE('',(#4006),#4017,.T.);
#4006 = FACE_BOUND('',#4007,.T.);
#4007 = EDGE_LOOP('',(#4008,#4009,#4015,#4016));
#4008 = ORIENTED_EDGE('',*,*,#3944,.F.);
#4009 = ORIENTED_EDGE('',*,*,#4010,.T.);
#4010 = EDGE_CURVE('',#3936,#3818,#4011,.T.);
#4011 = LINE('',#4012,#4013);
#4012 = CARTESIAN_POINT('',(36.,90.,123.));
#4013 = VECTOR('',#4014,1.);
#4014 = DIRECTION('',(0.,-1.,1.110223024625E-16));
#4015 = ORIENTED_EDGE('',*,*,#3826,.T.);
#4016 = ORIENTED_EDGE('',*,*,#3988,.F.);
#4017 = PLANE('',#4018);
#4018 = AXIS2_PLACEMENT_3D('',#4019,#4020,#4021);
#4019 = CARTESIAN_POINT('',(36.,90.,123.));
#4020 = DIRECTION('',(1.,0.,0.));
#4021 = DIRECTION('',(0.,-1.110223024625E-16,-1.));
#4022 = ADVANCED_FACE('',(#4023),#4034,.F.);
#4023 = FACE_BOUND('',#4024,.T.);
#4024 = EDGE_LOOP('',(#4025,#4026,#4032,#4033));
#4025 = ORIENTED_EDGE('',*,*,#3935,.T.);
#4026 = ORIENTED_EDGE('',*,*,#4027,.T.);
#4027 = EDGE_CURVE('',#3928,#3810,#4028,.T.);
#4028 = LINE('',#4029,#4030);
#4029 = CARTESIAN_POINT('',(51.,90.,138.));
#4030 = VECTOR('',#4031,1.);
#4031 = DIRECTION('',(0.,-1.,1.110223024625E-16));
#4032 = ORIENTED_EDGE('',*,*,#3817,.F.);
#4033 = ORIENTED_EDGE('',*,*,#4010,.F.);
#4034 = CYLINDRICAL_SURFACE('',#4035,15.);
#4035 = AXIS2_PLACEMENT_3D('',#4036,#4037,#4038);
#4036 = CARTESIAN_POINT('',(51.,90.,123.));
#4037 = DIRECTION('',(0.,1.,-1.110223024625E-16));
#4038 = DIRECTION('',(0.,1.110223024625E-16,1.));
#4039 = ADVANCED_FACE('',(#4040),#4051,.T.);
#4040 = FACE_BOUND('',#4041,.T.);
#4041 = EDGE_LOOP('',(#4042,#4043,#4049,#4050));
#4042 = ORIENTED_EDGE('',*,*,#3927,.F.);
#4043 = ORIENTED_EDGE('',*,*,#4044,.T.);
#4044 = EDGE_CURVE('',#3919,#3801,#4045,.T.);
#4045 = LINE('',#4046,#4047);
#4046 = CARTESIAN_POINT('',(85.,90.,138.));
#4047 = VECTOR('',#4048,1.);
#4048 = DIRECTION('',(0.,-1.,1.110223024625E-16));
#4049 = ORIENTED_EDGE('',*,*,#3809,.T.);
#4050 = ORIENTED_EDGE('',*,*,#4027,.F.);
#4051 = PLANE('',#4052);
#4052 = AXIS2_PLACEMENT_3D('',#4053,#4054,#4055);
#4053 = CARTESIAN_POINT('',(85.,90.,138.));
#4054 = DIRECTION('',(0.,-1.110223024625E-16,-1.));
#4055 = DIRECTION('',(-1.,0.,0.));
#4056 = ADVANCED_FACE('',(#4057),#4068,.F.);
#4057 = FACE_BOUND('',#4058,.T.);
#4058 = EDGE_LOOP('',(#4059,#4060,#4066,#4067));
#4059 = ORIENTED_EDGE('',*,*,#3918,.T.);
#4060 = ORIENTED_EDGE('',*,*,#4061,.T.);
#4061 = EDGE_CURVE('',#3911,#3793,#4062,.T.);
#4062 = LINE('',#4063,#4064);
#4063 = CARTESIAN_POINT('',(100.,90.,123.));
#4064 = VECTOR('',#4065,1.);
#4065 = DIRECTION('',(0.,-1.,1.110223024625E-16));
#4066 = ORIENTED_EDGE('',*,*,#3800,.F.);
#4067 = ORIENTED_EDGE('',*,*,#4044,.F.);
#4068 = CYLINDRICAL_SURFACE('',#4069,15.);
#4069 = AXIS2_PLACEMENT_3D('',#4070,#4071,#4072);
#4070 = CARTESIAN_POINT('',(85.,90.,123.));
#4071 = DIRECTION('',(-0.,1.,-1.110223024625E-16));
#4072 = DIRECTION('',(1.,0.,0.));
#4073 = ADVANCED_FACE('',(#4074),#4085,.T.);
#4074 = FACE_BOUND('',#4075,.T.);
#4075 = EDGE_LOOP('',(#4076,#4077,#4083,#4084));
#4076 = ORIENTED_EDGE('',*,*,#3910,.F.);
#4077 = ORIENTED_EDGE('',*,*,#4078,.T.);
#4078 = EDGE_CURVE('',#3902,#3784,#4079,.T.);
#4079 = LINE('',#4080,#4081);
#4080 = CARTESIAN_POINT('',(100.,90.,67.));
#4081 = VECTOR('',#4082,1.);
#4082 = DIRECTION('',(0.,-1.,1.110223024625E-16));
#4083 = ORIENTED_EDGE('',*,*,#3792,.T.);
#4084 = ORIENTED_EDGE('',*,*,#4061,.F.);
#4085 = PLANE('',#4086);
#4086 = AXIS2_PLACEMENT_3D('',#4087,#4088,#4089);
#4087 = CARTESIAN_POINT('',(100.,90.,67.));
#4088 = DIRECTION('',(-1.,0.,0.));
#4089 = DIRECTION('',(0.,1.110223024625E-16,1.));
#4090 = ADVANCED_FACE('',(#4091),#4102,.F.);
#4091 = FACE_BOUND('',#4092,.T.);
#4092 = EDGE_LOOP('',(#4093,#4094,#4100,#4101));
#4093 = ORIENTED_EDGE('',*,*,#3901,.T.);
#4094 = ORIENTED_EDGE('',*,*,#4095,.T.);
#4095 = EDGE_CURVE('',#3894,#3776,#4096,.T.);
#4096 = LINE('',#4097,#4098);
#4097 = CARTESIAN_POINT('',(85.,90.,52.));
#4098 = VECTOR('',#4099,1.);
#4099 = DIRECTION('',(0.,-1.,1.110223024625E-16));
#4100 = ORIENTED_EDGE('',*,*,#3783,.F.);
#4101 = ORIENTED_EDGE('',*,*,#4078,.F.);
#4102 = CYLINDRICAL_SURFACE('',#4103,15.);
#4103 = AXIS2_PLACEMENT_3D('',#4104,#4105,#4106);
#4104 = CARTESIAN_POINT('',(85.,90.,67.));
#4105 = DIRECTION('',(-0.,1.,-1.110223024625E-16));
#4106 = DIRECTION('',(0.,-1.110223024625E-16,-1.));
#4107 = ADVANCED_FACE('',(#4108),#4114,.T.);
#4108 = FACE_BOUND('',#4109,.T.);
#4109 = EDGE_LOOP('',(#4110,#4111,#4112,#4113));
#4110 = ORIENTED_EDGE('',*,*,#3893,.F.);
#4111 = ORIENTED_EDGE('',*,*,#3995,.T.);
#4112 = ORIENTED_EDGE('',*,*,#3775,.T.);
#4113 = ORIENTED_EDGE('',*,*,#4095,.F.);
#4114 = PLANE('',#4115);
#4115 = AXIS2_PLACEMENT_3D('',#4116,#4117,#4118);
#4116 = CARTESIAN_POINT('',(51.,90.,52.));
#4117 = DIRECTION('',(0.,1.110223024625E-16,1.));
#4118 = DIRECTION('',(1.,0.,0.));
#4119 = MANIFOLD_SOLID_BREP('',#4120);
#4120 = CLOSED_SHELL('',(#4121,#4161,#4194,#4227,#4333,#4439,#4456,#4473
    ,#4490,#4507,#4519,#4544,#4569,#4594,#4619,#4644,#4661,#4678,#4695,
    #5512,#5529,#5585,#5602,#5619,#5636));
#4121 = ADVANCED_FACE('',(#4122),#4156,.F.);
#4122 = FACE_BOUND('',#4123,.F.);
#4123 = EDGE_LOOP('',(#4124,#4134,#4142,#4150));
#4124 = ORIENTED_EDGE('',*,*,#4125,.T.);
#4125 = EDGE_CURVE('',#4126,#4128,#4130,.T.);
#4126 = VERTEX_POINT('',#4127);
#4127 = CARTESIAN_POINT('',(12.5,82.,4.));
#4128 = VERTEX_POINT('',#4129);
#4129 = CARTESIAN_POINT('',(12.5,82.,16.));
#4130 = LINE('',#4131,#4132);
#4131 = CARTESIAN_POINT('',(12.5,82.,4.));
#4132 = VECTOR('',#4133,1.);
#4133 = DIRECTION('',(0.,0.,1.));
#4134 = ORIENTED_EDGE('',*,*,#4135,.T.);
#4135 = EDGE_CURVE('',#4128,#4136,#4138,.T.);
#4136 = VERTEX_POINT('',#4137);
#4137 = CARTESIAN_POINT('',(123.5,82.,16.));
#4138 = LINE('',#4139,#4140);
#4139 = CARTESIAN_POINT('',(12.5,82.,16.));
#4140 = VECTOR('',#4141,1.);
#4141 = DIRECTION('',(1.,0.,0.));
#4142 = ORIENTED_EDGE('',*,*,#4143,.F.);
#4143 = EDGE_CURVE('',#4144,#4136,#4146,.T.);
#4144 = VERTEX_POINT('',#4145);
#4145 = CARTESIAN_POINT('',(123.5,82.,4.));
#4146 = LINE('',#4147,#4148);
#4147 = CARTESIAN_POINT('',(123.5,82.,4.));
#4148 = VECTOR('',#4149,1.);
#4149 = DIRECTION('',(0.,0.,1.));
#4150 = ORIENTED_EDGE('',*,*,#4151,.F.);
#4151 = EDGE_CURVE('',#4126,#4144,#4152,.T.);
#4152 = LINE('',#4153,#4154);
#4153 = CARTESIAN_POINT('',(12.5,82.,4.));
#4154 = VECTOR('',#4155,1.);
#4155 = DIRECTION('',(1.,0.,0.));
#4156 = PLANE('',#4157);
#4157 = AXIS2_PLACEMENT_3D('',#4158,#4159,#4160);
#4158 = CARTESIAN_POINT('',(12.5,82.,4.));
#4159 = DIRECTION('',(0.,1.,0.));
#4160 = DIRECTION('',(1.,0.,0.));
#4161 = ADVANCED_FACE('',(#4162),#4189,.T.);
#4162 = FACE_BOUND('',#4163,.F.);
#4163 = EDGE_LOOP('',(#4164,#4174,#4181,#4182));
#4164 = ORIENTED_EDGE('',*,*,#4165,.T.);
#4165 = EDGE_CURVE('',#4166,#4168,#4170,.T.);
#4166 = VERTEX_POINT('',#4167);
#4167 = CARTESIAN_POINT('',(12.,82.5,4.));
#4168 = VERTEX_POINT('',#4169);
#4169 = CARTESIAN_POINT('',(12.,82.5,16.));
#4170 = LINE('',#4171,#4172);
#4171 = CARTESIAN_POINT('',(12.,82.5,4.));
#4172 = VECTOR('',#4173,1.);
#4173 = DIRECTION('',(0.,0.,1.));
#4174 = ORIENTED_EDGE('',*,*,#4175,.T.);
#4175 = EDGE_CURVE('',#4168,#4128,#4176,.T.);
#4176 = CIRCLE('',#4177,0.5);
#4177 = AXIS2_PLACEMENT_3D('',#4178,#4179,#4180);
#4178 = CARTESIAN_POINT('',(12.5,82.5,16.));
#4179 = DIRECTION('',(0.,0.,1.));
#4180 = DIRECTION('',(-1.,2.84217094304E-14,0.));
#4181 = ORIENTED_EDGE('',*,*,#4125,.F.);
#4182 = ORIENTED_EDGE('',*,*,#4183,.F.);
#4183 = EDGE_CURVE('',#4166,#4126,#4184,.T.);
#4184 = CIRCLE('',#4185,0.5);
#4185 = AXIS2_PLACEMENT_3D('',#4186,#4187,#4188);
#4186 = CARTESIAN_POINT('',(12.5,82.5,4.));
#4187 = DIRECTION('',(0.,0.,1.));
#4188 = DIRECTION('',(-1.,2.84217094304E-14,0.));
#4189 = CYLINDRICAL_SURFACE('',#4190,0.5);
#4190 = AXIS2_PLACEMENT_3D('',#4191,#4192,#4193);
#4191 = CARTESIAN_POINT('',(12.5,82.5,4.));
#4192 = DIRECTION('',(-0.,-0.,-1.));
#4193 = DIRECTION('',(-1.,2.84217094304E-14,0.));
#4194 = ADVANCED_FACE('',(#4195),#4222,.T.);
#4195 = FACE_BOUND('',#4196,.F.);
#4196 = EDGE_LOOP('',(#4197,#4198,#4207,#4215));
#4197 = ORIENTED_EDGE('',*,*,#4143,.T.);
#4198 = ORIENTED_EDGE('',*,*,#4199,.T.);
#4199 = EDGE_CURVE('',#4136,#4200,#4202,.T.);
#4200 = VERTEX_POINT('',#4201);
#4201 = CARTESIAN_POINT('',(124.,82.5,16.));
#4202 = CIRCLE('',#4203,0.5);
#4203 = AXIS2_PLACEMENT_3D('',#4204,#4205,#4206);
#4204 = CARTESIAN_POINT('',(123.5,82.5,16.));
#4205 = DIRECTION('',(0.,0.,1.));
#4206 = DIRECTION('',(-1.42108547152E-14,-1.,0.));
#4207 = ORIENTED_EDGE('',*,*,#4208,.F.);
#4208 = EDGE_CURVE('',#4209,#4200,#4211,.T.);
#4209 = VERTEX_POINT('',#4210);
#4210 = CARTESIAN_POINT('',(124.,82.5,4.));
#4211 = LINE('',#4212,#4213);
#4212 = CARTESIAN_POINT('',(124.,82.5,4.));
#4213 = VECTOR('',#4214,1.);
#4214 = DIRECTION('',(0.,0.,1.));
#4215 = ORIENTED_EDGE('',*,*,#4216,.F.);
#4216 = EDGE_CURVE('',#4144,#4209,#4217,.T.);
#4217 = CIRCLE('',#4218,0.5);
#4218 = AXIS2_PLACEMENT_3D('',#4219,#4220,#4221);
#4219 = CARTESIAN_POINT('',(123.5,82.5,4.));
#4220 = DIRECTION('',(0.,0.,1.));
#4221 = DIRECTION('',(-1.42108547152E-14,-1.,0.));
#4222 = CYLINDRICAL_SURFACE('',#4223,0.5);
#4223 = AXIS2_PLACEMENT_3D('',#4224,#4225,#4226);
#4224 = CARTESIAN_POINT('',(123.5,82.5,4.));
#4225 = DIRECTION('',(-0.,-0.,-1.));
#4226 = DIRECTION('',(-1.42108547152E-14,-1.,0.));
#4227 = ADVANCED_FACE('',(#4228,#4273,#4284,#4295,#4306,#4317),#4328,.F.
  );
#4228 = FACE_BOUND('',#4229,.F.);
#4229 = EDGE_LOOP('',(#4230,#4231,#4232,#4240,#4249,#4257,#4266,#4272));
#4230 = ORIENTED_EDGE('',*,*,#4151,.T.);
#4231 = ORIENTED_EDGE('',*,*,#4216,.T.);
#4232 = ORIENTED_EDGE('',*,*,#4233,.T.);
#4233 = EDGE_CURVE('',#4209,#4234,#4236,.T.);
#4234 = VERTEX_POINT('',#4235);
#4235 = CARTESIAN_POINT('',(124.,214.,4.));
#4236 = LINE('',#4237,#4238);
#4237 = CARTESIAN_POINT('',(124.,82.5,4.));
#4238 = VECTOR('',#4239,1.);
#4239 = DIRECTION('',(0.,1.,0.));
#4240 = ORIENTED_EDGE('',*,*,#4241,.T.);
#4241 = EDGE_CURVE('',#4234,#4242,#4244,.T.);
#4242 = VERTEX_POINT('',#4243);
#4243 = CARTESIAN_POINT('',(120.,218.,4.));
#4244 = CIRCLE('',#4245,4.);
#4245 = AXIS2_PLACEMENT_3D('',#4246,#4247,#4248);
#4246 = CARTESIAN_POINT('',(120.,214.,4.));
#4247 = DIRECTION('',(0.,-0.,1.));
#4248 = DIRECTION('',(1.,1.7763568394E-15,0.));
#4249 = ORIENTED_EDGE('',*,*,#4250,.T.);
#4250 = EDGE_CURVE('',#4242,#4251,#4253,.T.);
#4251 = VERTEX_POINT('',#4252);
#4252 = CARTESIAN_POINT('',(16.,218.,4.));
#4253 = LINE('',#4254,#4255);
#4254 = CARTESIAN_POINT('',(120.,218.,4.));
#4255 = VECTOR('',#4256,1.);
#4256 = DIRECTION('',(-1.,0.,0.));
#4257 = ORIENTED_EDGE('',*,*,#4258,.T.);
#4258 = EDGE_CURVE('',#4251,#4259,#4261,.T.);
#4259 = VERTEX_POINT('',#4260);
#4260 = CARTESIAN_POINT('',(12.,214.,4.));
#4261 = CIRCLE('',#4262,4.);
#4262 = AXIS2_PLACEMENT_3D('',#4263,#4264,#4265);
#4263 = CARTESIAN_POINT('',(16.,214.,4.));
#4264 = DIRECTION('',(0.,0.,1.));
#4265 = DIRECTION('',(-1.7763568394E-15,1.,0.));
#4266 = ORIENTED_EDGE('',*,*,#4267,.T.);
#4267 = EDGE_CURVE('',#4259,#4166,#4268,.T.);
#4268 = LINE('',#4269,#4270);
#4269 = CARTESIAN_POINT('',(12.,214.,4.));
#4270 = VECTOR('',#4271,1.);
#4271 = DIRECTION('',(0.,-1.,0.));
#4272 = ORIENTED_EDGE('',*,*,#4183,.T.);
#4273 = FACE_BOUND('',#4274,.F.);
#4274 = EDGE_LOOP('',(#4275));
#4275 = ORIENTED_EDGE('',*,*,#4276,.F.);
#4276 = EDGE_CURVE('',#4277,#4277,#4279,.T.);
#4277 = VERTEX_POINT('',#4278);
#4278 = CARTESIAN_POINT('',(25.25,92.,4.));
#4279 = CIRCLE('',#4280,4.25);
#4280 = AXIS2_PLACEMENT_3D('',#4281,#4282,#4283);
#4281 = CARTESIAN_POINT('',(21.,92.,4.));
#4282 = DIRECTION('',(0.,0.,1.));
#4283 = DIRECTION('',(1.,0.,0.));
#4284 = FACE_BOUND('',#4285,.F.);
#4285 = EDGE_LOOP('',(#4286));
#4286 = ORIENTED_EDGE('',*,*,#4287,.F.);
#4287 = EDGE_CURVE('',#4288,#4288,#4290,.T.);
#4288 = VERTEX_POINT('',#4289);
#4289 = CARTESIAN_POINT('',(119.25,92.,4.));
#4290 = CIRCLE('',#4291,4.25);
#4291 = AXIS2_PLACEMENT_3D('',#4292,#4293,#4294);
#4292 = CARTESIAN_POINT('',(115.,92.,4.));
#4293 = DIRECTION('',(0.,0.,1.));
#4294 = DIRECTION('',(1.,0.,0.));
#4295 = FACE_BOUND('',#4296,.F.);
#4296 = EDGE_LOOP('',(#4297));
#4297 = ORIENTED_EDGE('',*,*,#4298,.F.);
#4298 = EDGE_CURVE('',#4299,#4299,#4301,.T.);
#4299 = VERTEX_POINT('',#4300);
#4300 = CARTESIAN_POINT('',(25.25,205.,4.));
#4301 = CIRCLE('',#4302,4.25);
#4302 = AXIS2_PLACEMENT_3D('',#4303,#4304,#4305);
#4303 = CARTESIAN_POINT('',(21.,205.,4.));
#4304 = DIRECTION('',(0.,0.,1.));
#4305 = DIRECTION('',(1.,0.,0.));
#4306 = FACE_BOUND('',#4307,.F.);
#4307 = EDGE_LOOP('',(#4308));
#4308 = ORIENTED_EDGE('',*,*,#4309,.F.);
#4309 = EDGE_CURVE('',#4310,#4310,#4312,.T.);
#4310 = VERTEX_POINT('',#4311);
#4311 = CARTESIAN_POINT('',(116.,155.,4.));
#4312 = CIRCLE('',#4313,48.);
#4313 = AXIS2_PLACEMENT_3D('',#4314,#4315,#4316);
#4314 = CARTESIAN_POINT('',(68.,155.,4.));
#4315 = DIRECTION('',(0.,0.,1.));
#4316 = DIRECTION('',(1.,0.,0.));
#4317 = FACE_BOUND('',#4318,.F.);
#4318 = EDGE_LOOP('',(#4319));
#4319 = ORIENTED_EDGE('',*,*,#4320,.F.);
#4320 = EDGE_CURVE('',#4321,#4321,#4323,.T.);
#4321 = VERTEX_POINT('',#4322);
#4322 = CARTESIAN_POINT('',(119.25,205.,4.));
#4323 = CIRCLE('',#4324,4.25);
#4324 = AXIS2_PLACEMENT_3D('',#4325,#4326,#4327);
#4325 = CARTESIAN_POINT('',(115.,205.,4.));
#4326 = DIRECTION('',(0.,0.,1.));
#4327 = DIRECTION('',(1.,0.,0.));
#4328 = PLANE('',#4329);
#4329 = AXIS2_PLACEMENT_3D('',#4330,#4331,#4332);
#4330 = CARTESIAN_POINT('',(68.,149.56186309271,4.));
#4331 = DIRECTION('',(0.,0.,1.));
#4332 = DIRECTION('',(1.,0.,0.));
#4333 = ADVANCED_FACE('',(#4334,#4379,#4390,#4401,#4412,#4423),#4434,.T.
  );
#4334 = FACE_BOUND('',#4335,.T.);
#4335 = EDGE_LOOP('',(#4336,#4337,#4338,#4346,#4355,#4363,#4372,#4378));
#4336 = ORIENTED_EDGE('',*,*,#4135,.T.);
#4337 = ORIENTED_EDGE('',*,*,#4199,.T.);
#4338 = ORIENTED_EDGE('',*,*,#4339,.T.);
#4339 = EDGE_CURVE('',#4200,#4340,#4342,.T.);
#4340 = VERTEX_POINT('',#4341);
#4341 = CARTESIAN_POINT('',(124.,214.,16.));
#4342 = LINE('',#4343,#4344);
#4343 = CARTESIAN_POINT('',(124.,82.5,16.));
#4344 = VECTOR('',#4345,1.);
#4345 = DIRECTION('',(0.,1.,0.));
#4346 = ORIENTED_EDGE('',*,*,#4347,.T.);
#4347 = EDGE_CURVE('',#4340,#4348,#4350,.T.);
#4348 = VERTEX_POINT('',#4349);
#4349 = CARTESIAN_POINT('',(120.,218.,16.));
#4350 = CIRCLE('',#4351,4.);
#4351 = AXIS2_PLACEMENT_3D('',#4352,#4353,#4354);
#4352 = CARTESIAN_POINT('',(120.,214.,16.));
#4353 = DIRECTION('',(0.,-0.,1.));
#4354 = DIRECTION('',(1.,1.7763568394E-15,0.));
#4355 = ORIENTED_EDGE('',*,*,#4356,.T.);
#4356 = EDGE_CURVE('',#4348,#4357,#4359,.T.);
#4357 = VERTEX_POINT('',#4358);
#4358 = CARTESIAN_POINT('',(16.,218.,16.));
#4359 = LINE('',#4360,#4361);
#4360 = CARTESIAN_POINT('',(120.,218.,16.));
#4361 = VECTOR('',#4362,1.);
#4362 = DIRECTION('',(-1.,0.,0.));
#4363 = ORIENTED_EDGE('',*,*,#4364,.T.);
#4364 = EDGE_CURVE('',#4357,#4365,#4367,.T.);
#4365 = VERTEX_POINT('',#4366);
#4366 = CARTESIAN_POINT('',(12.,214.,16.));
#4367 = CIRCLE('',#4368,4.);
#4368 = AXIS2_PLACEMENT_3D('',#4369,#4370,#4371);
#4369 = CARTESIAN_POINT('',(16.,214.,16.));
#4370 = DIRECTION('',(0.,0.,1.));
#4371 = DIRECTION('',(-1.7763568394E-15,1.,0.));
#4372 = ORIENTED_EDGE('',*,*,#4373,.T.);
#4373 = EDGE_CURVE('',#4365,#4168,#4374,.T.);
#4374 = LINE('',#4375,#4376);
#4375 = CARTESIAN_POINT('',(12.,214.,16.));
#4376 = VECTOR('',#4377,1.);
#4377 = DIRECTION('',(0.,-1.,0.));
#4378 = ORIENTED_EDGE('',*,*,#4175,.T.);
#4379 = FACE_BOUND('',#4380,.T.);
#4380 = EDGE_LOOP('',(#4381));
#4381 = ORIENTED_EDGE('',*,*,#4382,.F.);
#4382 = EDGE_CURVE('',#4383,#4383,#4385,.T.);
#4383 = VERTEX_POINT('',#4384);
#4384 = CARTESIAN_POINT('',(23.1,92.,16.));
#4385 = CIRCLE('',#4386,2.1);
#4386 = AXIS2_PLACEMENT_3D('',#4387,#4388,#4389);
#4387 = CARTESIAN_POINT('',(21.,92.,16.));
#4388 = DIRECTION('',(0.,0.,1.));
#4389 = DIRECTION('',(1.,0.,0.));
#4390 = FACE_BOUND('',#4391,.T.);
#4391 = EDGE_LOOP('',(#4392));
#4392 = ORIENTED_EDGE('',*,*,#4393,.F.);
#4393 = EDGE_CURVE('',#4394,#4394,#4396,.T.);
#4394 = VERTEX_POINT('',#4395);
#4395 = CARTESIAN_POINT('',(117.1,92.,16.));
#4396 = CIRCLE('',#4397,2.1);
#4397 = AXIS2_PLACEMENT_3D('',#4398,#4399,#4400);
#4398 = CARTESIAN_POINT('',(115.,92.,16.));
#4399 = DIRECTION('',(0.,0.,1.));
#4400 = DIRECTION('',(1.,0.,0.));
#4401 = FACE_BOUND('',#4402,.T.);
#4402 = EDGE_LOOP('',(#4403));
#4403 = ORIENTED_EDGE('',*,*,#4404,.F.);
#4404 = EDGE_CURVE('',#4405,#4405,#4407,.T.);
#4405 = VERTEX_POINT('',#4406);
#4406 = CARTESIAN_POINT('',(23.1,205.,16.));
#4407 = CIRCLE('',#4408,2.1);
#4408 = AXIS2_PLACEMENT_3D('',#4409,#4410,#4411);
#4409 = CARTESIAN_POINT('',(21.,205.,16.));
#4410 = DIRECTION('',(0.,0.,1.));
#4411 = DIRECTION('',(1.,0.,0.));
#4412 = FACE_BOUND('',#4413,.T.);
#4413 = EDGE_LOOP('',(#4414));
#4414 = ORIENTED_EDGE('',*,*,#4415,.F.);
#4415 = EDGE_CURVE('',#4416,#4416,#4418,.T.);
#4416 = VERTEX_POINT('',#4417);
#4417 = CARTESIAN_POINT('',(115.88372093023,155.,16.));
#4418 = CIRCLE('',#4419,47.883720930233);
#4419 = AXIS2_PLACEMENT_3D('',#4420,#4421,#4422);
#4420 = CARTESIAN_POINT('',(68.,155.,16.));
#4421 = DIRECTION('',(0.,0.,1.));
#4422 = DIRECTION('',(1.,0.,0.));
#4423 = FACE_BOUND('',#4424,.T.);
#4424 = EDGE_LOOP('',(#4425));
#4425 = ORIENTED_EDGE('',*,*,#4426,.F.);
#4426 = EDGE_CURVE('',#4427,#4427,#4429,.T.);
#4427 = VERTEX_POINT('',#4428);
#4428 = CARTESIAN_POINT('',(117.1,205.,16.));
#4429 = CIRCLE('',#4430,2.1);
#4430 = AXIS2_PLACEMENT_3D('',#4431,#4432,#4433);
#4431 = CARTESIAN_POINT('',(115.,205.,16.));
#4432 = DIRECTION('',(0.,0.,1.));
#4433 = DIRECTION('',(1.,0.,0.));
#4434 = PLANE('',#4435);
#4435 = AXIS2_PLACEMENT_3D('',#4436,#4437,#4438);
#4436 = CARTESIAN_POINT('',(68.,149.56186309271,16.));
#4437 = DIRECTION('',(0.,0.,1.));
#4438 = DIRECTION('',(1.,0.,0.));
#4439 = ADVANCED_FACE('',(#4440),#4451,.F.);
#4440 = FACE_BOUND('',#4441,.F.);
#4441 = EDGE_LOOP('',(#4442,#4448,#4449,#4450));
#4442 = ORIENTED_EDGE('',*,*,#4443,.T.);
#4443 = EDGE_CURVE('',#4259,#4365,#4444,.T.);
#4444 = LINE('',#4445,#4446);
#4445 = CARTESIAN_POINT('',(12.,214.,4.));
#4446 = VECTOR('',#4447,1.);
#4447 = DIRECTION('',(0.,0.,1.));
#4448 = ORIENTED_EDGE('',*,*,#4373,.T.);
#4449 = ORIENTED_EDGE('',*,*,#4165,.F.);
#4450 = ORIENTED_EDGE('',*,*,#4267,.F.);
#4451 = PLANE('',#4452);
#4452 = AXIS2_PLACEMENT_3D('',#4453,#4454,#4455);
#4453 = CARTESIAN_POINT('',(12.,214.,4.));
#4454 = DIRECTION('',(1.,0.,0.));
#4455 = DIRECTION('',(0.,-1.,0.));
#4456 = ADVANCED_FACE('',(#4457),#4468,.F.);
#4457 = FACE_BOUND('',#4458,.F.);
#4458 = EDGE_LOOP('',(#4459,#4460,#4461,#4467));
#4459 = ORIENTED_EDGE('',*,*,#4208,.T.);
#4460 = ORIENTED_EDGE('',*,*,#4339,.T.);
#4461 = ORIENTED_EDGE('',*,*,#4462,.F.);
#4462 = EDGE_CURVE('',#4234,#4340,#4463,.T.);
#4463 = LINE('',#4464,#4465);
#4464 = CARTESIAN_POINT('',(124.,214.,4.));
#4465 = VECTOR('',#4466,1.);
#4466 = DIRECTION('',(0.,0.,1.));
#4467 = ORIENTED_EDGE('',*,*,#4233,.F.);
#4468 = PLANE('',#4469);
#4469 = AXIS2_PLACEMENT_3D('',#4470,#4471,#4472);
#4470 = CARTESIAN_POINT('',(124.,82.5,4.));
#4471 = DIRECTION('',(-1.,0.,0.));
#4472 = DIRECTION('',(0.,1.,0.));
#4473 = ADVANCED_FACE('',(#4474),#4485,.T.);
#4474 = FACE_BOUND('',#4475,.F.);
#4475 = EDGE_LOOP('',(#4476,#4482,#4483,#4484));
#4476 = ORIENTED_EDGE('',*,*,#4477,.T.);
#4477 = EDGE_CURVE('',#4251,#4357,#4478,.T.);
#4478 = LINE('',#4479,#4480);
#4479 = CARTESIAN_POINT('',(16.,218.,4.));
#4480 = VECTOR('',#4481,1.);
#4481 = DIRECTION('',(0.,0.,1.));
#4482 = ORIENTED_EDGE('',*,*,#4364,.T.);
#4483 = ORIENTED_EDGE('',*,*,#4443,.F.);
#4484 = ORIENTED_EDGE('',*,*,#4258,.F.);
#4485 = CYLINDRICAL_SURFACE('',#4486,4.);
#4486 = AXIS2_PLACEMENT_3D('',#4487,#4488,#4489);
#4487 = CARTESIAN_POINT('',(16.,214.,4.));
#4488 = DIRECTION('',(-0.,-0.,-1.));
#4489 = DIRECTION('',(-1.7763568394E-15,1.,0.));
#4490 = ADVANCED_FACE('',(#4491),#4502,.T.);
#4491 = FACE_BOUND('',#4492,.F.);
#4492 = EDGE_LOOP('',(#4493,#4494,#4495,#4501));
#4493 = ORIENTED_EDGE('',*,*,#4462,.T.);
#4494 = ORIENTED_EDGE('',*,*,#4347,.T.);
#4495 = ORIENTED_EDGE('',*,*,#4496,.F.);
#4496 = EDGE_CURVE('',#4242,#4348,#4497,.T.);
#4497 = LINE('',#4498,#4499);
#4498 = CARTESIAN_POINT('',(120.,218.,4.));
#4499 = VECTOR('',#4500,1.);
#4500 = DIRECTION('',(0.,0.,1.));
#4501 = ORIENTED_EDGE('',*,*,#4241,.F.);
#4502 = CYLINDRICAL_SURFACE('',#4503,4.);
#4503 = AXIS2_PLACEMENT_3D('',#4504,#4505,#4506);
#4504 = CARTESIAN_POINT('',(120.,214.,4.));
#4505 = DIRECTION('',(-0.,-0.,-1.));
#4506 = DIRECTION('',(1.,1.7763568394E-15,0.));
#4507 = ADVANCED_FACE('',(#4508),#4514,.F.);
#4508 = FACE_BOUND('',#4509,.F.);
#4509 = EDGE_LOOP('',(#4510,#4511,#4512,#4513));
#4510 = ORIENTED_EDGE('',*,*,#4496,.T.);
#4511 = ORIENTED_EDGE('',*,*,#4356,.T.);
#4512 = ORIENTED_EDGE('',*,*,#4477,.F.);
#4513 = ORIENTED_EDGE('',*,*,#4250,.F.);
#4514 = PLANE('',#4515);
#4515 = AXIS2_PLACEMENT_3D('',#4516,#4517,#4518);
#4516 = CARTESIAN_POINT('',(120.,218.,4.));
#4517 = DIRECTION('',(0.,-1.,0.));
#4518 = DIRECTION('',(-1.,0.,0.));
#4519 = ADVANCED_FACE('',(#4520),#4539,.F.);
#4520 = FACE_BOUND('',#4521,.F.);
#4521 = EDGE_LOOP('',(#4522,#4531,#4537,#4538));
#4522 = ORIENTED_EDGE('',*,*,#4523,.F.);
#4523 = EDGE_CURVE('',#4524,#4524,#4526,.T.);
#4524 = VERTEX_POINT('',#4525);
#4525 = CARTESIAN_POINT('',(23.1,92.,6.5));
#4526 = CIRCLE('',#4527,2.1);
#4527 = AXIS2_PLACEMENT_3D('',#4528,#4529,#4530);
#4528 = CARTESIAN_POINT('',(21.,92.,6.5));
#4529 = DIRECTION('',(0.,0.,1.));
#4530 = DIRECTION('',(1.,0.,0.));
#4531 = ORIENTED_EDGE('',*,*,#4532,.F.);
#4532 = EDGE_CURVE('',#4277,#4524,#4533,.T.);
#4533 = LINE('',#4534,#4535);
#4534 = CARTESIAN_POINT('',(25.25,92.,4.));
#4535 = VECTOR('',#4536,1.);
#4536 = DIRECTION('',(-0.652039268828,1.597035606977E-16,0.758185196312)
  );
#4537 = ORIENTED_EDGE('',*,*,#4276,.T.);
#4538 = ORIENTED_EDGE('',*,*,#4532,.T.);
#4539 = CONICAL_SURFACE('',#4540,4.25,0.710271007487);
#4540 = AXIS2_PLACEMENT_3D('',#4541,#4542,#4543);
#4541 = CARTESIAN_POINT('',(21.,92.,4.));
#4542 = DIRECTION('',(-0.,-0.,-1.));
#4543 = DIRECTION('',(1.,0.,0.));
#4544 = ADVANCED_FACE('',(#4545),#4564,.F.);
#4545 = FACE_BOUND('',#4546,.F.);
#4546 = EDGE_LOOP('',(#4547,#4556,#4562,#4563));
#4547 = ORIENTED_EDGE('',*,*,#4548,.F.);
#4548 = EDGE_CURVE('',#4549,#4549,#4551,.T.);
#4549 = VERTEX_POINT('',#4550);
#4550 = CARTESIAN_POINT('',(117.1,92.,6.5));
#4551 = CIRCLE('',#4552,2.1);
#4552 = AXIS2_PLACEMENT_3D('',#4553,#4554,#4555);
#4553 = CARTESIAN_POINT('',(115.,92.,6.5));
#4554 = DIRECTION('',(0.,0.,1.));
#4555 = DIRECTION('',(1.,0.,0.));
#4556 = ORIENTED_EDGE('',*,*,#4557,.F.);
#4557 = EDGE_CURVE('',#4288,#4549,#4558,.T.);
#4558 = LINE('',#4559,#4560);
#4559 = CARTESIAN_POINT('',(119.25,92.,4.));
#4560 = VECTOR('',#4561,1.);
#4561 = DIRECTION('',(-0.652039268828,1.597035606977E-16,0.758185196312)
  );
#4562 = ORIENTED_EDGE('',*,*,#4287,.T.);
#4563 = ORIENTED_EDGE('',*,*,#4557,.T.);
#4564 = CONICAL_SURFACE('',#4565,4.25,0.710271007487);
#4565 = AXIS2_PLACEMENT_3D('',#4566,#4567,#4568);
#4566 = CARTESIAN_POINT('',(115.,92.,4.));
#4567 = DIRECTION('',(-0.,-0.,-1.));
#4568 = DIRECTION('',(1.,0.,0.));
#4569 = ADVANCED_FACE('',(#4570),#4589,.F.);
#4570 = FACE_BOUND('',#4571,.F.);
#4571 = EDGE_LOOP('',(#4572,#4581,#4587,#4588));
#4572 = ORIENTED_EDGE('',*,*,#4573,.F.);
#4573 = EDGE_CURVE('',#4574,#4574,#4576,.T.);
#4574 = VERTEX_POINT('',#4575);
#4575 = CARTESIAN_POINT('',(23.1,205.,6.5));
#4576 = CIRCLE('',#4577,2.1);
#4577 = AXIS2_PLACEMENT_3D('',#4578,#4579,#4580);
#4578 = CARTESIAN_POINT('',(21.,205.,6.5));
#4579 = DIRECTION('',(0.,0.,1.));
#4580 = DIRECTION('',(1.,0.,0.));
#4581 = ORIENTED_EDGE('',*,*,#4582,.F.);
#4582 = EDGE_CURVE('',#4299,#4574,#4583,.T.);
#4583 = LINE('',#4584,#4585);
#4584 = CARTESIAN_POINT('',(25.25,205.,4.));
#4585 = VECTOR('',#4586,1.);
#4586 = DIRECTION('',(-0.652039268828,1.597035606977E-16,0.758185196312)
  );
#4587 = ORIENTED_EDGE('',*,*,#4298,.T.);
#4588 = ORIENTED_EDGE('',*,*,#4582,.T.);
#4589 = CONICAL_SURFACE('',#4590,4.25,0.710271007487);
#4590 = AXIS2_PLACEMENT_3D('',#4591,#4592,#4593);
#4591 = CARTESIAN_POINT('',(21.,205.,4.));
#4592 = DIRECTION('',(-0.,-0.,-1.));
#4593 = DIRECTION('',(1.,0.,0.));
#4594 = ADVANCED_FACE('',(#4595),#4614,.F.);
#4595 = FACE_BOUND('',#4596,.F.);
#4596 = EDGE_LOOP('',(#4597,#4605,#4612,#4613));
#4597 = ORIENTED_EDGE('',*,*,#4598,.T.);
#4598 = EDGE_CURVE('',#4310,#4599,#4601,.T.);
#4599 = VERTEX_POINT('',#4600);
#4600 = CARTESIAN_POINT('',(116.,155.,7.55));
#4601 = LINE('',#4602,#4603);
#4602 = CARTESIAN_POINT('',(116.,155.,3.95));
#4603 = VECTOR('',#4604,1.);
#4604 = DIRECTION('',(0.,0.,1.));
#4605 = ORIENTED_EDGE('',*,*,#4606,.F.);
#4606 = EDGE_CURVE('',#4599,#4599,#4607,.T.);
#4607 = CIRCLE('',#4608,48.);
#4608 = AXIS2_PLACEMENT_3D('',#4609,#4610,#4611);
#4609 = CARTESIAN_POINT('',(68.,155.,7.55));
#4610 = DIRECTION('',(0.,0.,1.));
#4611 = DIRECTION('',(1.,0.,0.));
#4612 = ORIENTED_EDGE('',*,*,#4598,.F.);
#4613 = ORIENTED_EDGE('',*,*,#4309,.T.);
#4614 = CYLINDRICAL_SURFACE('',#4615,48.);
#4615 = AXIS2_PLACEMENT_3D('',#4616,#4617,#4618);
#4616 = CARTESIAN_POINT('',(68.,155.,3.95));
#4617 = DIRECTION('',(0.,0.,1.));
#4618 = DIRECTION('',(1.,0.,0.));
#4619 = ADVANCED_FACE('',(#4620),#4639,.F.);
#4620 = FACE_BOUND('',#4621,.F.);
#4621 = EDGE_LOOP('',(#4622,#4631,#4637,#4638));
#4622 = ORIENTED_EDGE('',*,*,#4623,.F.);
#4623 = EDGE_CURVE('',#4624,#4624,#4626,.T.);
#4624 = VERTEX_POINT('',#4625);
#4625 = CARTESIAN_POINT('',(117.1,205.,6.5));
#4626 = CIRCLE('',#4627,2.1);
#4627 = AXIS2_PLACEMENT_3D('',#4628,#4629,#4630);
#4628 = CARTESIAN_POINT('',(115.,205.,6.5));
#4629 = DIRECTION('',(0.,0.,1.));
#4630 = DIRECTION('',(1.,0.,0.));
#4631 = ORIENTED_EDGE('',*,*,#4632,.F.);
#4632 = EDGE_CURVE('',#4321,#4624,#4633,.T.);
#4633 = LINE('',#4634,#4635);
#4634 = CARTESIAN_POINT('',(119.25,205.,4.));
#4635 = VECTOR('',#4636,1.);
#4636 = DIRECTION('',(-0.652039268828,1.597035606977E-16,0.758185196312)
  );
#4637 = ORIENTED_EDGE('',*,*,#4320,.T.);
#4638 = ORIENTED_EDGE('',*,*,#4632,.T.);
#4639 = CONICAL_SURFACE('',#4640,4.25,0.710271007487);
#4640 = AXIS2_PLACEMENT_3D('',#4641,#4642,#4643);
#4641 = CARTESIAN_POINT('',(115.,205.,4.));
#4642 = DIRECTION('',(-0.,-0.,-1.));
#4643 = DIRECTION('',(1.,0.,0.));
#4644 = ADVANCED_FACE('',(#4645),#4656,.F.);
#4645 = FACE_BOUND('',#4646,.F.);
#4646 = EDGE_LOOP('',(#4647,#4653,#4654,#4655));
#4647 = ORIENTED_EDGE('',*,*,#4648,.T.);
#4648 = EDGE_CURVE('',#4524,#4383,#4649,.T.);
#4649 = LINE('',#4650,#4651);
#4650 = CARTESIAN_POINT('',(23.1,92.,3.));
#4651 = VECTOR('',#4652,1.);
#4652 = DIRECTION('',(0.,0.,1.));
#4653 = ORIENTED_EDGE('',*,*,#4382,.F.);
#4654 = ORIENTED_EDGE('',*,*,#4648,.F.);
#4655 = ORIENTED_EDGE('',*,*,#4523,.T.);
#4656 = CYLINDRICAL_SURFACE('',#4657,2.1);
#4657 = AXIS2_PLACEMENT_3D('',#4658,#4659,#4660);
#4658 = CARTESIAN_POINT('',(21.,92.,3.));
#4659 = DIRECTION('',(0.,0.,1.));
#4660 = DIRECTION('',(1.,0.,0.));
#4661 = ADVANCED_FACE('',(#4662),#4673,.F.);
#4662 = FACE_BOUND('',#4663,.F.);
#4663 = EDGE_LOOP('',(#4664,#4670,#4671,#4672));
#4664 = ORIENTED_EDGE('',*,*,#4665,.T.);
#4665 = EDGE_CURVE('',#4549,#4394,#4666,.T.);
#4666 = LINE('',#4667,#4668);
#4667 = CARTESIAN_POINT('',(117.1,92.,3.));
#4668 = VECTOR('',#4669,1.);
#4669 = DIRECTION('',(0.,0.,1.));
#4670 = ORIENTED_EDGE('',*,*,#4393,.F.);
#4671 = ORIENTED_EDGE('',*,*,#4665,.F.);
#4672 = ORIENTED_EDGE('',*,*,#4548,.T.);
#4673 = CYLINDRICAL_SURFACE('',#4674,2.1);
#4674 = AXIS2_PLACEMENT_3D('',#4675,#4676,#4677);
#4675 = CARTESIAN_POINT('',(115.,92.,3.));
#4676 = DIRECTION('',(0.,0.,1.));
#4677 = DIRECTION('',(1.,0.,0.));
#4678 = ADVANCED_FACE('',(#4679),#4690,.F.);
#4679 = FACE_BOUND('',#4680,.F.);
#4680 = EDGE_LOOP('',(#4681,#4687,#4688,#4689));
#4681 = ORIENTED_EDGE('',*,*,#4682,.T.);
#4682 = EDGE_CURVE('',#4574,#4405,#4683,.T.);
#4683 = LINE('',#4684,#4685);
#4684 = CARTESIAN_POINT('',(23.1,205.,3.));
#4685 = VECTOR('',#4686,1.);
#4686 = DIRECTION('',(0.,0.,1.));
#4687 = ORIENTED_EDGE('',*,*,#4404,.F.);
#4688 = ORIENTED_EDGE('',*,*,#4682,.F.);
#4689 = ORIENTED_EDGE('',*,*,#4573,.T.);
#4690 = CYLINDRICAL_SURFACE('',#4691,2.1);
#4691 = AXIS2_PLACEMENT_3D('',#4692,#4693,#4694);
#4692 = CARTESIAN_POINT('',(21.,205.,3.));
#4693 = DIRECTION('',(0.,0.,1.));
#4694 = DIRECTION('',(1.,0.,0.));
#4695 = ADVANCED_FACE('',(#4696,#4715,#4913,#5111,#5309),#5507,.F.);
#4696 = FACE_BOUND('',#4697,.F.);
#4697 = EDGE_LOOP('',(#4698,#4707,#4713,#4714));
#4698 = ORIENTED_EDGE('',*,*,#4699,.T.);
#4699 = EDGE_CURVE('',#4700,#4700,#4702,.T.);
#4700 = VERTEX_POINT('',#4701);
#4701 = CARTESIAN_POINT('',(106.05813953488,155.,7.55));
#4702 = CIRCLE('',#4703,38.058139534884);
#4703 = AXIS2_PLACEMENT_3D('',#4704,#4705,#4706);
#4704 = CARTESIAN_POINT('',(68.,155.,7.55));
#4705 = DIRECTION('',(0.,0.,1.));
#4706 = DIRECTION('',(1.,0.,0.));
#4707 = ORIENTED_EDGE('',*,*,#4708,.T.);
#4708 = EDGE_CURVE('',#4700,#4416,#4709,.T.);
#4709 = LINE('',#4710,#4711);
#4710 = CARTESIAN_POINT('',(106.,155.,7.5));
#4711 = VECTOR('',#4712,1.);
#4712 = DIRECTION('',(0.758185196312,-1.857018147648E-16,0.652039268828)
  );
#4713 = ORIENTED_EDGE('',*,*,#4415,.F.);
#4714 = ORIENTED_EDGE('',*,*,#4708,.F.);
#4715 = FACE_BOUND('',#4716,.F.);
#4716 = EDGE_LOOP('',(#4717));
#4717 = ORIENTED_EDGE('',*,*,#4718,.T.);
#4718 = EDGE_CURVE('',#4719,#4719,#4721,.T.);
#4719 = VERTEX_POINT('',#4720);
#4720 = CARTESIAN_POINT('',(39.694408408978,124.59440840897,
    10.54579654436));
#4721 = B_SPLINE_CURVE_WITH_KNOTS('',8,(#4722,#4723,#4724,#4725,#4726,
    #4727,#4728,#4729,#4730,#4731,#4732,#4733,#4734,#4735,#4736,#4737,
    #4738,#4739,#4740,#4741,#4742,#4743,#4744,#4745,#4746,#4747,#4748,
    #4749,#4750,#4751,#4752,#4753,#4754,#4755,#4756,#4757,#4758,#4759,
    #4760,#4761,#4762,#4763,#4764,#4765,#4766,#4767,#4768,#4769,#4770,
    #4771,#4772,#4773,#4774,#4775,#4776,#4777,#4778,#4779,#4780,#4781,
    #4782,#4783,#4784,#4785,#4786,#4787,#4788,#4789,#4790,#4791,#4792,
    #4793,#4794,#4795,#4796,#4797,#4798,#4799,#4800,#4801,#4802,#4803,
    #4804,#4805,#4806,#4807,#4808,#4809,#4810,#4811,#4812,#4813,#4814,
    #4815,#4816,#4817,#4818,#4819,#4820,#4821,#4822,#4823,#4824,#4825,
    #4826,#4827,#4828,#4829,#4830,#4831,#4832,#4833,#4834,#4835,#4836,
    #4837,#4838,#4839,#4840,#4841,#4842,#4843,#4844,#4845,#4846,#4847,
    #4848,#4849,#4850,#4851,#4852,#4853,#4854,#4855,#4856,#4857,#4858,
    #4859,#4860,#4861,#4862,#4863,#4864,#4865,#4866,#4867,#4868,#4869,
    #4870,#4871,#4872,#4873,#4874,#4875,#4876,#4877,#4878,#4879,#4880,
    #4881,#4882,#4883,#4884,#4885,#4886,#4887,#4888,#4889,#4890,#4891,
    #4892,#4893,#4894,#4895,#4896,#4897,#4898,#4899,#4900,#4901,#4902,
    #4903,#4904,#4905,#4906,#4907,#4908,#4909,#4910,#4911,#4912),
  .UNSPECIFIED.,.T.,.F.,(9,7,7,7,7,7,7,7,7,7,7,7,7,7,7,7,7,7,7,7,7,7,7,7
    ,7,7,7,9),(0.,6.268325326921E-02,7.808234230942E-02,
    8.623724709609E-02,0.10262947745,0.120426547528,0.129733536583,
    0.148989469365,0.179324009045,0.210054430434,0.240073470721,
    0.345656902293,0.463396336547,0.496372497817,0.530166680755,
    0.565292124855,0.578866245413,0.586588780964,0.602603631401,
    0.622108521207,0.632487224668,0.65408089147,0.687607278749,
    0.721534069953,0.787473291068,0.85967656556,0.969267774229,1.),
  .UNSPECIFIED.);
#4722 = CARTESIAN_POINT('',(39.694408408978,124.59440840897,
    10.54579654436));
#4723 = CARTESIAN_POINT('',(39.694408408978,124.69357903893,
    10.483372556193));
#4724 = CARTESIAN_POINT('',(39.689055958328,124.79550534455,
    10.422458480491));
#4725 = CARTESIAN_POINT('',(39.677831796787,124.9005994816,
    10.363132277899));
#4726 = CARTESIAN_POINT('',(39.659989570896,125.00909396961,
    10.305728497237));
#4727 = CARTESIAN_POINT('',(39.634609836094,125.12102391993,
    10.250819636692));
#4728 = CARTESIAN_POINT('',(39.600564064544,125.23622336589,
    10.199244857033));
#4729 = CARTESIAN_POINT('',(39.556588960788,125.35430302332,
    10.15207922699));
#4730 = CARTESIAN_POINT('',(39.487329100153,125.50430564416,
    10.10062835345));
#4731 = CARTESIAN_POINT('',(39.472978341463,125.53400798048,
    10.0908426932));
#4732 = CARTESIAN_POINT('',(39.4579166561,125.56381288752,10.0814417684)
  );
#4733 = CARTESIAN_POINT('',(39.44212584001,125.59369918006,
    10.072451119112));
#4734 = CARTESIAN_POINT('',(39.425589666351,125.62364128216,
    10.063897843989));
#4735 = CARTESIAN_POINT('',(39.408294744479,125.65360917635,
    10.055810077815));
#4736 = CARTESIAN_POINT('',(39.390231378948,125.6835683529,
    10.048216469051));
#4737 = CARTESIAN_POINT('',(39.361418933381,125.72931996021,
    10.037401163419));
#4738 = CARTESIAN_POINT('',(39.35122666614,125.74514660123,
    10.033803276321));
#4739 = CARTESIAN_POINT('',(39.340816897652,125.76095368853,
    10.030356351924));
#4740 = CARTESIAN_POINT('',(39.330189407961,125.77673487261,
    10.02706464659));
#4741 = CARTESIAN_POINT('',(39.319344486276,125.79248344796,
    10.023932317205));
#4742 = CARTESIAN_POINT('',(39.308282930967,125.80819235307,
    10.020963421186));
#4743 = CARTESIAN_POINT('',(39.297006049568,125.82385417045,
    10.018161916471));
#4744 = CARTESIAN_POINT('',(39.262418744996,125.87083277681,
    10.010244567926));
#4745 = CARTESIAN_POINT('',(39.238456454624,125.90198671395,
    10.005648598689));
#4746 = CARTESIAN_POINT('',(39.213647699992,125.93285511672,
    10.001775424179));
#4747 = CARTESIAN_POINT('',(39.188019066352,125.96336910237,
    9.998652436743));
#4748 = CARTESIAN_POINT('',(39.161605777419,125.99345940946,
    9.996301681383));
#4749 = CARTESIAN_POINT('',(39.134452660931,126.02305708072,
    9.994738786418));
#4750 = CARTESIAN_POINT('',(39.106615114194,126.0520941458,
    9.993971894147));
#4751 = CARTESIAN_POINT('',(39.047266383341,126.1113492573,
    9.994031748294));
#4752 = CARTESIAN_POINT('',(39.015637658614,126.14146237223,
    9.995000727962));
#4753 = CARTESIAN_POINT('',(38.983359862387,126.17075767908,
    9.99690753889));
#4754 = CARTESIAN_POINT('',(38.950520726063,126.19916585418,
    9.999740260081));
#4755 = CARTESIAN_POINT('',(38.917208700834,126.22663263004,
    10.00347675051));
#4756 = CARTESIAN_POINT('',(38.883511913003,126.25311720533,
    10.008086358467));
#4757 = CARTESIAN_POINT('',(38.849517119309,126.27859065491,
    10.01353163089));
#4758 = CARTESIAN_POINT('',(38.797419327982,126.31581718031,
    10.023032393652));
#4759 = CARTESIAN_POINT('',(38.779470010279,126.32831941263,
    10.026512012919));
#4760 = CARTESIAN_POINT('',(38.76147178284,126.34053924226,
    10.030202869591));
#4761 = CARTESIAN_POINT('',(38.743435086766,126.352475649,
    10.034098860512));
#4762 = CARTESIAN_POINT('',(38.725369730547,126.3641283869,
    10.038193790284));
#4763 = CARTESIAN_POINT('',(38.707284890069,126.3754979843,
    10.042481371265));
#4764 = CARTESIAN_POINT('',(38.689189108611,126.38658574382,
    10.046955223573));
#4765 = CARTESIAN_POINT('',(38.633644297844,126.41975522701,
    10.061237166272));
#4766 = CARTESIAN_POINT('',(38.596187675091,126.44091716246,
    10.071634894383));
#4767 = CARTESIAN_POINT('',(38.55878646629,126.46089914037,
    10.082746552178));
#4768 = CARTESIAN_POINT('',(38.521496856101,126.47972865816,
    10.09451789552));
#4769 = CARTESIAN_POINT('',(38.484365415847,126.49743921809,
    10.1068970148));
#4770 = CARTESIAN_POINT('',(38.44742934322,126.51406842622,
    10.119835406366));
#4771 = CARTESIAN_POINT('',(38.410716701992,126.52965609152,
    10.133289043951));
#4772 = CARTESIAN_POINT('',(38.31679414066,126.56722052484,
    10.169164502703));
#4773 = CARTESIAN_POINT('',(38.259960116702,126.58770736744,
    10.192286178572));
#4774 = CARTESIAN_POINT('',(38.203809361111,126.60586667926,
    10.21643600205));
#4775 = CARTESIAN_POINT('',(38.148389293951,126.62185129645,
    10.241483975723));
#4776 = CARTESIAN_POINT('',(38.093730327059,126.63580292593,
    10.267318388389));
#4777 = CARTESIAN_POINT('',(38.039846207032,126.64785200659,
    10.293845623035));
#4778 = CARTESIAN_POINT('',(37.986734358199,126.65811757058,
    10.320989964814));
#4779 = CARTESIAN_POINT('',(37.881334791811,126.67540873644,
    10.376758397759));
#4780 = CARTESIAN_POINT('',(37.82908041244,126.6823881502,
    10.405389964992));
#4781 = CARTESIAN_POINT('',(37.777602315465,126.68775587799,
    10.434523175153));
#4782 = CARTESIAN_POINT('',(37.726889570617,126.69160943448,
    10.464101714129));
#4783 = CARTESIAN_POINT('',(37.676930378009,126.69403487328,
    10.494077308494));
#4784 = CARTESIAN_POINT('',(37.627711356776,126.69510834333,
    10.524409144743));
#4785 = CARTESIAN_POINT('',(37.579216833707,126.69489764532,
    10.555063288518));
#4786 = CARTESIAN_POINT('',(37.484745694721,126.69206312339,
    10.616244482451));
#4787 = CARTESIAN_POINT('',(37.438740550009,126.68949527333,
    10.646755676735));
#4788 = CARTESIAN_POINT('',(37.39339783659,126.68581666064,
    10.677518612616));
#4789 = CARTESIAN_POINT('',(37.348704254657,126.6810775159,
    10.708509261024));
#4790 = CARTESIAN_POINT('',(37.30464765631,126.6753225657,
    10.739706443587));
#4791 = CARTESIAN_POINT('',(37.261216636124,126.66859172074,
    10.771091638329));
#4792 = CARTESIAN_POINT('',(37.218400121704,126.66092076391,
    10.802648785362));
#4793 = CARTESIAN_POINT('',(37.027714195687,126.62216881276,
    10.945913660357));
#4794 = CARTESIAN_POINT('',(36.88678496099,126.58078117906,
    11.059360514742));
#4795 = CARTESIAN_POINT('',(36.752818670878,126.52957861874,
    11.174169827631));
#4796 = CARTESIAN_POINT('',(36.625589244676,126.46940825265,
    11.289940314259));
#4797 = CARTESIAN_POINT('',(36.504960936138,126.40091848609,
    11.406345179006));
#4798 = CARTESIAN_POINT('',(36.390898880668,126.32454529856,
    11.523132341299));
#4799 = CARTESIAN_POINT('',(36.283428698886,126.24057161383,
    11.640110506801));
#4800 = CARTESIAN_POINT('',(36.070324979259,126.04706150978,
    11.88766403408));
#4801 = CARTESIAN_POINT('',(35.966484858582,125.93583788213,
    12.01807152475));
#4802 = CARTESIAN_POINT('',(35.871268332907,125.81556215244,
    12.148214348025));
#4803 = CARTESIAN_POINT('',(35.785115838428,125.68621684734,
    12.277840154174));
#4804 = CARTESIAN_POINT('',(35.708698690529,125.54771370571,
    12.406605726597));
#4805 = CARTESIAN_POINT('',(35.643027885176,125.39982757734,
    12.534055063905));
#4806 = CARTESIAN_POINT('',(35.589387732685,125.24225348336,
    12.659627556469));
#4807 = CARTESIAN_POINT('',(35.538895667414,125.02708133036,
    12.816999696937));
#4808 = CARTESIAN_POINT('',(35.528964185947,124.979188112,12.85121775839
    ));
#4809 = CARTESIAN_POINT('',(35.520196613177,124.93046628295,
    12.885202284879));
#4810 = CARTESIAN_POINT('',(35.512646060213,124.88090225167,
    12.918930747377));
#4811 = CARTESIAN_POINT('',(35.506371878691,124.83048281175,
    12.952376825094));
#4812 = CARTESIAN_POINT('',(35.501440654167,124.77919464598,
    12.985510141471));
#4813 = CARTESIAN_POINT('',(35.497927199524,124.72702383038,
    13.018296000171));
#4814 = CARTESIAN_POINT('',(35.493853995278,124.61957040507,
    13.083897949331));
#4815 = CARTESIAN_POINT('',(35.493370125179,124.56424984403,
    13.116690153648));
#4816 = CARTESIAN_POINT('',(35.494553790931,124.50797297673,
    13.149032470809));
#4817 = CARTESIAN_POINT('',(35.497507338961,124.45072571216,
    13.180874607715));
#4818 = CARTESIAN_POINT('',(35.502345208626,124.39250093106,
    13.212155333809));
#4819 = CARTESIAN_POINT('',(35.509194983471,124.33329824562,
    13.242802078073));
#4820 = CARTESIAN_POINT('',(35.518199894379,124.27312313451,
    13.272730030635));
#4821 = CARTESIAN_POINT('',(35.541291699408,124.14843936287,
    13.332098231733));
#4822 = CARTESIAN_POINT('',(35.5555598941,124.08387982548,
    13.361460239492));
#4823 = CARTESIAN_POINT('',(35.572510226979,124.01830224204,
    13.389825420719));
#4824 = CARTESIAN_POINT('',(35.592344165754,123.95174501991,
    13.417056792208));
#4825 = CARTESIAN_POINT('',(35.615276795816,123.88429195504,
    13.442983519066));
#4826 = CARTESIAN_POINT('',(35.641529312074,123.81607493274,
    13.467403820834));
#4827 = CARTESIAN_POINT('',(35.671318984347,123.74727694703,
    13.490089003695));
#4828 = CARTESIAN_POINT('',(35.717803239573,123.6514159139,
    13.518787921791));
#4829 = CARTESIAN_POINT('',(35.731315856204,123.62464975057,
    13.526489297896));
#4830 = CARTESIAN_POINT('',(35.745394463223,123.59785306759,
    13.533877801728));
#4831 = CARTESIAN_POINT('',(35.76004794309,123.57104431689,
    13.540937799982));
#4832 = CARTESIAN_POINT('',(35.775283613498,123.54424426333,
    13.547653229275));
#4833 = CARTESIAN_POINT('',(35.79110679712,123.51747596463,
    13.554007854002));
#4834 = CARTESIAN_POINT('',(35.807520391356,123.49076475138,
    13.559985524199));
#4835 = CARTESIAN_POINT('',(35.834198313813,123.44898993749,
    13.568747778089));
#4836 = CARTESIAN_POINT('',(35.844063244967,123.43386909066,
    13.57179801973));
#4837 = CARTESIAN_POINT('',(35.854119245794,123.41878082671,
    13.574718197411));
#4838 = CARTESIAN_POINT('',(35.86436597186,123.40373049989,
    13.577505444337));
#4839 = CARTESIAN_POINT('',(35.87480272005,123.38872365843,
    13.580156987834));
#4840 = CARTESIAN_POINT('',(35.885428428568,123.37376604459,
    13.582670149344));
#4841 = CARTESIAN_POINT('',(35.896241676937,123.35886359461,
    13.585042344429));
#4842 = CARTESIAN_POINT('',(35.930050226192,123.31324512606,
    13.591892998832));
#4843 = CARTESIAN_POINT('',(35.953660427941,123.28272880887,
    13.595898442049));
#4844 = CARTESIAN_POINT('',(35.978052771144,123.25253112193,
    13.599265019977));
#4845 = CARTESIAN_POINT('',(36.003202873345,123.22270968441,
    13.601973706926));
#4846 = CARTESIAN_POINT('',(36.029079930946,123.19332163998,
    13.604009426032));
#4847 = CARTESIAN_POINT('',(36.05564616041,123.16442319707,
    13.605361631327));
#4848 = CARTESIAN_POINT('',(36.082856239467,123.13606916893,
    13.606024889821));
#4849 = CARTESIAN_POINT('',(36.144515688438,123.07450698435,
    13.605968496298));
#4850 = CARTESIAN_POINT('',(36.17925755514,123.04158051642,
    13.604915931798));
#4851 = CARTESIAN_POINT('',(36.214784359765,123.00963112492,
    13.602841762122));
#4852 = CARTESIAN_POINT('',(36.250995226619,122.97873753103,
    13.599758668949));
#4853 = CARTESIAN_POINT('',(36.287787684385,122.94896097812,
    13.595690248384));
#4854 = CARTESIAN_POINT('',(36.325058957529,122.92034704754,
    13.590669235746));
#4855 = CARTESIAN_POINT('',(36.3627072577,122.89292747451,
    13.584735730372));
#4856 = CARTESIAN_POINT('',(36.420813697362,122.85277780811,
    13.574316922621));
#4857 = CARTESIAN_POINT('',(36.44107472337,122.83917612024,
    13.570452681815));
#4858 = CARTESIAN_POINT('',(36.461402324341,122.82591914184,
    13.566349329243));
#4859 = CARTESIAN_POINT('',(36.481783395673,122.81300789111,
    13.562013781171));
#4860 = CARTESIAN_POINT('',(36.502205577769,122.80044229594,
    13.557453150911));
#4861 = CARTESIAN_POINT('',(36.522657276816,122.78822132679,
    13.552674660868));
#4862 = CARTESIAN_POINT('',(36.543127685575,122.77634312971,
    13.547685554577));
#4863 = CARTESIAN_POINT('',(36.60621513811,122.74079955089,
    13.531689529779));
#4864 = CARTESIAN_POINT('',(36.648858033345,122.71826862671,
    13.520006119887));
#4865 = CARTESIAN_POINT('',(36.691449797258,122.69718595978,
    13.507506898277));
#4866 = CARTESIAN_POINT('',(36.733917103832,122.67751523559,
    13.49425456789));
#4867 = CARTESIAN_POINT('',(36.776198723921,122.6592127428,
    13.480309138787));
#4868 = CARTESIAN_POINT('',(36.818245255549,122.64222986412,
    13.465726651525));
#4869 = CARTESIAN_POINT('',(36.860018854193,122.62651556712,
    13.450557900541));
#4870 = CARTESIAN_POINT('',(36.965885780169,122.58951132163,
    13.410454614148));
#4871 = CARTESIAN_POINT('',(37.029537579301,122.56994503208,
    13.384763113089));
#4872 = CARTESIAN_POINT('',(37.092360645625,122.55312156172,
    13.357935993166));
#4873 = CARTESIAN_POINT('',(37.154289483338,122.5388554662,
    13.330116562099));
#4874 = CARTESIAN_POINT('',(37.215280108105,122.52697479682,
    13.30142816186));
#4875 = CARTESIAN_POINT('',(37.275309339483,122.51732157591,
    13.271974234029));
#4876 = CARTESIAN_POINT('',(37.33437409334,122.50975227219,
    13.241838385137));
#4877 = CARTESIAN_POINT('',(37.451301338561,122.49845723233,
    13.179963226249));
#4878 = CARTESIAN_POINT('',(37.509125561468,122.49477990022,
    13.148217292712));
#4879 = CARTESIAN_POINT('',(37.565970703194,122.49297365649,
    13.115917996946));
#4880 = CARTESIAN_POINT('',(37.621845289271,122.49292110319,
    13.083127402793));
#4881 = CARTESIAN_POINT('',(37.676759668176,122.49451838166,
    13.04989884287));
#4882 = CARTESIAN_POINT('',(37.730726668941,122.49767348662,
    13.016277469047));
#4883 = CARTESIAN_POINT('',(37.783762258761,122.50230458011,
    12.982300802929));
#4884 = CARTESIAN_POINT('',(37.937192926179,122.52006529615,
    12.881331758764));
#4885 = CARTESIAN_POINT('',(38.035022420838,122.53708764752,
    12.813458671708));
#4886 = CARTESIAN_POINT('',(38.129523483782,122.55886682099,
    12.744601464911));
#4887 = CARTESIAN_POINT('',(38.22079598779,122.58499073687,
    12.674938105193));
#4888 = CARTESIAN_POINT('',(38.308922798638,122.61512333557,
    12.604613469238));
#4889 = CARTESIAN_POINT('',(38.393980269102,122.648987162,
    12.533742954138));
#4890 = CARTESIAN_POINT('',(38.476038902945,122.68636067707,
    12.462413214008));
#4891 = CARTESIAN_POINT('',(38.641809512052,122.7716507911,
    12.312140532971));
#4892 = CARTESIAN_POINT('',(38.724912021694,122.82021827304,
    12.233141653695));
#4893 = CARTESIAN_POINT('',(38.804546865904,122.87253663669,
    12.153781791644));
#4894 = CARTESIAN_POINT('',(38.880753661083,122.92841936245,
    12.074146297531));
#4895 = CARTESIAN_POINT('',(38.953547633542,122.98771918028,
    11.994312706484));
#4896 = CARTESIAN_POINT('',(39.022924538019,123.05032133094,
    11.914351688582));
#4897 = CARTESIAN_POINT('',(39.088860948452,123.11614212809,
    11.834327607741));
#4898 = CARTESIAN_POINT('',(39.246095904448,123.28984792622,
    11.632829600513));
#4899 = CARTESIAN_POINT('',(39.332774610766,123.40178507611,
    11.511442944733));
#4900 = CARTESIAN_POINT('',(39.411260072687,123.52081198501,
    11.390272676743));
#4901 = CARTESIAN_POINT('',(39.481227581158,123.64691351035,
    11.269529685344));
#4902 = CARTESIAN_POINT('',(39.542175495146,123.78013721838,
    11.149499514602));
#4903 = CARTESIAN_POINT('',(39.593340985463,123.92065021827,
    11.03056222101));
#4904 = CARTESIAN_POINT('',(39.633736639542,124.06871224229,
    10.913188519204));
#4905 = CARTESIAN_POINT('',(39.669500380937,124.26886844243,
    10.765727334234));
#4906 = CARTESIAN_POINT('',(39.676351425213,124.31334591557,
    10.733611437859));
#4907 = CARTESIAN_POINT('',(39.682183379168,124.35847760524,
    10.701691119182));
#4908 = CARTESIAN_POINT('',(39.686954632694,124.40427613654,
    10.669985226013));
#4909 = CARTESIAN_POINT('',(39.690618612776,124.45075432445,
    10.63851570032));
#4910 = CARTESIAN_POINT('',(39.693122910653,124.49792567782,
    10.607307834621));
#4911 = CARTESIAN_POINT('',(39.694408408978,124.54580490323,
    10.576390528371));
#4912 = CARTESIAN_POINT('',(39.694408408978,124.59440840897,
    10.54579654436));
#4913 = FACE_BOUND('',#4914,.F.);
#4914 = EDGE_LOOP('',(#4915));
#4915 = ORIENTED_EDGE('',*,*,#4916,.T.);
#4916 = EDGE_CURVE('',#4917,#4917,#4919,.T.);
#4917 = VERTEX_POINT('',#4918);
#4918 = CARTESIAN_POINT('',(100.50559159102,124.59440840897,
    13.098342875195));
#4919 = B_SPLINE_CURVE_WITH_KNOTS('',8,(#4920,#4921,#4922,#4923,#4924,
    #4925,#4926,#4927,#4928,#4929,#4930,#4931,#4932,#4933,#4934,#4935,
    #4936,#4937,#4938,#4939,#4940,#4941,#4942,#4943,#4944,#4945,#4946,
    #4947,#4948,#4949,#4950,#4951,#4952,#4953,#4954,#4955,#4956,#4957,
    #4958,#4959,#4960,#4961,#4962,#4963,#4964,#4965,#4966,#4967,#4968,
    #4969,#4970,#4971,#4972,#4973,#4974,#4975,#4976,#4977,#4978,#4979,
    #4980,#4981,#4982,#4983,#4984,#4985,#4986,#4987,#4988,#4989,#4990,
    #4991,#4992,#4993,#4994,#4995,#4996,#4997,#4998,#4999,#5000,#5001,
    #5002,#5003,#5004,#5005,#5006,#5007,#5008,#5009,#5010,#5011,#5012,
    #5013,#5014,#5015,#5016,#5017,#5018,#5019,#5020,#5021,#5022,#5023,
    #5024,#5025,#5026,#5027,#5028,#5029,#5030,#5031,#5032,#5033,#5034,
    #5035,#5036,#5037,#5038,#5039,#5040,#5041,#5042,#5043,#5044,#5045,
    #5046,#5047,#5048,#5049,#5050,#5051,#5052,#5053,#5054,#5055,#5056,
    #5057,#5058,#5059,#5060,#5061,#5062,#5063,#5064,#5065,#5066,#5067,
    #5068,#5069,#5070,#5071,#5072,#5073,#5074,#5075,#5076,#5077,#5078,
    #5079,#5080,#5081,#5082,#5083,#5084,#5085,#5086,#5087,#5088,#5089,
    #5090,#5091,#5092,#5093,#5094,#5095,#5096,#5097,#5098,#5099,#5100,
    #5101,#5102,#5103,#5104,#5105,#5106,#5107,#5108,#5109,#5110),
  .UNSPECIFIED.,.T.,.F.,(9,7,7,7,7,7,7,7,7,7,7,7,7,7,7,7,7,7,7,7,7,7,7,7
    ,7,7,7,9),(0.,3.683249033422E-02,0.156827607859,0.269865465706,
    0.300328366583,0.331083302306,0.365685895483,0.378183655834,
    0.385212548633,0.399871153279,0.417661899329,0.42696141469,
    0.446197281697,0.476498239561,0.507199390049,0.537196151036,
    0.642747385338,0.761092523242,0.79404369877,0.8278060997,
    0.862896070809,0.876458941722,0.884176745741,0.899849638342,
    0.917601548207,0.926452828414,0.942926843964,1.),.UNSPECIFIED.);
#4920 = CARTESIAN_POINT('',(100.50559159102,124.59440840897,
    13.098342875195));
#4921 = CARTESIAN_POINT('',(100.50559159102,124.65499449683,
    13.062749420529));
#4922 = CARTESIAN_POINT('',(100.50359397916,124.71444071816,
    13.026614227727));
#4923 = CARTESIAN_POINT('',(100.49973014158,124.77276913197,
    12.989999510311));
#4924 = CARTESIAN_POINT('',(100.49411371868,124.82999881594,
    12.952959134319));
#4925 = CARTESIAN_POINT('',(100.48684440152,124.88614790055,
    12.915539602165));
#4926 = CARTESIAN_POINT('',(100.47801051938,124.94123491945,
    12.877780727338));
#4927 = CARTESIAN_POINT('',(100.46769041873,124.99527947595,
    12.839715999924));
#4928 = CARTESIAN_POINT('',(100.41771256468,125.22104295006,
    12.676455332617));
#4929 = CARTESIAN_POINT('',(100.3644623606,125.38277681455,
    12.548698230776));
#4930 = CARTESIAN_POINT('',(100.29858394109,125.53441932833,
    12.418932228802));
#4931 = CARTESIAN_POINT('',(100.2214610915,125.67629252799,
    12.287764830418));
#4932 = CARTESIAN_POINT('',(100.13419042647,125.80864412871,
    12.155688486271));
#4933 = CARTESIAN_POINT('',(100.03749030665,125.9315718819,
    12.023068461445));
#4934 = CARTESIAN_POINT('',(99.931831690565,126.04510313288,
    11.890169345686));
#4935 = CARTESIAN_POINT('',(99.709454024081,126.2470344997,
    11.631842668787));
#4936 = CARTESIAN_POINT('',(99.593905620378,126.33635190211,
    11.506631000923));
#4937 = CARTESIAN_POINT('',(99.470819608478,126.41695493713,
    11.381651214469));
#4938 = CARTESIAN_POINT('',(99.340203430573,126.48848364263,
    11.257131337271));
#4939 = CARTESIAN_POINT('',(99.202000725426,126.55038036079,
    11.133386638127));
#4940 = CARTESIAN_POINT('',(99.056016575611,126.60177806774,
    11.010846068808));
#4941 = CARTESIAN_POINT('',(98.901964736261,126.64156572863,
    10.890043550769));
#4942 = CARTESIAN_POINT('',(98.695100808912,126.67483209476,
    10.739840912685));
#4943 = CARTESIAN_POINT('',(98.650549782373,126.68090611656,
    10.708142385151));
#4944 = CARTESIAN_POINT('',(98.605348381174,126.68595352782,
    10.676647540039));
#4945 = CARTESIAN_POINT('',(98.559483826879,126.68993141046,
    10.645375981423));
#4946 = CARTESIAN_POINT('',(98.512943281313,126.69279174439,
    10.61435058096));
#4947 = CARTESIAN_POINT('',(98.465713335659,126.69448050522,
    10.583597749362));
#4948 = CARTESIAN_POINT('',(98.417779499531,126.69493676205,
    10.553147707885));
#4949 = CARTESIAN_POINT('',(98.32000545727,126.69323868766,
    10.492633131739));
#4950 = CARTESIAN_POINT('',(98.270156915105,126.69105951343,
    10.462578436046));
#4951 = CARTESIAN_POINT('',(98.219559753855,126.68748283924,
    10.432904040011));
#4952 = CARTESIAN_POINT('',(98.16819852038,126.6824292764,10.4036515599)
  );
#4953 = CARTESIAN_POINT('',(98.116061929565,126.67580975055,
    10.374871563433));
#4954 = CARTESIAN_POINT('',(98.06314217577,126.66752379152,
    10.346624272255));
#4955 = CARTESIAN_POINT('',(98.009434244279,126.65745782319,
    10.318980264401));
#4956 = CARTESIAN_POINT('',(97.893617992646,126.63201100617,
    10.261689318811));
#4957 = CARTESIAN_POINT('',(97.831330087756,126.61612925656,
    10.232239853863));
#4958 = CARTESIAN_POINT('',(97.768043563973,126.59765239518,
    10.203775894494));
#4959 = CARTESIAN_POINT('',(97.703775676774,126.57637373234,
    10.176442850659));
#4960 = CARTESIAN_POINT('',(97.6385908054,126.55207033734,
    10.150427068339));
#4961 = CARTESIAN_POINT('',(97.572603012097,126.524510027,
    10.125953171974));
#4962 = CARTESIAN_POINT('',(97.505979236438,126.49346070326,
    10.103280110677));
#4963 = CARTESIAN_POINT('',(97.414731030102,126.44614791023,
    10.07526130853));
#4964 = CARTESIAN_POINT('',(97.390470203036,126.43311251026,
    10.068100758758));
#4965 = CARTESIAN_POINT('',(97.366173672997,126.41958714911,
    10.061228340811));
#4966 = CARTESIAN_POINT('',(97.341856569287,126.40556414623,
    10.054658840099));
#4967 = CARTESIAN_POINT('',(97.317536117118,126.3910372106,
    10.048407497654));
#4968 = CARTESIAN_POINT('',(97.293231633706,126.37600181978,
    10.042489762238));
#4969 = CARTESIAN_POINT('',(97.26896452437,126.36045559908,
    10.036921042455));
#4970 = CARTESIAN_POINT('',(97.231144390896,126.33536810515,
    10.028789337571));
#4971 = CARTESIAN_POINT('',(97.217549782629,126.32617603242,
    10.02597737825));
#4972 = CARTESIAN_POINT('',(97.20397870592,126.31682250983,
    10.023283317885));
#4973 = CARTESIAN_POINT('',(97.19043559327,126.30730787176,
    10.020709811394));
#4974 = CARTESIAN_POINT('',(97.176925057585,126.29763275947,
    10.018259431613));
#4975 = CARTESIAN_POINT('',(97.163451892182,126.28779812121,
    10.015934669293));
#4976 = CARTESIAN_POINT('',(97.150021070788,126.27780521211,
    10.013737933107));
#4977 = CARTESIAN_POINT('',(97.108727114953,126.24648878473,
    10.007362151396));
#4978 = CARTESIAN_POINT('',(97.081020718805,126.22463876095,
    10.003619242658));
#4979 = CARTESIAN_POINT('',(97.053568012407,126.20212213005,
    10.00046409293));
#4980 = CARTESIAN_POINT('',(97.026418745179,126.17896056408,
    9.997914885259));
#4981 = CARTESIAN_POINT('',(96.999622578903,126.15518131143,
    9.995986135547));
#4982 = CARTESIAN_POINT('',(96.973228703976,126.13081770838,
    9.994688111858));
#4983 = CARTESIAN_POINT('',(96.947285455666,126.10590969048,
    9.994026253736));
#4984 = CARTESIAN_POINT('',(96.890957394846,126.04967048408,
    9.993969445984));
#4985 = CARTESIAN_POINT('',(96.860801597132,126.01809759832,
    9.994875437175));
#4986 = CARTESIAN_POINT('',(96.831458899442,125.98587116136,
    9.996719120387));
#4987 = CARTESIAN_POINT('',(96.802999142041,125.95307860218,
    9.999489104985));
#4988 = CARTESIAN_POINT('',(96.775477199651,125.91980822499,
    10.003163738472));
#4989 = CARTESIAN_POINT('',(96.748934537863,125.88614816988,
    10.007712790557));
#4990 = CARTESIAN_POINT('',(96.723400769552,125.85218537355,
    10.013099137223));
#4991 = CARTESIAN_POINT('',(96.68608575322,125.8001376413,
    10.022511515855));
#4992 = CARTESIAN_POINT('',(96.673556216611,125.78220961414,
    10.025960144048));
#4993 = CARTESIAN_POINT('',(96.661308484394,125.76423155129,
    10.02962035695));
#4994 = CARTESIAN_POINT('',(96.649343660338,125.74621392711,
    10.033486084036));
#4995 = CARTESIAN_POINT('',(96.637662069049,125.7281665875,
    10.037551156682));
#4996 = CARTESIAN_POINT('',(96.62626325597,125.71009874991,
    10.041809308167));
#4997 = CARTESIAN_POINT('',(96.615145987378,125.69201900338,
    10.046254173665));
#4998 = CARTESIAN_POINT('',(96.581890601803,125.63652953661,
    10.060446254143));
#4999 = CARTESIAN_POINT('',(96.560670940319,125.59910919448,
    10.07078423103));
#5000 = CARTESIAN_POINT('',(96.540630247877,125.56174071458,
    10.081837830338));
#5001 = CARTESIAN_POINT('',(96.52174147962,125.5244806618,
    10.093552855402));
#5002 = CARTESIAN_POINT('',(96.503971482,125.4873759695,10.105877388482)
  );
#5003 = CARTESIAN_POINT('',(96.487282910866,125.45046417546,
    10.118762875776));
#5004 = CARTESIAN_POINT('',(96.471636149566,125.4137736579,
    10.132165212422));
#5005 = CARTESIAN_POINT('',(96.433922072941,125.31990699291,
    10.167911019916));
#5006 = CARTESIAN_POINT('',(96.413344995343,125.26310389314,
    10.190956449307));
#5007 = CARTESIAN_POINT('',(96.395096627627,125.20698028603,
    10.215033329265));
#5008 = CARTESIAN_POINT('',(96.379024372926,125.15158434966,
    10.240011327525));
#5009 = CARTESIAN_POINT('',(96.364986595076,125.09694708702,
    10.265778396513));
#5010 = CARTESIAN_POINT('',(96.352852809554,125.0430826866,
    10.29224060387));
#5011 = CARTESIAN_POINT('',(96.342503874428,124.98998888295,
    10.319321962991));
#5012 = CARTESIAN_POINT('',(96.325045958865,124.8846144631,
    10.374971643147));
#5013 = CARTESIAN_POINT('',(96.317983755676,124.8323674331,
    10.403547651491));
#5014 = CARTESIAN_POINT('',(96.312534855529,124.78089566243,
    10.432627099426));
#5015 = CARTESIAN_POINT('',(96.308601565959,124.73018838214,
    10.462153452945));
#5016 = CARTESIAN_POINT('',(96.306097662999,124.68023391071,
    10.492078251309));
#5017 = CARTESIAN_POINT('',(96.304946835924,124.6310189455,
    10.522360525156));
#5018 = CARTESIAN_POINT('',(96.305081132014,124.58252785419,
    10.552966214619));
#5019 = CARTESIAN_POINT('',(96.307766507239,124.48805245017,
    10.614059976973));
#5020 = CARTESIAN_POINT('',(96.31026207223,124.44203994405,
    10.644532254651));
#5021 = CARTESIAN_POINT('',(96.313869509077,124.39668959605,
    10.6752572331));
#5022 = CARTESIAN_POINT('',(96.318538441063,124.35198810976,
    10.706210785729));
#5023 = CARTESIAN_POINT('',(96.324224011446,124.30792333406,
    10.737371651324));
#5024 = CARTESIAN_POINT('',(96.330886192945,124.26448385279,
    10.76872123865));
#5025 = CARTESIAN_POINT('',(96.338489097226,124.22165857464,
    10.800243431039));
#5026 = CARTESIAN_POINT('',(96.376949061568,124.03086658912,
    10.9434019078));
#5027 = CARTESIAN_POINT('',(96.418128483896,123.88984328558,
    11.056785680485));
#5028 = CARTESIAN_POINT('',(96.469132895811,123.75578343411,
    11.171538385146));
#5029 = CARTESIAN_POINT('',(96.529111835291,123.62845981018,
    11.287257278802));
#5030 = CARTESIAN_POINT('',(96.597414004042,123.50773523353,
    11.403614590137));
#5031 = CARTESIAN_POINT('',(96.6736013262,123.39357334002,
    11.520357812334));
#5032 = CARTESIAN_POINT('',(96.757389087387,123.28599787084,
    11.637295648826));
#5033 = CARTESIAN_POINT('',(96.951057697112,123.07204188242,
    11.885483710285));
#5034 = CARTESIAN_POINT('',(97.062724621583,122.96754782066,
    12.016563904873));
#5035 = CARTESIAN_POINT('',(97.183536512542,122.87175992947,
    12.147380223936));
#5036 = CARTESIAN_POINT('',(97.313510747361,122.78512377052,
    12.277677147596));
#5037 = CARTESIAN_POINT('',(97.452736134376,122.70831953247,
    12.407106510934));
#5038 = CARTESIAN_POINT('',(97.601441697328,122.64237514018,
    12.535204719303));
#5039 = CARTESIAN_POINT('',(97.759935881427,122.5885950613,
    12.661401635948));
#5040 = CARTESIAN_POINT('',(97.976159635933,122.5382162419,
    12.81931981785));
#5041 = CARTESIAN_POINT('',(98.024065032905,122.52836092797,
    12.853497931169));
#5042 = CARTESIAN_POINT('',(98.072798439867,122.51967039908,
    12.887441732124));
#5043 = CARTESIAN_POINT('',(98.122373446388,122.51219789188,
    12.921128619449));
#5044 = CARTESIAN_POINT('',(98.17280324076,122.50600289629,
    12.954532183471));
#5045 = CARTESIAN_POINT('',(98.224101105897,122.50115215105,
    12.98762194092));
#5046 = CARTESIAN_POINT('',(98.276280915239,122.49772063917,
    13.02036306975));
#5047 = CARTESIAN_POINT('',(98.383741038345,122.49381706098,
    13.085865718885));
#5048 = CARTESIAN_POINT('',(98.439058885448,122.49342036982,
    13.118603421591));
#5049 = CARTESIAN_POINT('',(98.495331787809,122.49469252107,
    13.150889864285));
#5050 = CARTESIAN_POINT('',(98.552573712348,122.49773602584,
    13.182674588863));
#5051 = CARTESIAN_POINT('',(98.610791587334,122.50266548815,
    13.213896161388));
#5052 = CARTESIAN_POINT('',(98.669985536336,122.50960864663,
    13.244481770929));
#5053 = CARTESIAN_POINT('',(98.730149733856,122.51870886553,
    13.274346332752));
#5054 = CARTESIAN_POINT('',(98.854801491943,122.54199833751,
    13.333577927106));
#5055 = CARTESIAN_POINT('',(98.91933959574,122.55636866369,
    13.362866672877));
#5056 = CARTESIAN_POINT('',(98.984892229736,122.57342301376,
    13.391155604318));
#5057 = CARTESIAN_POINT('',(99.051420210256,122.59336277923,
    13.418307336181));
#5058 = CARTESIAN_POINT('',(99.118838747101,122.61640277478,
    13.4441506185));
#5059 = CARTESIAN_POINT('',(99.187014730851,122.64276362292,
    13.468483296633));
#5060 = CARTESIAN_POINT('',(99.25576369462,122.67266153109,
    13.491076439692));
#5061 = CARTESIAN_POINT('',(99.351548110832,122.71929554742,
    13.519643123813));
#5062 = CARTESIAN_POINT('',(99.378294974166,122.73285151325,
    13.52730792714));
#5063 = CARTESIAN_POINT('',(99.405070807905,122.74697326817,
    13.534659098369));
#5064 = CARTESIAN_POINT('',(99.43185704929,122.76166957076,
    13.54168101151));
#5065 = CARTESIAN_POINT('',(99.458632826759,122.77694759727,
    13.548357622912));
#5066 = CARTESIAN_POINT('',(99.485374981523,122.79281251024,
    13.554672730649));
#5067 = CARTESIAN_POINT('',(99.512058089151,122.80926702712,
    13.560610233896));
#5068 = CARTESIAN_POINT('',(99.55378886843,122.83600966971,
    13.569309235293));
#5069 = CARTESIAN_POINT('',(99.568895160732,122.84589916383,
    13.572336731671));
#5070 = CARTESIAN_POINT('',(99.583968179416,122.85597944861,
    13.575233931069));
#5071 = CARTESIAN_POINT('',(99.599002554417,122.86625014171,
    13.577997979318));
#5072 = CARTESIAN_POINT('',(99.613992724247,122.87671050104,
    13.580626118453));
#5073 = CARTESIAN_POINT('',(99.628932935991,122.88735942474,
    13.583115686717));
#5074 = CARTESIAN_POINT('',(99.643817245307,122.89819545123,
    13.58546411856));
#5075 = CARTESIAN_POINT('',(99.688739770696,122.93159822607,
    13.592146384366));
#5076 = CARTESIAN_POINT('',(99.718586525999,122.95474538086,
    13.596032032161));
#5077 = CARTESIAN_POINT('',(99.748125759015,122.9786405665,
    13.599305069095));
#5078 = CARTESIAN_POINT('',(99.777303472562,123.00326072223,
    13.601947786251));
#5079 = CARTESIAN_POINT('',(99.806066108963,123.02857688023,
    13.603946108552));
#5080 = CARTESIAN_POINT('',(99.834360963407,123.05455366229,
    13.60529011859));
#5081 = CARTESIAN_POINT('',(99.86213659731,123.08114877648,
    13.605974580456));
#5082 = CARTESIAN_POINT('',(99.920158882734,123.13907953495,
    13.606027647441));
#5083 = CARTESIAN_POINT('',(99.950249680914,123.17058116359,
    13.605209651299));
#5084 = CARTESIAN_POINT('',(99.979542123341,123.2027445581,
    13.603545089146));
#5085 = CARTESIAN_POINT('',(100.00797539962,123.23549444043,
    13.601042242663));
#5086 = CARTESIAN_POINT('',(100.03550038324,123.2687538868,
    13.59771702179));
#5087 = CARTESIAN_POINT('',(100.06207860299,123.30244511824,
    13.5935919253));
#5088 = CARTESIAN_POINT('',(100.0876812143,123.33649029115,
    13.58869500138));
#5089 = CARTESIAN_POINT('',(100.12455714618,123.3879255796,
    13.580248545797));
#5090 = CARTESIAN_POINT('',(100.13657942628,123.40510873761,
    13.57725428524));
#5091 = CARTESIAN_POINT('',(100.14835283597,123.42235280963,
    13.574080019737));
#5092 = CARTESIAN_POINT('',(100.1598759685,123.43964921495,
    13.570729854761));
#5093 = CARTESIAN_POINT('',(100.17114798541,123.45698974459,
    13.567208008062));
#5094 = CARTESIAN_POINT('',(100.18216861657,123.47436656123,
    13.563518809666));
#5095 = CARTESIAN_POINT('',(100.19293816015,123.49177219923,
    13.559666701877));
#5096 = CARTESIAN_POINT('',(100.22303606087,123.54163540243,
    13.548191960468));
#5097 = CARTESIAN_POINT('',(100.24174727309,123.57414601073,
    13.540179081536));
#5098 = CARTESIAN_POINT('',(100.25959683285,123.60668693883,
    13.531646299827));
#5099 = CARTESIAN_POINT('',(100.27659539388,123.63921846459,
    13.522622432019));
#5100 = CARTESIAN_POINT('',(100.29275762319,123.67170557241,
    13.51313589535));
#5101 = CARTESIAN_POINT('',(100.30810127417,123.70411793127,
    13.503214188844));
#5102 = CARTESIAN_POINT('',(100.32264625962,123.73642987269,
    13.492883374544));
#5103 = CARTESIAN_POINT('',(100.38411021341,123.88014224999,
    13.445043311426));
#5104 = CARTESIAN_POINT('',(100.42238449374,123.9899938239,
    13.403369406956));
#5105 = CARTESIAN_POINT('',(100.45231488951,124.09762134314,
    13.358077661983));
#5106 = CARTESIAN_POINT('',(100.47482407317,124.20263172382,
    13.30991866951));
#5107 = CARTESIAN_POINT('',(100.4907411118,124.30480280491,
    13.259493135707));
#5108 = CARTESIAN_POINT('',(100.50079622309,124.40407526006,
    13.207252848171));
#5109 = CARTESIAN_POINT('',(100.50559159102,124.50053668821,
    13.153491160149));
#5110 = CARTESIAN_POINT('',(100.50559159102,124.59440840897,
    13.098342875195));
#5111 = FACE_BOUND('',#5112,.F.);
#5112 = EDGE_LOOP('',(#5113));
#5113 = ORIENTED_EDGE('',*,*,#5114,.T.);
#5114 = EDGE_CURVE('',#5115,#5115,#5117,.T.);
#5115 = VERTEX_POINT('',#5116);
#5116 = CARTESIAN_POINT('',(100.50559159102,185.40559159102,
    13.098342875195));
#5117 = B_SPLINE_CURVE_WITH_KNOTS('',8,(#5118,#5119,#5120,#5121,#5122,
    #5123,#5124,#5125,#5126,#5127,#5128,#5129,#5130,#5131,#5132,#5133,
    #5134,#5135,#5136,#5137,#5138,#5139,#5140,#5141,#5142,#5143,#5144,
    #5145,#5146,#5147,#5148,#5149,#5150,#5151,#5152,#5153,#5154,#5155,
    #5156,#5157,#5158,#5159,#5160,#5161,#5162,#5163,#5164,#5165,#5166,
    #5167,#5168,#5169,#5170,#5171,#5172,#5173,#5174,#5175,#5176,#5177,
    #5178,#5179,#5180,#5181,#5182,#5183,#5184,#5185,#5186,#5187,#5188,
    #5189,#5190,#5191,#5192,#5193,#5194,#5195,#5196,#5197,#5198,#5199,
    #5200,#5201,#5202,#5203,#5204,#5205,#5206,#5207,#5208,#5209,#5210,
    #5211,#5212,#5213,#5214,#5215,#5216,#5217,#5218,#5219,#5220,#5221,
    #5222,#5223,#5224,#5225,#5226,#5227,#5228,#5229,#5230,#5231,#5232,
    #5233,#5234,#5235,#5236,#5237,#5238,#5239,#5240,#5241,#5242,#5243,
    #5244,#5245,#5246,#5247,#5248,#5249,#5250,#5251,#5252,#5253,#5254,
    #5255,#5256,#5257,#5258,#5259,#5260,#5261,#5262,#5263,#5264,#5265,
    #5266,#5267,#5268,#5269,#5270,#5271,#5272,#5273,#5274,#5275,#5276,
    #5277,#5278,#5279,#5280,#5281,#5282,#5283,#5284,#5285,#5286,#5287,
    #5288,#5289,#5290,#5291,#5292,#5293,#5294,#5295,#5296,#5297,#5298,
    #5299,#5300,#5301,#5302,#5303,#5304,#5305,#5306,#5307,#5308),
  .UNSPECIFIED.,.T.,.F.,(9,7,7,7,7,7,7,7,7,7,7,7,7,7,7,7,7,7,7,7,7,7,7,7
    ,7,7,7,9),(0.,5.784919746723E-02,7.390371431615E-02,
    8.274244576849E-02,0.100145004279,0.119648716805,0.130026793826,
    0.151619157272,0.185143520958,0.219068264401,0.250911421978,
    0.357212612604,0.469648470449,0.500136822354,0.530923847458,
    0.565566212175,0.578432671079,0.585456956343,0.600111667303,
    0.61790948558,0.627216865907,0.646473608219,0.676809423182,
    0.707541136497,0.737561438802,0.843149309164,0.966522378053,1.),
  .UNSPECIFIED.);
#5118 = CARTESIAN_POINT('',(100.50559159102,185.40559159102,
    13.098342875195));
#5119 = CARTESIAN_POINT('',(100.50559159102,185.50075449659,
    13.154249712645));
#5120 = CARTESIAN_POINT('',(100.50066339046,185.59856390192,
    13.208722765619));
#5121 = CARTESIAN_POINT('',(100.49032597022,185.69926134757,
    13.261629716827));
#5122 = CARTESIAN_POINT('',(100.4739494181,185.80294389731,
    13.312666845729));
#5123 = CARTESIAN_POINT('',(100.4507679994,185.90954791798,
    13.361359517388));
#5124 = CARTESIAN_POINT('',(100.41991197746,186.01883276736,
    13.407073182203));
#5125 = CARTESIAN_POINT('',(100.38041584291,186.13037150766,
    13.449013492764));
#5126 = CARTESIAN_POINT('',(100.31749112131,186.27496706271,
    13.496512651801));
#5127 = CARTESIAN_POINT('',(100.30307746205,186.30648780239,
    13.506458858376));
#5128 = CARTESIAN_POINT('',(100.28790034683,186.33809760853,
    13.516010093646));
#5129 = CARTESIAN_POINT('',(100.27194173521,186.3697718609,
    13.525141964548));
#5130 = CARTESIAN_POINT('',(100.25518567143,186.40148167921,
    13.533828829075));
#5131 = CARTESIAN_POINT('',(100.23761912398,186.43319391054,
    13.542044270273));
#5132 = CARTESIAN_POINT('',(100.21923282515,186.4648711167,
    13.549761570244));
#5133 = CARTESIAN_POINT('',(100.18944575079,186.51386902367,
    13.560914040617));
#5134 = CARTESIAN_POINT('',(100.17861966346,186.53124310155,
    13.564714884261));
#5135 = CARTESIAN_POINT('',(100.16754308306,186.54858663994,
    13.568352183032));
#5136 = CARTESIAN_POINT('',(100.15621581724,186.56589211906,
    13.571821524115));
#5137 = CARTESIAN_POINT('',(100.14463824677,186.5831516547,
    13.575118613906));
#5138 = CARTESIAN_POINT('',(100.1328113256,186.60035699823,
    13.578239278017));
#5139 = CARTESIAN_POINT('',(100.12073658084,186.61749953659,
    13.581179461274));
#5140 = CARTESIAN_POINT('',(100.08415837077,186.66818086492,
    13.589361050077));
#5141 = CARTESIAN_POINT('',(100.05894554765,186.70151700268,
    13.594072728517));
#5142 = CARTESIAN_POINT('',(100.03279765106,186.73450574647,
    13.598039948935));
#5143 = CARTESIAN_POINT('',(100.00574268384,186.76707360259,
    13.601236671251));
#5144 = CARTESIAN_POINT('',(99.977817559278,186.79914725565,
    13.603642059673));
#5145 = CARTESIAN_POINT('',(99.949069016356,186.83065428136,
    13.605241412964));
#5146 = CARTESIAN_POINT('',(99.91955453507,186.86152385938,
    13.606027094707));
#5147 = CARTESIAN_POINT('',(99.855484311563,186.92549301564,
    13.605968496298));
#5148 = CARTESIAN_POINT('',(99.82074244486,186.95841948357,
    13.604915931798));
#5149 = CARTESIAN_POINT('',(99.785215640235,186.99036887507,
    13.602841762122));
#5150 = CARTESIAN_POINT('',(99.749004773381,187.02126246896,
    13.599758668949));
#5151 = CARTESIAN_POINT('',(99.712212315615,187.05103902187,
    13.595690248384));
#5152 = CARTESIAN_POINT('',(99.674941042471,187.07965295245,
    13.590669235746));
#5153 = CARTESIAN_POINT('',(99.6372927423,187.10707252548,
    13.584735730372));
#5154 = CARTESIAN_POINT('',(99.579186302638,187.14722219188,
    13.574316922621));
#5155 = CARTESIAN_POINT('',(99.55892527663,187.16082387975,
    13.570452681815));
#5156 = CARTESIAN_POINT('',(99.53859767566,187.17408085815,
    13.566349329243));
#5157 = CARTESIAN_POINT('',(99.518216604327,187.18699210888,
    13.562013781171));
#5158 = CARTESIAN_POINT('',(99.497794422231,187.19955770405,
    13.557453150911));
#5159 = CARTESIAN_POINT('',(99.477342723184,187.2117786732,
    13.552674660868));
#5160 = CARTESIAN_POINT('',(99.456872314425,187.22365687028,
    13.547685554577));
#5161 = CARTESIAN_POINT('',(99.39378486189,187.2592004491,
    13.531689529779));
#5162 = CARTESIAN_POINT('',(99.351141966656,187.28173137328,
    13.520006119887));
#5163 = CARTESIAN_POINT('',(99.308550202742,187.30281404021,
    13.507506898277));
#5164 = CARTESIAN_POINT('',(99.266082896168,187.3224847644,
    13.494254567891));
#5165 = CARTESIAN_POINT('',(99.223801276079,187.34078725719,
    13.480309138787));
#5166 = CARTESIAN_POINT('',(99.181754744452,187.35777013587,
    13.465726651525));
#5167 = CARTESIAN_POINT('',(99.139981145807,187.37348443287,
    13.450557900541));
#5168 = CARTESIAN_POINT('',(99.034114219831,187.41048867836,
    13.410454614149));
#5169 = CARTESIAN_POINT('',(98.970462420699,187.43005496791,
    13.384763113089));
#5170 = CARTESIAN_POINT('',(98.907639354375,187.44687843827,
    13.357935993166));
#5171 = CARTESIAN_POINT('',(98.845710516662,187.46114453379,
    13.330116562099));
#5172 = CARTESIAN_POINT('',(98.784719891895,187.47302520317,
    13.30142816186));
#5173 = CARTESIAN_POINT('',(98.724690660517,187.48267842408,
    13.271974234029));
#5174 = CARTESIAN_POINT('',(98.66562590666,187.4902477278,
    13.241838385137));
#5175 = CARTESIAN_POINT('',(98.548698661439,187.50154276766,
    13.179963226249));
#5176 = CARTESIAN_POINT('',(98.490874438532,187.50522009977,
    13.148217292712));
#5177 = CARTESIAN_POINT('',(98.434029296806,187.5070263435,
    13.115917996946));
#5178 = CARTESIAN_POINT('',(98.378154710729,187.5070788968,
    13.083127402793));
#5179 = CARTESIAN_POINT('',(98.323240331824,187.50548161833,
    13.04989884287));
#5180 = CARTESIAN_POINT('',(98.269273331059,187.50232651337,
    13.016277469047));
#5181 = CARTESIAN_POINT('',(98.21623774124,187.49769541988,
    12.982300802929));
#5182 = CARTESIAN_POINT('',(98.115188126719,187.48599819181,
    12.915802473989));
#5183 = CARTESIAN_POINT('',(98.067069580531,187.47909922175,
    12.883321952815));
#5184 = CARTESIAN_POINT('',(98.019744429032,187.47102523891,
    12.850584322004));
#5185 = CARTESIAN_POINT('',(97.973200172552,187.46183046247,
    12.817613361363));
#5186 = CARTESIAN_POINT('',(97.927425199265,187.45156350504,
    12.784430181037));
#5187 = CARTESIAN_POINT('',(97.88240844089,187.44026800157,
    12.751053371244));
#5188 = CARTESIAN_POINT('',(97.838139028398,187.4279832383,
    12.717499152013));
#5189 = CARTESIAN_POINT('',(97.649280588673,187.37055118393,
    12.571222832417));
#5190 = CARTESIAN_POINT('',(97.51223113844,187.31575092423,
    12.456897455731));
#5191 = CARTESIAN_POINT('',(97.382966157884,187.2516501453,
    12.341268271983));
#5192 = CARTESIAN_POINT('',(97.261262576095,187.17911099217,
    12.224702122368));
#5193 = CARTESIAN_POINT('',(97.146999219951,187.09877579197,
    12.107502042642));
#5194 = CARTESIAN_POINT('',(97.040117029905,187.01112310219,
    11.98991530061));
#5195 = CARTESIAN_POINT('',(96.940639899859,186.91644902422,
    11.872133209609));
#5196 = CARTESIAN_POINT('',(96.751433811925,186.70742302038,
    11.629663909875));
#5197 = CARTESIAN_POINT('',(96.662720987931,186.5923843005,
    11.505126210691));
#5198 = CARTESIAN_POINT('',(96.582634582688,186.46988860141,
    11.38082116994));
#5199 = CARTESIAN_POINT('',(96.511530298482,186.33994287253,
    11.256973915691));
#5200 = CARTESIAN_POINT('',(96.449958317346,186.20249079388,
    11.133895087039));
#5201 = CARTESIAN_POINT('',(96.398770598058,186.05734089969,
    11.012006242519));
#5202 = CARTESIAN_POINT('',(96.359060350805,185.90421036256,
    10.891831950953));
#5203 = CARTESIAN_POINT('',(96.325626781591,185.69838010427,
    10.742181189664));
#5204 = CARTESIAN_POINT('',(96.319482098591,185.65383521464,
    10.710444324659));
#5205 = CARTESIAN_POINT('',(96.314363334297,185.60863959509,
    10.678910395664));
#5206 = CARTESIAN_POINT('',(96.310313287466,185.56278047923,
    10.647598936522));
#5207 = CARTESIAN_POINT('',(96.307379846289,185.51624502855,
    10.616532732572));
#5208 = CARTESIAN_POINT('',(96.305616888054,185.46901982203,
    10.585738090749));
#5209 = CARTESIAN_POINT('',(96.30508517881,185.4210903458,
    10.555245109685));
#5210 = CARTESIAN_POINT('',(96.306628891744,185.32331403088,
    10.494635361215));
#5211 = CARTESIAN_POINT('',(96.308729688228,185.27345851268,
    10.464528536512));
#5212 = CARTESIAN_POINT('',(96.312226925781,185.22285358961,
    10.434800726563));
#5213 = CARTESIAN_POINT('',(96.317199833446,185.17148373186,
    10.40549339414));
#5214 = CARTESIAN_POINT('',(96.323737322248,185.11933752431,
    10.376656916689));
#5215 = CARTESIAN_POINT('',(96.331939701419,185.06640697232,
    10.348351289085));
#5216 = CARTESIAN_POINT('',(96.341920394631,185.01268680763,
    10.320646826386));
#5217 = CARTESIAN_POINT('',(96.367183513441,184.89683432772,
    10.26321905169));
#5218 = CARTESIAN_POINT('',(96.382966915754,184.83452175821,
    10.233692791817));
#5219 = CARTESIAN_POINT('',(96.401343495541,184.77120762958,
    10.205148755684));
#5220 = CARTESIAN_POINT('',(96.42251994838,184.70690841811,
    10.177731853973));
#5221 = CARTESIAN_POINT('',(96.446719412204,184.6416874481,
    10.151627884722));
#5222 = CARTESIAN_POINT('',(96.474174610716,184.57565742504,
    10.127060944974));
#5223 = CARTESIAN_POINT('',(96.505118761063,184.5089835863,
    10.10428960871));
#5224 = CARTESIAN_POINT('',(96.55264557754,184.41696742018,
    10.075918275283));
#5225 = CARTESIAN_POINT('',(96.566026117245,184.39199445823,
    10.068523750801));
#5226 = CARTESIAN_POINT('',(96.579925427765,184.36698263532,
    10.061433607778));
#5227 = CARTESIAN_POINT('',(96.594351962413,184.3419483588,
    10.054663961066));
#5228 = CARTESIAN_POINT('',(96.609312627458,184.3169103867,
    10.048231443872));
#5229 = CARTESIAN_POINT('',(96.624812344649,184.29188982282,
    10.042152921458));
#5230 = CARTESIAN_POINT('',(96.64085361374,184.26691011186,
    10.036445204836));
#5231 = CARTESIAN_POINT('',(96.666489066149,184.22839604587,
    10.028220135369));
#5232 = CARTESIAN_POINT('',(96.675703300104,184.21481495084,
    10.025430916942));
#5233 = CARTESIAN_POINT('',(96.685078714873,184.20125802046,
    10.022759836007));
#5234 = CARTESIAN_POINT('',(96.694614940502,184.18772970385,
    10.020209535168));
#5235 = CARTESIAN_POINT('',(96.704311299092,184.17423462826,
    10.017782572808));
#5236 = CARTESIAN_POINT('',(96.714166804797,184.16077759902,
    10.015481423093));
#5237 = CARTESIAN_POINT('',(96.724180163825,184.14736359964,
    10.013308475967));
#5238 = CARTESIAN_POINT('',(96.755566552863,184.10611281196,
    10.007004913169));
#5239 = CARTESIAN_POINT('',(96.777465102491,184.07843523494,
    10.003311399827));
#5240 = CARTESIAN_POINT('',(96.800028426293,184.05101464981,
    10.000206602026));
#5241 = CARTESIAN_POINT('',(96.823234470686,184.02390085657,
    9.997708488392));
#5242 = CARTESIAN_POINT('',(96.847055627799,183.99714348594,
    9.995831321869));
#5243 = CARTESIAN_POINT('',(96.871458237759,183.97079161929,
    9.994585090306));
#5244 = CARTESIAN_POINT('',(96.896402090966,183.9448934085,
    9.993974937047));
#5245 = CARTESIAN_POINT('',(96.952733616659,183.88865074269,
    9.994031748294));
#5246 = CARTESIAN_POINT('',(96.984362341386,183.85853762776,
    9.995000727962));
#5247 = CARTESIAN_POINT('',(97.016640137613,183.82924232091,
    9.99690753889));
#5248 = CARTESIAN_POINT('',(97.049479273937,183.80083414581,
    9.999740260081));
#5249 = CARTESIAN_POINT('',(97.082791299166,183.77336736995,
    10.00347675051));
#5250 = CARTESIAN_POINT('',(97.116488086997,183.74688279466,
    10.008086358467));
#5251 = CARTESIAN_POINT('',(97.150482880691,183.72140934508,
    10.01353163089));
#5252 = CARTESIAN_POINT('',(97.202580672018,183.68418281968,
    10.023032393652));
#5253 = CARTESIAN_POINT('',(97.220529989721,183.67168058736,
    10.026512012919));
#5254 = CARTESIAN_POINT('',(97.23852821716,183.65946075773,
    10.030202869591));
#5255 = CARTESIAN_POINT('',(97.256564913234,183.64752435099,
    10.034098860512));
#5256 = CARTESIAN_POINT('',(97.274630269453,183.63587161309,
    10.038193790284));
#5257 = CARTESIAN_POINT('',(97.292715109931,183.62450201569,
    10.042481371265));
#5258 = CARTESIAN_POINT('',(97.310810891389,183.61341425617,
    10.046955223574));
#5259 = CARTESIAN_POINT('',(97.366355702156,183.58024477298,
    10.061237166272));
#5260 = CARTESIAN_POINT('',(97.403812324909,183.55908283753,
    10.071634894383));
#5261 = CARTESIAN_POINT('',(97.44121353371,183.53910085963,
    10.082746552178));
#5262 = CARTESIAN_POINT('',(97.478503143899,183.52027134183,
    10.09451789552));
#5263 = CARTESIAN_POINT('',(97.515634584153,183.5025607819,10.1068970148
    ));
#5264 = CARTESIAN_POINT('',(97.55257065678,183.48593157377,
    10.119835406366));
#5265 = CARTESIAN_POINT('',(97.589283298008,183.47034390847,
    10.133289043951));
#5266 = CARTESIAN_POINT('',(97.68320585934,183.43277947515,
    10.169164502703));
#5267 = CARTESIAN_POINT('',(97.740039883298,183.41229263256,
    10.192286178572));
#5268 = CARTESIAN_POINT('',(97.796190638889,183.39413332073,
    10.21643600205));
#5269 = CARTESIAN_POINT('',(97.85161070605,183.37814870354,
    10.241483975723));
#5270 = CARTESIAN_POINT('',(97.906269672941,183.36419707406,
    10.267318388389));
#5271 = CARTESIAN_POINT('',(97.960153792968,183.3521479934,
    10.293845623035));
#5272 = CARTESIAN_POINT('',(98.013265641802,183.34188242941,
    10.320989964814));
#5273 = CARTESIAN_POINT('',(98.118665208189,183.32459126355,
    10.376758397759));
#5274 = CARTESIAN_POINT('',(98.17091958756,183.31761184979,
    10.405389964992));
#5275 = CARTESIAN_POINT('',(98.222397684535,183.312244122,
    10.434523175153));
#5276 = CARTESIAN_POINT('',(98.273110429383,183.30839056551,
    10.464101714129));
#5277 = CARTESIAN_POINT('',(98.323069621991,183.30596512671,
    10.494077308494));
#5278 = CARTESIAN_POINT('',(98.372288643224,183.30489165666,
    10.524409144743));
#5279 = CARTESIAN_POINT('',(98.420783166294,183.30510235467,
    10.555063288519));
#5280 = CARTESIAN_POINT('',(98.515254305279,183.3079368766,
    10.616244482451));
#5281 = CARTESIAN_POINT('',(98.561259449991,183.31050472666,
    10.646755676735));
#5282 = CARTESIAN_POINT('',(98.60660216341,183.31418333935,
    10.677518612617));
#5283 = CARTESIAN_POINT('',(98.651295745343,183.31892248409,
    10.708509261024));
#5284 = CARTESIAN_POINT('',(98.69535234369,183.32467743429,
    10.739706443587));
#5285 = CARTESIAN_POINT('',(98.738783363876,183.33140827925,
    10.771091638329));
#5286 = CARTESIAN_POINT('',(98.781599878296,183.33907923608,
    10.802648785362));
#5287 = CARTESIAN_POINT('',(98.972285804313,183.37783118723,
    10.945913660356));
#5288 = CARTESIAN_POINT('',(99.11321503901,183.41921882093,
    11.059360514743));
#5289 = CARTESIAN_POINT('',(99.247181329127,183.47042138125,
    11.174169827629));
#5290 = CARTESIAN_POINT('',(99.374410755318,183.53059174734,
    11.28994031426));
#5291 = CARTESIAN_POINT('',(99.495039063867,183.59908151391,
    11.406345179006));
#5292 = CARTESIAN_POINT('',(99.60910111933,183.67545470143,
    11.523132341299));
#5293 = CARTESIAN_POINT('',(99.716571301114,183.75942838616,
    11.640110506801));
#5294 = CARTESIAN_POINT('',(99.935045913854,183.95781556174,
    11.893903172173));
#5295 = CARTESIAN_POINT('',(100.04340062127,184.07479637873,
    12.030512705727));
#5296 = CARTESIAN_POINT('',(100.14228657063,184.20169788755,
    12.166820847981));
#5297 = CARTESIAN_POINT('',(100.23118411829,184.33856498313,
    12.302544565603));
#5298 = CARTESIAN_POINT('',(100.30930111259,184.48551040529,
    12.437284055518));
#5299 = CARTESIAN_POINT('',(100.37540091744,184.64281922623,
    12.570487512087));
#5300 = CARTESIAN_POINT('',(100.42794228565,184.81083727061,
    12.701471404287));
#5301 = CARTESIAN_POINT('',(100.4740168875,185.03940390918,
    12.863961340449));
#5302 = CARTESIAN_POINT('',(100.4826478454,185.08904029529,
    12.898398719539));
#5303 = CARTESIAN_POINT('',(100.49002078567,185.13954495219,
    12.932570232195));
#5304 = CARTESIAN_POINT('',(100.49607456366,185.19093269806,
    12.966449478832));
#5305 = CARTESIAN_POINT('',(100.50074066137,185.2432174541,
    13.00000532343));
#5306 = CARTESIAN_POINT('',(100.50394197307,185.2964128184,
    13.033201552438));
#5307 = CARTESIAN_POINT('',(100.50559159102,185.35053263964,
    13.065996533668));
#5308 = CARTESIAN_POINT('',(100.50559159102,185.40559159102,
    13.098342875195));
#5309 = FACE_BOUND('',#5310,.F.);
#5310 = EDGE_LOOP('',(#5311));
#5311 = ORIENTED_EDGE('',*,*,#5312,.T.);
#5312 = EDGE_CURVE('',#5313,#5313,#5315,.T.);
#5313 = VERTEX_POINT('',#5314);
#5314 = CARTESIAN_POINT('',(39.694408408978,185.40559159102,
    10.54579654436));
#5315 = B_SPLINE_CURVE_WITH_KNOTS('',8,(#5316,#5317,#5318,#5319,#5320,
    #5321,#5322,#5323,#5324,#5325,#5326,#5327,#5328,#5329,#5330,#5331,
    #5332,#5333,#5334,#5335,#5336,#5337,#5338,#5339,#5340,#5341,#5342,
    #5343,#5344,#5345,#5346,#5347,#5348,#5349,#5350,#5351,#5352,#5353,
    #5354,#5355,#5356,#5357,#5358,#5359,#5360,#5361,#5362,#5363,#5364,
    #5365,#5366,#5367,#5368,#5369,#5370,#5371,#5372,#5373,#5374,#5375,
    #5376,#5377,#5378,#5379,#5380,#5381,#5382,#5383,#5384,#5385,#5386,
    #5387,#5388,#5389,#5390,#5391,#5392,#5393,#5394,#5395,#5396,#5397,
    #5398,#5399,#5400,#5401,#5402,#5403,#5404,#5405,#5406,#5407,#5408,
    #5409,#5410,#5411,#5412,#5413,#5414,#5415,#5416,#5417,#5418,#5419,
    #5420,#5421,#5422,#5423,#5424,#5425,#5426,#5427,#5428,#5429,#5430,
    #5431,#5432,#5433,#5434,#5435,#5436,#5437,#5438,#5439,#5440,#5441,
    #5442,#5443,#5444,#5445,#5446,#5447,#5448,#5449,#5450,#5451,#5452,
    #5453,#5454,#5455,#5456,#5457,#5458,#5459,#5460,#5461,#5462,#5463,
    #5464,#5465,#5466,#5467,#5468,#5469,#5470,#5471,#5472,#5473,#5474,
    #5475,#5476,#5477,#5478,#5479,#5480,#5481,#5482,#5483,#5484,#5485,
    #5486,#5487,#5488,#5489,#5490,#5491,#5492,#5493,#5494,#5495,#5496,
    #5497,#5498,#5499,#5500,#5501,#5502,#5503,#5504,#5505,#5506),
  .UNSPECIFIED.,.T.,.F.,(9,7,7,7,7,7,7,7,7,7,7,7,7,7,7,7,7,7,7,7,7,7,7,7
    ,7,7,7,9),(0.,3.359568835677E-02,0.140296233169,0.258635350016,
    0.291584849084,0.325345532282,0.360433718116,0.373995898989,
    0.381713310349,0.397385405558,0.417233725487,0.42761968766,
    0.448825842924,0.482316614123,0.516212042647,0.548033731699,
    0.654305471767,0.767350055537,0.797814769002,0.828571534689,
    0.863176186773,0.87567469076,0.882704001789,0.897363478644,
    0.913756776179,0.921912211874,0.937704474389,1.),.UNSPECIFIED.);
#5316 = CARTESIAN_POINT('',(39.694408408978,185.40559159102,
    10.54579654436));
#5317 = CARTESIAN_POINT('',(39.694408408978,185.45873507473,
    10.579248264895));
#5318 = CARTESIAN_POINT('',(39.692871600508,185.51101081552,
    10.613085338263));
#5319 = CARTESIAN_POINT('',(39.68988521108,185.56244157297,
    10.647265742457));
#5320 = CARTESIAN_POINT('',(39.685525600816,185.61304715947,
    10.681752667464));
#5321 = CARTESIAN_POINT('',(39.679859642942,185.66284524539,
    10.716514118546));
#5322 = CARTESIAN_POINT('',(39.672946104271,185.71185216425,
    10.751522519521));
#5323 = CARTESIAN_POINT('',(39.664837025702,185.76008371789,
    10.786754316054));
#5324 = CARTESIAN_POINT('',(39.62617576329,185.95832879364,
    10.934732647382));
#5325 = CARTESIAN_POINT('',(39.585199340766,186.10135615236,
    11.049264490451));
#5326 = CARTESIAN_POINT('',(39.534133388226,186.2372550225,
    11.165218954599));
#5327 = CARTESIAN_POINT('',(39.473866157007,186.36626187583,
    11.282174726346));
#5328 = CARTESIAN_POINT('',(39.405079329717,186.48852198185,
    11.399789749545));
#5329 = CARTESIAN_POINT('',(39.328228610562,186.60407477385,
    11.517802330745));
#5330 = CARTESIAN_POINT('',(39.243609753156,186.71289865701,
    11.636015625706));
#5331 = CARTESIAN_POINT('',(39.048942302888,186.92795811757,
    11.885483710285));
#5332 = CARTESIAN_POINT('',(38.937275378417,187.03245217934,
    12.016563904872));
#5333 = CARTESIAN_POINT('',(38.816463487458,187.12824007052,
    12.147380223937));
#5334 = CARTESIAN_POINT('',(38.68648925264,187.21487622947,
    12.277677147595));
#5335 = CARTESIAN_POINT('',(38.547263865624,187.29168046752,
    12.407106510935));
#5336 = CARTESIAN_POINT('',(38.398558302672,187.35762485982,
    12.535204719303));
#5337 = CARTESIAN_POINT('',(38.240064118573,187.41140493869,
    12.661401635948));
#5338 = CARTESIAN_POINT('',(38.023840364067,187.46178375809,
    12.81931981785));
#5339 = CARTESIAN_POINT('',(37.975934967095,187.47163907202,
    12.853497931169));
#5340 = CARTESIAN_POINT('',(37.927201560133,187.48032960091,
    12.887441732124));
#5341 = CARTESIAN_POINT('',(37.877626553612,187.48780210811,
    12.921128619449));
#5342 = CARTESIAN_POINT('',(37.82719675924,187.4939971037,12.95453218347
    ));
#5343 = CARTESIAN_POINT('',(37.775898894104,187.49884784894,
    12.98762194092));
#5344 = CARTESIAN_POINT('',(37.723719084761,187.50227936082,
    13.02036306975));
#5345 = CARTESIAN_POINT('',(37.616258961655,187.50618293902,
    13.085865718885));
#5346 = CARTESIAN_POINT('',(37.560941114552,187.50657963017,
    13.118603421591));
#5347 = CARTESIAN_POINT('',(37.504668212191,187.50530747893,
    13.150889864285));
#5348 = CARTESIAN_POINT('',(37.447426287652,187.50226397415,
    13.182674588863));
#5349 = CARTESIAN_POINT('',(37.389208412666,187.49733451184,
    13.213896161388));
#5350 = CARTESIAN_POINT('',(37.330014463665,187.49039135336,
    13.244481770929));
#5351 = CARTESIAN_POINT('',(37.269850266144,187.48129113446,
    13.274346332752));
#5352 = CARTESIAN_POINT('',(37.145198508058,187.45800166248,
    13.333577927105));
#5353 = CARTESIAN_POINT('',(37.08066040426,187.4436313363,
    13.362866672877));
#5354 = CARTESIAN_POINT('',(37.015107770264,187.42657698623,
    13.391155604318));
#5355 = CARTESIAN_POINT('',(36.948579789744,187.40663722076,
    13.418307336181));
#5356 = CARTESIAN_POINT('',(36.881161252899,187.38359722521,
    13.4441506185));
#5357 = CARTESIAN_POINT('',(36.81298526915,187.35723637707,
    13.468483296633));
#5358 = CARTESIAN_POINT('',(36.74423630538,187.3273384689,
    13.491076439692));
#5359 = CARTESIAN_POINT('',(36.648451889168,187.28070445257,
    13.519643123813));
#5360 = CARTESIAN_POINT('',(36.621705025835,187.26714848674,
    13.52730792714));
#5361 = CARTESIAN_POINT('',(36.594929192096,187.25302673182,
    13.534659098369));
#5362 = CARTESIAN_POINT('',(36.56814295071,187.23833042923,
    13.54168101151));
#5363 = CARTESIAN_POINT('',(36.541367173242,187.22305240272,
    13.548357622912));
#5364 = CARTESIAN_POINT('',(36.514625018477,187.20718748975,
    13.554672730649));
#5365 = CARTESIAN_POINT('',(36.487941910849,187.19073297287,
    13.560610233896));
#5366 = CARTESIAN_POINT('',(36.446211131571,187.16399033028,
    13.569309235293));
#5367 = CARTESIAN_POINT('',(36.431104839268,187.15410083616,
    13.572336731671));
#5368 = CARTESIAN_POINT('',(36.416031820585,187.14402055138,
    13.575233931069));
#5369 = CARTESIAN_POINT('',(36.400997445583,187.13374985828,
    13.577997979318));
#5370 = CARTESIAN_POINT('',(36.386007275753,187.12328949895,
    13.580626118452));
#5371 = CARTESIAN_POINT('',(36.371067064009,187.11264057525,
    13.583115686717));
#5372 = CARTESIAN_POINT('',(36.356182754693,187.10180454876,
    13.58546411856));
#5373 = CARTESIAN_POINT('',(36.311260229304,187.06840177392,
    13.592146384366));
#5374 = CARTESIAN_POINT('',(36.281413474001,187.04525461913,
    13.596032032161));
#5375 = CARTESIAN_POINT('',(36.251874240985,187.02135943349,
    13.599305069095));
#5376 = CARTESIAN_POINT('',(36.222696527438,186.99673927776,
    13.601947786251));
#5377 = CARTESIAN_POINT('',(36.193933891037,186.97142311976,
    13.603946108552));
#5378 = CARTESIAN_POINT('',(36.165639036593,186.9454463377,
    13.60529011859));
#5379 = CARTESIAN_POINT('',(36.13786340269,186.91885122351,
    13.605974580456));
#5380 = CARTESIAN_POINT('',(36.076200195273,186.85728528641,
    13.606030977416));
#5381 = CARTESIAN_POINT('',(36.042648908876,186.82196362573,
    13.605004517592));
#5382 = CARTESIAN_POINT('',(36.01010695191,186.78582555001,
    13.602919509646));
#5383 = CARTESIAN_POINT('',(35.97865766812,186.74897726542,
    13.599789040392));
#5384 = CARTESIAN_POINT('',(35.948365656211,186.71152673099,
    13.595637926155));
#5385 = CARTESIAN_POINT('',(35.919278743823,186.67358225125,
    13.590500781022));
#5386 = CARTESIAN_POINT('',(35.891429961515,186.63525106892,
    13.584420085089));
#5387 = CARTESIAN_POINT('',(35.850925626076,186.5764330073,
    13.573794032871));
#5388 = CARTESIAN_POINT('',(35.837354931403,186.55614893385,
    13.569898380653));
#5389 = CARTESIAN_POINT('',(35.824129576298,186.53579953856,
    13.565763967639));
#5390 = CARTESIAN_POINT('',(35.81125048654,186.51539789266,
    13.561397743857));
#5391 = CARTESIAN_POINT('',(35.79871750315,186.49495631696,
    13.55680685006));
#5392 = CARTESIAN_POINT('',(35.786529515433,186.47448636152,
    13.551998530023));
#5393 = CARTESIAN_POINT('',(35.774684594014,186.45399878544,
    13.546980042819));
#5394 = CARTESIAN_POINT('',(35.73969018852,186.39165614467,
    13.531097333239));
#5395 = CARTESIAN_POINT('',(35.717621322287,186.34977962265,
    13.519590525042));
#5396 = CARTESIAN_POINT('',(35.696948095026,186.30795466945,
    13.507298843942));
#5397 = CARTESIAN_POINT('',(35.677635949492,186.26625046856,
    13.494281618604));
#5398 = CARTESIAN_POINT('',(35.659643481202,186.22472493679,
    13.480595645549));
#5399 = CARTESIAN_POINT('',(35.642924718296,186.18342497318,
    13.466294021771));
#5400 = CARTESIAN_POINT('',(35.627431401396,186.14238670771,
    13.451424977346));
#5401 = CARTESIAN_POINT('',(35.590505860966,186.03727797404,
    13.41171861826));
#5402 = CARTESIAN_POINT('',(35.570838666439,185.97365572869,
    13.386103993119));
#5403 = CARTESIAN_POINT('',(35.553915696615,185.91085774019,
    13.35935047641));
#5404 = CARTESIAN_POINT('',(35.539551755426,185.84895032474,
    13.331601704397));
#5405 = CARTESIAN_POINT('',(35.52757496505,185.78797811345,
    13.302981349334));
#5406 = CARTESIAN_POINT('',(35.517827296955,185.72796477721,
    13.273593162976));
#5407 = CARTESIAN_POINT('',(35.510165102939,185.66891375142,
    13.243521020093));
#5408 = CARTESIAN_POINT('',(35.498685252369,185.55200211027,
    13.181766062414));
#5409 = CARTESIAN_POINT('',(35.494916611294,185.4941800325,
    13.150076418568));
#5410 = CARTESIAN_POINT('',(35.493020906118,185.43733560916,
    13.117831624921));
#5411 = CARTESIAN_POINT('',(35.49288055108,185.38146050511,
    13.085093961489));
#5412 = CARTESIAN_POINT('',(35.49439150725,185.32654451423,
    13.051916945217));
#5413 = CARTESIAN_POINT('',(35.497461598266,185.27257490521,
    13.018345881374));
#5414 = CARTESIAN_POINT('',(35.502008826094,185.21953576738,
    12.984418414948));
#5415 = CARTESIAN_POINT('',(35.513546470772,185.11846818815,
    12.91800738537));
#5416 = CARTESIAN_POINT('',(35.520370077864,185.07033566198,
    12.885564986305));
#5417 = CARTESIAN_POINT('',(35.528369898631,185.02299606566,
    12.852864583064));
#5418 = CARTESIAN_POINT('',(35.537491575332,184.97643691177,
    12.819930041139));
#5419 = CARTESIAN_POINT('',(35.547686371014,184.93064659304,
    12.786782543833));
#5420 = CARTESIAN_POINT('',(35.558910538622,184.88561403761,
    12.753440742801));
#5421 = CARTESIAN_POINT('',(35.571124690113,184.8413283642,
    12.71992090859));
#5422 = CARTESIAN_POINT('',(35.62827061748,184.65233949828,
    12.57374654225));
#5423 = CARTESIAN_POINT('',(35.682870226779,184.51517783046,
    12.459481560665));
#5424 = CARTESIAN_POINT('',(35.74678074206,184.38580041927,
    12.34390694514));
#5425 = CARTESIAN_POINT('',(35.819136883269,184.26398320882,
    12.227390737405));
#5426 = CARTESIAN_POINT('',(35.899293814645,184.14960388318,
    12.110236725645));
#5427 = CARTESIAN_POINT('',(35.986770852495,184.04260194403,
    11.992692533846));
#5428 = CARTESIAN_POINT('',(36.081270226593,183.94299959306,
    11.874949405779));
#5429 = CARTESIAN_POINT('',(36.290545975918,183.75296550029,
    11.631842668787));
#5430 = CARTESIAN_POINT('',(36.406094379623,183.66364809788,
    11.506631000922));
#5431 = CARTESIAN_POINT('',(36.529180391522,183.58304506286,
    11.381651214471));
#5432 = CARTESIAN_POINT('',(36.659796569427,183.51151635735,
    11.257131337268));
#5433 = CARTESIAN_POINT('',(36.797999274574,183.4496196392,
    11.133386638129));
#5434 = CARTESIAN_POINT('',(36.943983424389,183.39822193225,
    11.010846068807));
#5435 = CARTESIAN_POINT('',(37.098035263739,183.35843427136,
    10.890043550769));
#5436 = CARTESIAN_POINT('',(37.304899191088,183.32516790523,
    10.739840912684));
#5437 = CARTESIAN_POINT('',(37.349450217627,183.31909388343,
    10.708142385151));
#5438 = CARTESIAN_POINT('',(37.394651618826,183.31404647217,
    10.676647540038));
#5439 = CARTESIAN_POINT('',(37.440516173122,183.31006858953,
    10.645375981423));
#5440 = CARTESIAN_POINT('',(37.487056718687,183.3072082556,
    10.614350580959));
#5441 = CARTESIAN_POINT('',(37.534286664341,183.30551949477,
    10.583597749361));
#5442 = CARTESIAN_POINT('',(37.58222050047,183.30506323794,
    10.553147707885));
#5443 = CARTESIAN_POINT('',(37.67999454273,183.30676131233,
    10.492633131739));
#5444 = CARTESIAN_POINT('',(37.729843084896,183.30894048656,
    10.462578436046));
#5445 = CARTESIAN_POINT('',(37.780440246146,183.31251716075,
    10.432904040011));
#5446 = CARTESIAN_POINT('',(37.83180147962,183.31757072359,10.4036515599
    ));
#5447 = CARTESIAN_POINT('',(37.883938070435,183.32419024944,
    10.374871563433));
#5448 = CARTESIAN_POINT('',(37.93685782423,183.33247620847,
    10.346624272254));
#5449 = CARTESIAN_POINT('',(37.990565755721,183.3425421768,
    10.318980264401));
#5450 = CARTESIAN_POINT('',(38.106382007354,183.36798899382,
    10.26168931881));
#5451 = CARTESIAN_POINT('',(38.168669912244,183.38387074343,
    10.232239853863));
#5452 = CARTESIAN_POINT('',(38.231956436028,183.40234760481,
    10.203775894494));
#5453 = CARTESIAN_POINT('',(38.296224323226,183.42362626765,
    10.176442850659));
#5454 = CARTESIAN_POINT('',(38.3614091946,183.44792966265,
    10.150427068339));
#5455 = CARTESIAN_POINT('',(38.427396987902,183.47548997299,
    10.125953171974));
#5456 = CARTESIAN_POINT('',(38.494020763563,183.50653929673,
    10.103280110677));
#5457 = CARTESIAN_POINT('',(38.585268969898,183.55385208976,
    10.07526130853));
#5458 = CARTESIAN_POINT('',(38.609529796964,183.56688748973,
    10.068100758758));
#5459 = CARTESIAN_POINT('',(38.633826327003,183.58041285089,
    10.061228340811));
#5460 = CARTESIAN_POINT('',(38.658143430713,183.59443585376,
    10.054658840099));
#5461 = CARTESIAN_POINT('',(38.682463882882,183.60896278939,
    10.048407497654));
#5462 = CARTESIAN_POINT('',(38.706768366294,183.62399818021,
    10.042489762238));
#5463 = CARTESIAN_POINT('',(38.73103547563,183.63954440091,
    10.036921042455));
#5464 = CARTESIAN_POINT('',(38.768855609105,183.66463189484,
    10.028789337571));
#5465 = CARTESIAN_POINT('',(38.782450217372,183.67382396758,
    10.02597737825));
#5466 = CARTESIAN_POINT('',(38.79602129408,183.68317749016,
    10.023283317885));
#5467 = CARTESIAN_POINT('',(38.80956440673,183.69269212823,
    10.020709811394));
#5468 = CARTESIAN_POINT('',(38.823074942415,183.70236724052,
    10.018259431613));
#5469 = CARTESIAN_POINT('',(38.836548107818,183.71220187878,
    10.015934669293));
#5470 = CARTESIAN_POINT('',(38.849978929213,183.72219478788,
    10.013737933106));
#5471 = CARTESIAN_POINT('',(38.891272885047,183.75351121526,
    10.007362151396));
#5472 = CARTESIAN_POINT('',(38.918979281195,183.77536123904,
    10.003619242658));
#5473 = CARTESIAN_POINT('',(38.946431987593,183.79787786994,
    10.00046409293));
#5474 = CARTESIAN_POINT('',(38.973581254821,183.82103943591,
    9.997914885259));
#5475 = CARTESIAN_POINT('',(39.000377421097,183.84481868856,
    9.995986135547));
#5476 = CARTESIAN_POINT('',(39.026771296024,183.86918229162,
    9.994688111858));
#5477 = CARTESIAN_POINT('',(39.052714544334,183.89409030951,
    9.994026253736));
#5478 = CARTESIAN_POINT('',(39.106615114194,183.94790585419,
    9.993971894147));
#5479 = CARTESIAN_POINT('',(39.134452660932,183.97694291927,
    9.994738786418));
#5480 = CARTESIAN_POINT('',(39.161605777419,184.00654059053,
    9.996301681383));
#5481 = CARTESIAN_POINT('',(39.188019066352,184.03663089762,
    9.998652436743));
#5482 = CARTESIAN_POINT('',(39.213647699993,184.06714488327,
    10.001775424179));
#5483 = CARTESIAN_POINT('',(39.238456454624,184.09801328604,
    10.005648598689));
#5484 = CARTESIAN_POINT('',(39.262418744996,184.12916722318,
    10.010244567926));
#5485 = CARTESIAN_POINT('',(39.297006049568,184.17614582954,
    10.018161916471));
#5486 = CARTESIAN_POINT('',(39.308282930967,184.19180764692,
    10.020963421186));
#5487 = CARTESIAN_POINT('',(39.319344486276,184.20751655203,
    10.023932317205));
#5488 = CARTESIAN_POINT('',(39.330189407962,184.22326512738,
    10.02706464659));
#5489 = CARTESIAN_POINT('',(39.340816897652,184.23904631146,
    10.030356351924));
#5490 = CARTESIAN_POINT('',(39.35122666614,184.25485339877,
    10.033803276321));
#5491 = CARTESIAN_POINT('',(39.361418933381,184.27068003978,
    10.037401163419));
#5492 = CARTESIAN_POINT('',(39.390711071208,184.31719335584,
    10.048396530768));
#5493 = CARTESIAN_POINT('',(39.409214175421,184.34791662876,
    10.056197151692));
#5494 = CARTESIAN_POINT('',(39.426909342532,184.3786480094,
    10.064516639489));
#5495 = CARTESIAN_POINT('',(39.443807172425,184.40935044732,
    10.073324112785));
#5496 = CARTESIAN_POINT('',(39.459922302188,184.43999183287,
    10.082589272676));
#5497 = CARTESIAN_POINT('',(39.47527244484,184.47054493812,
    10.092282985908));
#5498 = CARTESIAN_POINT('',(39.489877428049,184.50098735783,
    10.102377868052));
#5499 = CARTESIAN_POINT('',(39.558513656957,184.65088104356,
    10.154153674203));
#5500 = CARTESIAN_POINT('',(39.601838341202,184.76810596666,
    10.201186348657));
#5501 = CARTESIAN_POINT('',(39.635396641429,184.88247328965,
    10.252539095673));
#5502 = CARTESIAN_POINT('',(39.660438180523,184.99361714838,
    10.307161163998));
#5503 = CARTESIAN_POINT('',(39.678039747841,185.10137278788,
    10.364247334192));
#5504 = CARTESIAN_POINT('',(39.689125053375,185.20577862626,
    10.42322478177));
#5505 = CARTESIAN_POINT('',(39.694408408978,185.3070541675,
    10.483771134594));
#5506 = CARTESIAN_POINT('',(39.694408408978,185.40559159102,
    10.54579654436));
#5507 = CONICAL_SURFACE('',#5508,38.,0.860525319308);
#5508 = AXIS2_PLACEMENT_3D('',#5509,#5510,#5511);
#5509 = CARTESIAN_POINT('',(68.,155.,7.5));
#5510 = DIRECTION('',(0.,0.,1.));
#5511 = DIRECTION('',(1.,0.,0.));
#5512 = ADVANCED_FACE('',(#5513),#5524,.F.);
#5513 = FACE_BOUND('',#5514,.F.);
#5514 = EDGE_LOOP('',(#5515,#5521,#5522,#5523));
#5515 = ORIENTED_EDGE('',*,*,#5516,.T.);
#5516 = EDGE_CURVE('',#4624,#4427,#5517,.T.);
#5517 = LINE('',#5518,#5519);
#5518 = CARTESIAN_POINT('',(117.1,205.,3.));
#5519 = VECTOR('',#5520,1.);
#5520 = DIRECTION('',(0.,0.,1.));
#5521 = ORIENTED_EDGE('',*,*,#4426,.F.);
#5522 = ORIENTED_EDGE('',*,*,#5516,.F.);
#5523 = ORIENTED_EDGE('',*,*,#4623,.T.);
#5524 = CYLINDRICAL_SURFACE('',#5525,2.1);
#5525 = AXIS2_PLACEMENT_3D('',#5526,#5527,#5528);
#5526 = CARTESIAN_POINT('',(115.,205.,3.));
#5527 = DIRECTION('',(0.,0.,1.));
#5528 = DIRECTION('',(1.,0.,0.));
#5529 = ADVANCED_FACE('',(#5530,#5533,#5544,#5555,#5566,#5569),#5580,.F.
  );
#5530 = FACE_BOUND('',#5531,.F.);
#5531 = EDGE_LOOP('',(#5532));
#5532 = ORIENTED_EDGE('',*,*,#4606,.T.);
#5533 = FACE_BOUND('',#5534,.F.);
#5534 = EDGE_LOOP('',(#5535));
#5535 = ORIENTED_EDGE('',*,*,#5536,.F.);
#5536 = EDGE_CURVE('',#5537,#5537,#5539,.T.);
#5537 = VERTEX_POINT('',#5538);
#5538 = CARTESIAN_POINT('',(39.694408408978,124.59440840897,7.55));
#5539 = CIRCLE('',#5540,2.1);
#5540 = AXIS2_PLACEMENT_3D('',#5541,#5542,#5543);
#5541 = CARTESIAN_POINT('',(37.594408408978,124.59440840897,7.55));
#5542 = DIRECTION('',(0.,0.,1.));
#5543 = DIRECTION('',(1.,0.,0.));
#5544 = FACE_BOUND('',#5545,.F.);
#5545 = EDGE_LOOP('',(#5546));
#5546 = ORIENTED_EDGE('',*,*,#5547,.F.);
#5547 = EDGE_CURVE('',#5548,#5548,#5550,.T.);
#5548 = VERTEX_POINT('',#5549);
#5549 = CARTESIAN_POINT('',(100.50559159102,124.59440840897,7.55));
#5550 = CIRCLE('',#5551,2.1);
#5551 = AXIS2_PLACEMENT_3D('',#5552,#5553,#5554);
#5552 = CARTESIAN_POINT('',(98.405591591022,124.59440840897,7.55));
#5553 = DIRECTION('',(0.,0.,1.));
#5554 = DIRECTION('',(1.,0.,0.));
#5555 = FACE_BOUND('',#5556,.F.);
#5556 = EDGE_LOOP('',(#5557));
#5557 = ORIENTED_EDGE('',*,*,#5558,.F.);
#5558 = EDGE_CURVE('',#5559,#5559,#5561,.T.);
#5559 = VERTEX_POINT('',#5560);
#5560 = CARTESIAN_POINT('',(39.694408408978,185.40559159102,7.55));
#5561 = CIRCLE('',#5562,2.1);
#5562 = AXIS2_PLACEMENT_3D('',#5563,#5564,#5565);
#5563 = CARTESIAN_POINT('',(37.594408408978,185.40559159102,7.55));
#5564 = DIRECTION('',(0.,0.,1.));
#5565 = DIRECTION('',(1.,0.,0.));
#5566 = FACE_BOUND('',#5567,.F.);
#5567 = EDGE_LOOP('',(#5568));
#5568 = ORIENTED_EDGE('',*,*,#4699,.F.);
#5569 = FACE_BOUND('',#5570,.F.);
#5570 = EDGE_LOOP('',(#5571));
#5571 = ORIENTED_EDGE('',*,*,#5572,.F.);
#5572 = EDGE_CURVE('',#5573,#5573,#5575,.T.);
#5573 = VERTEX_POINT('',#5574);
#5574 = CARTESIAN_POINT('',(100.50559159102,185.40559159102,7.55));
#5575 = CIRCLE('',#5576,2.1);
#5576 = AXIS2_PLACEMENT_3D('',#5577,#5578,#5579);
#5577 = CARTESIAN_POINT('',(98.405591591022,185.40559159102,7.55));
#5578 = DIRECTION('',(0.,0.,1.));
#5579 = DIRECTION('',(1.,0.,0.));
#5580 = PLANE('',#5581);
#5581 = AXIS2_PLACEMENT_3D('',#5582,#5583,#5584);
#5582 = CARTESIAN_POINT('',(68.,155.,7.55));
#5583 = DIRECTION('',(0.,0.,1.));
#5584 = DIRECTION('',(1.,0.,0.));
#5585 = ADVANCED_FACE('',(#5586),#5597,.F.);
#5586 = FACE_BOUND('',#5587,.F.);
#5587 = EDGE_LOOP('',(#5588,#5589,#5595,#5596));
#5588 = ORIENTED_EDGE('',*,*,#4718,.F.);
#5589 = ORIENTED_EDGE('',*,*,#5590,.F.);
#5590 = EDGE_CURVE('',#5537,#4719,#5591,.T.);
#5591 = LINE('',#5592,#5593);
#5592 = CARTESIAN_POINT('',(39.694408408978,124.59440840897,3.));
#5593 = VECTOR('',#5594,1.);
#5594 = DIRECTION('',(0.,0.,1.));
#5595 = ORIENTED_EDGE('',*,*,#5536,.T.);
#5596 = ORIENTED_EDGE('',*,*,#5590,.T.);
#5597 = CYLINDRICAL_SURFACE('',#5598,2.1);
#5598 = AXIS2_PLACEMENT_3D('',#5599,#5600,#5601);
#5599 = CARTESIAN_POINT('',(37.594408408978,124.59440840897,3.));
#5600 = DIRECTION('',(0.,0.,1.));
#5601 = DIRECTION('',(1.,0.,0.));
#5602 = ADVANCED_FACE('',(#5603),#5614,.F.);
#5603 = FACE_BOUND('',#5604,.F.);
#5604 = EDGE_LOOP('',(#5605,#5606,#5612,#5613));
#5605 = ORIENTED_EDGE('',*,*,#4916,.F.);
#5606 = ORIENTED_EDGE('',*,*,#5607,.F.);
#5607 = EDGE_CURVE('',#5548,#4917,#5608,.T.);
#5608 = LINE('',#5609,#5610);
#5609 = CARTESIAN_POINT('',(100.50559159102,124.59440840897,3.));
#5610 = VECTOR('',#5611,1.);
#5611 = DIRECTION('',(0.,0.,1.));
#5612 = ORIENTED_EDGE('',*,*,#5547,.T.);
#5613 = ORIENTED_EDGE('',*,*,#5607,.T.);
#5614 = CYLINDRICAL_SURFACE('',#5615,2.1);
#5615 = AXIS2_PLACEMENT_3D('',#5616,#5617,#5618);
#5616 = CARTESIAN_POINT('',(98.405591591022,124.59440840897,3.));
#5617 = DIRECTION('',(0.,0.,1.));
#5618 = DIRECTION('',(1.,0.,0.));
#5619 = ADVANCED_FACE('',(#5620),#5631,.F.);
#5620 = FACE_BOUND('',#5621,.F.);
#5621 = EDGE_LOOP('',(#5622,#5623,#5629,#5630));
#5622 = ORIENTED_EDGE('',*,*,#5114,.F.);
#5623 = ORIENTED_EDGE('',*,*,#5624,.F.);
#5624 = EDGE_CURVE('',#5573,#5115,#5625,.T.);
#5625 = LINE('',#5626,#5627);
#5626 = CARTESIAN_POINT('',(100.50559159102,185.40559159102,3.));
#5627 = VECTOR('',#5628,1.);
#5628 = DIRECTION('',(0.,0.,1.));
#5629 = ORIENTED_EDGE('',*,*,#5572,.T.);
#5630 = ORIENTED_EDGE('',*,*,#5624,.T.);
#5631 = CYLINDRICAL_SURFACE('',#5632,2.1);
#5632 = AXIS2_PLACEMENT_3D('',#5633,#5634,#5635);
#5633 = CARTESIAN_POINT('',(98.405591591022,185.40559159102,3.));
#5634 = DIRECTION('',(0.,0.,1.));
#5635 = DIRECTION('',(1.,0.,0.));
#5636 = ADVANCED_FACE('',(#5637),#5648,.F.);
#5637 = FACE_BOUND('',#5638,.F.);
#5638 = EDGE_LOOP('',(#5639,#5640,#5646,#5647));
#5639 = ORIENTED_EDGE('',*,*,#5312,.F.);
#5640 = ORIENTED_EDGE('',*,*,#5641,.F.);
#5641 = EDGE_CURVE('',#5559,#5313,#5642,.T.);
#5642 = LINE('',#5643,#5644);
#5643 = CARTESIAN_POINT('',(39.694408408978,185.40559159102,3.));
#5644 = VECTOR('',#5645,1.);
#5645 = DIRECTION('',(0.,0.,1.));
#5646 = ORIENTED_EDGE('',*,*,#5558,.T.);
#5647 = ORIENTED_EDGE('',*,*,#5641,.T.);
#5648 = CYLINDRICAL_SURFACE('',#5649,2.1);
#5649 = AXIS2_PLACEMENT_3D('',#5650,#5651,#5652);
#5650 = CARTESIAN_POINT('',(37.594408408978,185.40559159102,3.));
#5651 = DIRECTION('',(0.,0.,1.));
#5652 = DIRECTION('',(1.,0.,0.));
#5653 = MANIFOLD_SOLID_BREP('',#5654);
#5654 = CLOSED_SHELL('',(#5655,#5695,#5728,#5761,#5867,#6006,#6023,#6040
    ,#6057,#6074,#6086,#6111,#6136,#6161,#6186,#6211,#6228,#6253,#6270,
    #6295,#6320,#6337,#6362,#6379));
#5655 = ADVANCED_FACE('',(#5656),#5690,.F.);
#5656 = FACE_BOUND('',#5657,.F.);
#5657 = EDGE_LOOP('',(#5658,#5668,#5676,#5684));
#5658 = ORIENTED_EDGE('',*,*,#5659,.T.);
#5659 = EDGE_CURVE('',#5660,#5662,#5664,.T.);
#5660 = VERTEX_POINT('',#5661);
#5661 = CARTESIAN_POINT('',(16.,12.,4.));
#5662 = VERTEX_POINT('',#5663);
#5663 = CARTESIAN_POINT('',(16.,12.,16.));
#5664 = LINE('',#5665,#5666);
#5665 = CARTESIAN_POINT('',(16.,12.,4.));
#5666 = VECTOR('',#5667,1.);
#5667 = DIRECTION('',(0.,0.,1.));
#5668 = ORIENTED_EDGE('',*,*,#5669,.T.);
#5669 = EDGE_CURVE('',#5662,#5670,#5672,.T.);
#5670 = VERTEX_POINT('',#5671);
#5671 = CARTESIAN_POINT('',(120.,12.,16.));
#5672 = LINE('',#5673,#5674);
#5673 = CARTESIAN_POINT('',(16.,12.,16.));
#5674 = VECTOR('',#5675,1.);
#5675 = DIRECTION('',(1.,0.,0.));
#5676 = ORIENTED_EDGE('',*,*,#5677,.F.);
#5677 = EDGE_CURVE('',#5678,#5670,#5680,.T.);
#5678 = VERTEX_POINT('',#5679);
#5679 = CARTESIAN_POINT('',(120.,12.,4.));
#5680 = LINE('',#5681,#5682);
#5681 = CARTESIAN_POINT('',(120.,12.,4.));
#5682 = VECTOR('',#5683,1.);
#5683 = DIRECTION('',(0.,0.,1.));
#5684 = ORIENTED_EDGE('',*,*,#5685,.F.);
#5685 = EDGE_CURVE('',#5660,#5678,#5686,.T.);
#5686 = LINE('',#5687,#5688);
#5687 = CARTESIAN_POINT('',(16.,12.,4.));
#5688 = VECTOR('',#5689,1.);
#5689 = DIRECTION('',(1.,0.,0.));
#5690 = PLANE('',#5691);
#5691 = AXIS2_PLACEMENT_3D('',#5692,#5693,#5694);
#5692 = CARTESIAN_POINT('',(16.,12.,4.));
#5693 = DIRECTION('',(0.,1.,0.));
#5694 = DIRECTION('',(1.,0.,0.));
#5695 = ADVANCED_FACE('',(#5696),#5723,.T.);
#5696 = FACE_BOUND('',#5697,.F.);
#5697 = EDGE_LOOP('',(#5698,#5708,#5715,#5716));
#5698 = ORIENTED_EDGE('',*,*,#5699,.T.);
#5699 = EDGE_CURVE('',#5700,#5702,#5704,.T.);
#5700 = VERTEX_POINT('',#5701);
#5701 = CARTESIAN_POINT('',(12.,16.,4.));
#5702 = VERTEX_POINT('',#5703);
#5703 = CARTESIAN_POINT('',(12.,16.,16.));
#5704 = LINE('',#5705,#5706);
#5705 = CARTESIAN_POINT('',(12.,16.,4.));
#5706 = VECTOR('',#5707,1.);
#5707 = DIRECTION('',(0.,0.,1.));
#5708 = ORIENTED_EDGE('',*,*,#5709,.T.);
#5709 = EDGE_CURVE('',#5702,#5662,#5710,.T.);
#5710 = CIRCLE('',#5711,4.);
#5711 = AXIS2_PLACEMENT_3D('',#5712,#5713,#5714);
#5712 = CARTESIAN_POINT('',(16.,16.,16.));
#5713 = DIRECTION('',(0.,0.,1.));
#5714 = DIRECTION('',(-1.,0.,0.));
#5715 = ORIENTED_EDGE('',*,*,#5659,.F.);
#5716 = ORIENTED_EDGE('',*,*,#5717,.F.);
#5717 = EDGE_CURVE('',#5700,#5660,#5718,.T.);
#5718 = CIRCLE('',#5719,4.);
#5719 = AXIS2_PLACEMENT_3D('',#5720,#5721,#5722);
#5720 = CARTESIAN_POINT('',(16.,16.,4.));
#5721 = DIRECTION('',(0.,0.,1.));
#5722 = DIRECTION('',(-1.,0.,0.));
#5723 = CYLINDRICAL_SURFACE('',#5724,4.);
#5724 = AXIS2_PLACEMENT_3D('',#5725,#5726,#5727);
#5725 = CARTESIAN_POINT('',(16.,16.,4.));
#5726 = DIRECTION('',(-0.,-0.,-1.));
#5727 = DIRECTION('',(-1.,0.,0.));
#5728 = ADVANCED_FACE('',(#5729),#5756,.T.);
#5729 = FACE_BOUND('',#5730,.F.);
#5730 = EDGE_LOOP('',(#5731,#5732,#5741,#5749));
#5731 = ORIENTED_EDGE('',*,*,#5677,.T.);
#5732 = ORIENTED_EDGE('',*,*,#5733,.T.);
#5733 = EDGE_CURVE('',#5670,#5734,#5736,.T.);
#5734 = VERTEX_POINT('',#5735);
#5735 = CARTESIAN_POINT('',(124.,16.,16.));
#5736 = CIRCLE('',#5737,4.);
#5737 = AXIS2_PLACEMENT_3D('',#5738,#5739,#5740);
#5738 = CARTESIAN_POINT('',(120.,16.,16.));
#5739 = DIRECTION('',(-0.,0.,1.));
#5740 = DIRECTION('',(0.,-1.,0.));
#5741 = ORIENTED_EDGE('',*,*,#5742,.F.);
#5742 = EDGE_CURVE('',#5743,#5734,#5745,.T.);
#5743 = VERTEX_POINT('',#5744);
#5744 = CARTESIAN_POINT('',(124.,16.,4.));
#5745 = LINE('',#5746,#5747);
#5746 = CARTESIAN_POINT('',(124.,16.,4.));
#5747 = VECTOR('',#5748,1.);
#5748 = DIRECTION('',(0.,0.,1.));
#5749 = ORIENTED_EDGE('',*,*,#5750,.F.);
#5750 = EDGE_CURVE('',#5678,#5743,#5751,.T.);
#5751 = CIRCLE('',#5752,4.);
#5752 = AXIS2_PLACEMENT_3D('',#5753,#5754,#5755);
#5753 = CARTESIAN_POINT('',(120.,16.,4.));
#5754 = DIRECTION('',(-0.,0.,1.));
#5755 = DIRECTION('',(0.,-1.,0.));
#5756 = CYLINDRICAL_SURFACE('',#5757,4.);
#5757 = AXIS2_PLACEMENT_3D('',#5758,#5759,#5760);
#5758 = CARTESIAN_POINT('',(120.,16.,4.));
#5759 = DIRECTION('',(-0.,-0.,-1.));
#5760 = DIRECTION('',(0.,-1.,0.));
#5761 = ADVANCED_FACE('',(#5762,#5807,#5818,#5829,#5840,#5851),#5862,.F.
  );
#5762 = FACE_BOUND('',#5763,.F.);
#5763 = EDGE_LOOP('',(#5764,#5765,#5766,#5774,#5783,#5791,#5800,#5806));
#5764 = ORIENTED_EDGE('',*,*,#5685,.T.);
#5765 = ORIENTED_EDGE('',*,*,#5750,.T.);
#5766 = ORIENTED_EDGE('',*,*,#5767,.T.);
#5767 = EDGE_CURVE('',#5743,#5768,#5770,.T.);
#5768 = VERTEX_POINT('',#5769);
#5769 = CARTESIAN_POINT('',(124.,81.5,4.));
#5770 = LINE('',#5771,#5772);
#5771 = CARTESIAN_POINT('',(124.,16.,4.));
#5772 = VECTOR('',#5773,1.);
#5773 = DIRECTION('',(0.,1.,0.));
#5774 = ORIENTED_EDGE('',*,*,#5775,.T.);
#5775 = EDGE_CURVE('',#5768,#5776,#5778,.T.);
#5776 = VERTEX_POINT('',#5777);
#5777 = CARTESIAN_POINT('',(123.5,82.,4.));
#5778 = CIRCLE('',#5779,0.5);
#5779 = AXIS2_PLACEMENT_3D('',#5780,#5781,#5782);
#5780 = CARTESIAN_POINT('',(123.5,81.5,4.));
#5781 = DIRECTION('',(-0.,0.,1.));
#5782 = DIRECTION('',(1.,-1.42108547152E-14,0.));
#5783 = ORIENTED_EDGE('',*,*,#5784,.T.);
#5784 = EDGE_CURVE('',#5776,#5785,#5787,.T.);
#5785 = VERTEX_POINT('',#5786);
#5786 = CARTESIAN_POINT('',(12.5,82.,4.));
#5787 = LINE('',#5788,#5789);
#5788 = CARTESIAN_POINT('',(123.5,82.,4.));
#5789 = VECTOR('',#5790,1.);
#5790 = DIRECTION('',(-1.,0.,0.));
#5791 = ORIENTED_EDGE('',*,*,#5792,.T.);
#5792 = EDGE_CURVE('',#5785,#5793,#5795,.T.);
#5793 = VERTEX_POINT('',#5794);
#5794 = CARTESIAN_POINT('',(12.,81.5,4.));
#5795 = CIRCLE('',#5796,0.5);
#5796 = AXIS2_PLACEMENT_3D('',#5797,#5798,#5799);
#5797 = CARTESIAN_POINT('',(12.5,81.5,4.));
#5798 = DIRECTION('',(0.,-0.,1.));
#5799 = DIRECTION('',(1.42108547152E-14,1.,0.));
#5800 = ORIENTED_EDGE('',*,*,#5801,.T.);
#5801 = EDGE_CURVE('',#5793,#5700,#5802,.T.);
#5802 = LINE('',#5803,#5804);
#5803 = CARTESIAN_POINT('',(12.,81.5,4.));
#5804 = VECTOR('',#5805,1.);
#5805 = DIRECTION('',(0.,-1.,0.));
#5806 = ORIENTED_EDGE('',*,*,#5717,.T.);
#5807 = FACE_BOUND('',#5808,.F.);
#5808 = EDGE_LOOP('',(#5809));
#5809 = ORIENTED_EDGE('',*,*,#5810,.F.);
#5810 = EDGE_CURVE('',#5811,#5811,#5813,.T.);
#5811 = VERTEX_POINT('',#5812);
#5812 = CARTESIAN_POINT('',(25.25,24.,4.));
#5813 = CIRCLE('',#5814,4.25);
#5814 = AXIS2_PLACEMENT_3D('',#5815,#5816,#5817);
#5815 = CARTESIAN_POINT('',(21.,24.,4.));
#5816 = DIRECTION('',(0.,0.,1.));
#5817 = DIRECTION('',(1.,0.,0.));
#5818 = FACE_BOUND('',#5819,.F.);
#5819 = EDGE_LOOP('',(#5820));
#5820 = ORIENTED_EDGE('',*,*,#5821,.F.);
#5821 = EDGE_CURVE('',#5822,#5822,#5824,.T.);
#5822 = VERTEX_POINT('',#5823);
#5823 = CARTESIAN_POINT('',(119.25,24.,4.));
#5824 = CIRCLE('',#5825,4.25);
#5825 = AXIS2_PLACEMENT_3D('',#5826,#5827,#5828);
#5826 = CARTESIAN_POINT('',(115.,24.,4.));
#5827 = DIRECTION('',(0.,0.,1.));
#5828 = DIRECTION('',(1.,0.,0.));
#5829 = FACE_BOUND('',#5830,.F.);
#5830 = EDGE_LOOP('',(#5831));
#5831 = ORIENTED_EDGE('',*,*,#5832,.F.);
#5832 = EDGE_CURVE('',#5833,#5833,#5835,.T.);
#5833 = VERTEX_POINT('',#5834);
#5834 = CARTESIAN_POINT('',(94.5,47.,4.));
#5835 = CIRCLE('',#5836,26.5);
#5836 = AXIS2_PLACEMENT_3D('',#5837,#5838,#5839);
#5837 = CARTESIAN_POINT('',(68.,47.,4.));
#5838 = DIRECTION('',(0.,0.,1.));
#5839 = DIRECTION('',(1.,0.,0.));
#5840 = FACE_BOUND('',#5841,.F.);
#5841 = EDGE_LOOP('',(#5842));
#5842 = ORIENTED_EDGE('',*,*,#5843,.F.);
#5843 = EDGE_CURVE('',#5844,#5844,#5846,.T.);
#5844 = VERTEX_POINT('',#5845);
#5845 = CARTESIAN_POINT('',(25.25,72.,4.));
#5846 = CIRCLE('',#5847,4.25);
#5847 = AXIS2_PLACEMENT_3D('',#5848,#5849,#5850);
#5848 = CARTESIAN_POINT('',(21.,72.,4.));
#5849 = DIRECTION('',(0.,0.,1.));
#5850 = DIRECTION('',(1.,0.,0.));
#5851 = FACE_BOUND('',#5852,.F.);
#5852 = EDGE_LOOP('',(#5853));
#5853 = ORIENTED_EDGE('',*,*,#5854,.F.);
#5854 = EDGE_CURVE('',#5855,#5855,#5857,.T.);
#5855 = VERTEX_POINT('',#5856);
#5856 = CARTESIAN_POINT('',(119.25,72.,4.));
#5857 = CIRCLE('',#5858,4.25);
#5858 = AXIS2_PLACEMENT_3D('',#5859,#5860,#5861);
#5859 = CARTESIAN_POINT('',(115.,72.,4.));
#5860 = DIRECTION('',(0.,0.,1.));
#5861 = DIRECTION('',(1.,0.,0.));
#5862 = PLANE('',#5863);
#5863 = AXIS2_PLACEMENT_3D('',#5864,#5865,#5866);
#5864 = CARTESIAN_POINT('',(68.,47.311898761159,4.));
#5865 = DIRECTION('',(0.,0.,1.));
#5866 = DIRECTION('',(1.,0.,0.));
#5867 = ADVANCED_FACE('',(#5868,#5913,#5924,#5935,#5946,#5957,#5968,
    #5979,#5990),#6001,.T.);
#5868 = FACE_BOUND('',#5869,.T.);
#5869 = EDGE_LOOP('',(#5870,#5871,#5872,#5880,#5889,#5897,#5906,#5912));
#5870 = ORIENTED_EDGE('',*,*,#5669,.T.);
#5871 = ORIENTED_EDGE('',*,*,#5733,.T.);
#5872 = ORIENTED_EDGE('',*,*,#5873,.T.);
#5873 = EDGE_CURVE('',#5734,#5874,#5876,.T.);
#5874 = VERTEX_POINT('',#5875);
#5875 = CARTESIAN_POINT('',(124.,81.5,16.));
#5876 = LINE('',#5877,#5878);
#5877 = CARTESIAN_POINT('',(124.,16.,16.));
#5878 = VECTOR('',#5879,1.);
#5879 = DIRECTION('',(0.,1.,0.));
#5880 = ORIENTED_EDGE('',*,*,#5881,.T.);
#5881 = EDGE_CURVE('',#5874,#5882,#5884,.T.);
#5882 = VERTEX_POINT('',#5883);
#5883 = CARTESIAN_POINT('',(123.5,82.,16.));
#5884 = CIRCLE('',#5885,0.5);
#5885 = AXIS2_PLACEMENT_3D('',#5886,#5887,#5888);
#5886 = CARTESIAN_POINT('',(123.5,81.5,16.));
#5887 = DIRECTION('',(-0.,0.,1.));
#5888 = DIRECTION('',(1.,-1.42108547152E-14,0.));
#5889 = ORIENTED_EDGE('',*,*,#5890,.T.);
#5890 = EDGE_CURVE('',#5882,#5891,#5893,.T.);
#5891 = VERTEX_POINT('',#5892);
#5892 = CARTESIAN_POINT('',(12.5,82.,16.));
#5893 = LINE('',#5894,#5895);
#5894 = CARTESIAN_POINT('',(123.5,82.,16.));
#5895 = VECTOR('',#5896,1.);
#5896 = DIRECTION('',(-1.,0.,0.));
#5897 = ORIENTED_EDGE('',*,*,#5898,.T.);
#5898 = EDGE_CURVE('',#5891,#5899,#5901,.T.);
#5899 = VERTEX_POINT('',#5900);
#5900 = CARTESIAN_POINT('',(12.,81.5,16.));
#5901 = CIRCLE('',#5902,0.5);
#5902 = AXIS2_PLACEMENT_3D('',#5903,#5904,#5905);
#5903 = CARTESIAN_POINT('',(12.5,81.5,16.));
#5904 = DIRECTION('',(0.,-0.,1.));
#5905 = DIRECTION('',(1.42108547152E-14,1.,0.));
#5906 = ORIENTED_EDGE('',*,*,#5907,.T.);
#5907 = EDGE_CURVE('',#5899,#5702,#5908,.T.);
#5908 = LINE('',#5909,#5910);
#5909 = CARTESIAN_POINT('',(12.,81.5,16.));
#5910 = VECTOR('',#5911,1.);
#5911 = DIRECTION('',(0.,-1.,0.));
#5912 = ORIENTED_EDGE('',*,*,#5709,.T.);
#5913 = FACE_BOUND('',#5914,.T.);
#5914 = EDGE_LOOP('',(#5915));
#5915 = ORIENTED_EDGE('',*,*,#5916,.F.);
#5916 = EDGE_CURVE('',#5917,#5917,#5919,.T.);
#5917 = VERTEX_POINT('',#5918);
#5918 = CARTESIAN_POINT('',(23.1,24.,16.));
#5919 = CIRCLE('',#5920,2.1);
#5920 = AXIS2_PLACEMENT_3D('',#5921,#5922,#5923);
#5921 = CARTESIAN_POINT('',(21.,24.,16.));
#5922 = DIRECTION('',(0.,0.,1.));
#5923 = DIRECTION('',(1.,0.,0.));
#5924 = FACE_BOUND('',#5925,.T.);
#5925 = EDGE_LOOP('',(#5926));
#5926 = ORIENTED_EDGE('',*,*,#5927,.F.);
#5927 = EDGE_CURVE('',#5928,#5928,#5930,.T.);
#5928 = VERTEX_POINT('',#5929);
#5929 = CARTESIAN_POINT('',(57.85,26.648403011066,16.));
#5930 = CIRCLE('',#5931,1.6);
#5931 = AXIS2_PLACEMENT_3D('',#5932,#5933,#5934);
#5932 = CARTESIAN_POINT('',(56.25,26.648403011066,16.));
#5933 = DIRECTION('',(0.,0.,1.));
#5934 = DIRECTION('',(1.,0.,0.));
#5935 = FACE_BOUND('',#5936,.T.);
#5936 = EDGE_LOOP('',(#5937));
#5937 = ORIENTED_EDGE('',*,*,#5938,.F.);
#5938 = EDGE_CURVE('',#5939,#5939,#5941,.T.);
#5939 = VERTEX_POINT('',#5940);
#5940 = CARTESIAN_POINT('',(117.1,24.,16.));
#5941 = CIRCLE('',#5942,2.1);
#5942 = AXIS2_PLACEMENT_3D('',#5943,#5944,#5945);
#5943 = CARTESIAN_POINT('',(115.,24.,16.));
#5944 = DIRECTION('',(0.,0.,1.));
#5945 = DIRECTION('',(1.,0.,0.));
#5946 = FACE_BOUND('',#5947,.T.);
#5947 = EDGE_LOOP('',(#5948));
#5948 = ORIENTED_EDGE('',*,*,#5949,.F.);
#5949 = EDGE_CURVE('',#5950,#5950,#5952,.T.);
#5950 = VERTEX_POINT('',#5951);
#5951 = CARTESIAN_POINT('',(88.75,47.,16.));
#5952 = CIRCLE('',#5953,20.75);
#5953 = AXIS2_PLACEMENT_3D('',#5954,#5955,#5956);
#5954 = CARTESIAN_POINT('',(68.,47.,16.));
#5955 = DIRECTION('',(0.,0.,1.));
#5956 = DIRECTION('',(1.,0.,0.));
#5957 = FACE_BOUND('',#5958,.T.);
#5958 = EDGE_LOOP('',(#5959));
#5959 = ORIENTED_EDGE('',*,*,#5960,.F.);
#5960 = EDGE_CURVE('',#5961,#5961,#5963,.T.);
#5961 = VERTEX_POINT('',#5962);
#5962 = CARTESIAN_POINT('',(93.1,47.,16.));
#5963 = CIRCLE('',#5964,1.6);
#5964 = AXIS2_PLACEMENT_3D('',#5965,#5966,#5967);
#5965 = CARTESIAN_POINT('',(91.5,47.,16.));
#5966 = DIRECTION('',(0.,0.,1.));
#5967 = DIRECTION('',(1.,0.,0.));
#5968 = FACE_BOUND('',#5969,.T.);
#5969 = EDGE_LOOP('',(#5970));
#5970 = ORIENTED_EDGE('',*,*,#5971,.F.);
#5971 = EDGE_CURVE('',#5972,#5972,#5974,.T.);
#5972 = VERTEX_POINT('',#5973);
#5973 = CARTESIAN_POINT('',(23.1,72.,16.));
#5974 = CIRCLE('',#5975,2.1);
#5975 = AXIS2_PLACEMENT_3D('',#5976,#5977,#5978);
#5976 = CARTESIAN_POINT('',(21.,72.,16.));
#5977 = DIRECTION('',(0.,0.,1.));
#5978 = DIRECTION('',(1.,0.,0.));
#5979 = FACE_BOUND('',#5980,.T.);
#5980 = EDGE_LOOP('',(#5981));
#5981 = ORIENTED_EDGE('',*,*,#5982,.F.);
#5982 = EDGE_CURVE('',#5983,#5983,#5985,.T.);
#5983 = VERTEX_POINT('',#5984);
#5984 = CARTESIAN_POINT('',(57.85,67.351596988934,16.));
#5985 = CIRCLE('',#5986,1.6);
#5986 = AXIS2_PLACEMENT_3D('',#5987,#5988,#5989);
#5987 = CARTESIAN_POINT('',(56.25,67.351596988934,16.));
#5988 = DIRECTION('',(0.,0.,1.));
#5989 = DIRECTION('',(1.,0.,0.));
#5990 = FACE_BOUND('',#5991,.T.);
#5991 = EDGE_LOOP('',(#5992));
#5992 = ORIENTED_EDGE('',*,*,#5993,.F.);
#5993 = EDGE_CURVE('',#5994,#5994,#5996,.T.);
#5994 = VERTEX_POINT('',#5995);
#5995 = CARTESIAN_POINT('',(117.1,72.,16.));
#5996 = CIRCLE('',#5997,2.1);
#5997 = AXIS2_PLACEMENT_3D('',#5998,#5999,#6000);
#5998 = CARTESIAN_POINT('',(115.,72.,16.));
#5999 = DIRECTION('',(0.,0.,1.));
#6000 = DIRECTION('',(1.,0.,0.));
#6001 = PLANE('',#6002);
#6002 = AXIS2_PLACEMENT_3D('',#6003,#6004,#6005);
#6003 = CARTESIAN_POINT('',(68.,47.311898761159,16.));
#6004 = DIRECTION('',(0.,0.,1.));
#6005 = DIRECTION('',(1.,0.,0.));
#6006 = ADVANCED_FACE('',(#6007),#6018,.F.);
#6007 = FACE_BOUND('',#6008,.F.);
#6008 = EDGE_LOOP('',(#6009,#6015,#6016,#6017));
#6009 = ORIENTED_EDGE('',*,*,#6010,.T.);
#6010 = EDGE_CURVE('',#5793,#5899,#6011,.T.);
#6011 = LINE('',#6012,#6013);
#6012 = CARTESIAN_POINT('',(12.,81.5,4.));
#6013 = VECTOR('',#6014,1.);
#6014 = DIRECTION('',(0.,0.,1.));
#6015 = ORIENTED_EDGE('',*,*,#5907,.T.);
#6016 = ORIENTED_EDGE('',*,*,#5699,.F.);
#6017 = ORIENTED_EDGE('',*,*,#5801,.F.);
#6018 = PLANE('',#6019);
#6019 = AXIS2_PLACEMENT_3D('',#6020,#6021,#6022);
#6020 = CARTESIAN_POINT('',(12.,81.5,4.));
#6021 = DIRECTION('',(1.,0.,0.));
#6022 = DIRECTION('',(0.,-1.,0.));
#6023 = ADVANCED_FACE('',(#6024),#6035,.F.);
#6024 = FACE_BOUND('',#6025,.F.);
#6025 = EDGE_LOOP('',(#6026,#6027,#6028,#6034));
#6026 = ORIENTED_EDGE('',*,*,#5742,.T.);
#6027 = ORIENTED_EDGE('',*,*,#5873,.T.);
#6028 = ORIENTED_EDGE('',*,*,#6029,.F.);
#6029 = EDGE_CURVE('',#5768,#5874,#6030,.T.);
#6030 = LINE('',#6031,#6032);
#6031 = CARTESIAN_POINT('',(124.,81.5,4.));
#6032 = VECTOR('',#6033,1.);
#6033 = DIRECTION('',(0.,0.,1.));
#6034 = ORIENTED_EDGE('',*,*,#5767,.F.);
#6035 = PLANE('',#6036);
#6036 = AXIS2_PLACEMENT_3D('',#6037,#6038,#6039);
#6037 = CARTESIAN_POINT('',(124.,16.,4.));
#6038 = DIRECTION('',(-1.,0.,0.));
#6039 = DIRECTION('',(0.,1.,0.));
#6040 = ADVANCED_FACE('',(#6041),#6052,.T.);
#6041 = FACE_BOUND('',#6042,.F.);
#6042 = EDGE_LOOP('',(#6043,#6049,#6050,#6051));
#6043 = ORIENTED_EDGE('',*,*,#6044,.T.);
#6044 = EDGE_CURVE('',#5785,#5891,#6045,.T.);
#6045 = LINE('',#6046,#6047);
#6046 = CARTESIAN_POINT('',(12.5,82.,4.));
#6047 = VECTOR('',#6048,1.);
#6048 = DIRECTION('',(0.,0.,1.));
#6049 = ORIENTED_EDGE('',*,*,#5898,.T.);
#6050 = ORIENTED_EDGE('',*,*,#6010,.F.);
#6051 = ORIENTED_EDGE('',*,*,#5792,.F.);
#6052 = CYLINDRICAL_SURFACE('',#6053,0.5);
#6053 = AXIS2_PLACEMENT_3D('',#6054,#6055,#6056);
#6054 = CARTESIAN_POINT('',(12.5,81.5,4.));
#6055 = DIRECTION('',(-0.,-0.,-1.));
#6056 = DIRECTION('',(1.42108547152E-14,1.,0.));
#6057 = ADVANCED_FACE('',(#6058),#6069,.T.);
#6058 = FACE_BOUND('',#6059,.F.);
#6059 = EDGE_LOOP('',(#6060,#6061,#6062,#6068));
#6060 = ORIENTED_EDGE('',*,*,#6029,.T.);
#6061 = ORIENTED_EDGE('',*,*,#5881,.T.);
#6062 = ORIENTED_EDGE('',*,*,#6063,.F.);
#6063 = EDGE_CURVE('',#5776,#5882,#6064,.T.);
#6064 = LINE('',#6065,#6066);
#6065 = CARTESIAN_POINT('',(123.5,82.,4.));
#6066 = VECTOR('',#6067,1.);
#6067 = DIRECTION('',(0.,0.,1.));
#6068 = ORIENTED_EDGE('',*,*,#5775,.F.);
#6069 = CYLINDRICAL_SURFACE('',#6070,0.5);
#6070 = AXIS2_PLACEMENT_3D('',#6071,#6072,#6073);
#6071 = CARTESIAN_POINT('',(123.5,81.5,4.));
#6072 = DIRECTION('',(-0.,-0.,-1.));
#6073 = DIRECTION('',(1.,-1.42108547152E-14,0.));
#6074 = ADVANCED_FACE('',(#6075),#6081,.F.);
#6075 = FACE_BOUND('',#6076,.F.);
#6076 = EDGE_LOOP('',(#6077,#6078,#6079,#6080));
#6077 = ORIENTED_EDGE('',*,*,#6063,.T.);
#6078 = ORIENTED_EDGE('',*,*,#5890,.T.);
#6079 = ORIENTED_EDGE('',*,*,#6044,.F.);
#6080 = ORIENTED_EDGE('',*,*,#5784,.F.);
#6081 = PLANE('',#6082);
#6082 = AXIS2_PLACEMENT_3D('',#6083,#6084,#6085);
#6083 = CARTESIAN_POINT('',(123.5,82.,4.));
#6084 = DIRECTION('',(0.,-1.,0.));
#6085 = DIRECTION('',(-1.,0.,0.));
#6086 = ADVANCED_FACE('',(#6087),#6106,.F.);
#6087 = FACE_BOUND('',#6088,.F.);
#6088 = EDGE_LOOP('',(#6089,#6098,#6104,#6105));
#6089 = ORIENTED_EDGE('',*,*,#6090,.F.);
#6090 = EDGE_CURVE('',#6091,#6091,#6093,.T.);
#6091 = VERTEX_POINT('',#6092);
#6092 = CARTESIAN_POINT('',(23.1,24.,6.5));
#6093 = CIRCLE('',#6094,2.1);
#6094 = AXIS2_PLACEMENT_3D('',#6095,#6096,#6097);
#6095 = CARTESIAN_POINT('',(21.,24.,6.5));
#6096 = DIRECTION('',(0.,0.,1.));
#6097 = DIRECTION('',(1.,0.,0.));
#6098 = ORIENTED_EDGE('',*,*,#6099,.F.);
#6099 = EDGE_CURVE('',#5811,#6091,#6100,.T.);
#6100 = LINE('',#6101,#6102);
#6101 = CARTESIAN_POINT('',(25.25,24.,4.));
#6102 = VECTOR('',#6103,1.);
#6103 = DIRECTION('',(-0.652039268828,1.597035606977E-16,0.758185196312)
  );
#6104 = ORIENTED_EDGE('',*,*,#5810,.T.);
#6105 = ORIENTED_EDGE('',*,*,#6099,.T.);
#6106 = CONICAL_SURFACE('',#6107,4.25,0.710271007487);
#6107 = AXIS2_PLACEMENT_3D('',#6108,#6109,#6110);
#6108 = CARTESIAN_POINT('',(21.,24.,4.));
#6109 = DIRECTION('',(-0.,-0.,-1.));
#6110 = DIRECTION('',(1.,0.,0.));
#6111 = ADVANCED_FACE('',(#6112),#6131,.F.);
#6112 = FACE_BOUND('',#6113,.F.);
#6113 = EDGE_LOOP('',(#6114,#6123,#6129,#6130));
#6114 = ORIENTED_EDGE('',*,*,#6115,.F.);
#6115 = EDGE_CURVE('',#6116,#6116,#6118,.T.);
#6116 = VERTEX_POINT('',#6117);
#6117 = CARTESIAN_POINT('',(117.1,24.,6.5));
#6118 = CIRCLE('',#6119,2.1);
#6119 = AXIS2_PLACEMENT_3D('',#6120,#6121,#6122);
#6120 = CARTESIAN_POINT('',(115.,24.,6.5));
#6121 = DIRECTION('',(0.,0.,1.));
#6122 = DIRECTION('',(1.,0.,0.));
#6123 = ORIENTED_EDGE('',*,*,#6124,.F.);
#6124 = EDGE_CURVE('',#5822,#6116,#6125,.T.);
#6125 = LINE('',#6126,#6127);
#6126 = CARTESIAN_POINT('',(119.25,24.,4.));
#6127 = VECTOR('',#6128,1.);
#6128 = DIRECTION('',(-0.652039268828,1.597035606977E-16,0.758185196312)
  );
#6129 = ORIENTED_EDGE('',*,*,#5821,.T.);
#6130 = ORIENTED_EDGE('',*,*,#6124,.T.);
#6131 = CONICAL_SURFACE('',#6132,4.25,0.710271007487);
#6132 = AXIS2_PLACEMENT_3D('',#6133,#6134,#6135);
#6133 = CARTESIAN_POINT('',(115.,24.,4.));
#6134 = DIRECTION('',(-0.,-0.,-1.));
#6135 = DIRECTION('',(1.,0.,0.));
#6136 = ADVANCED_FACE('',(#6137),#6156,.F.);
#6137 = FACE_BOUND('',#6138,.F.);
#6138 = EDGE_LOOP('',(#6139,#6147,#6154,#6155));
#6139 = ORIENTED_EDGE('',*,*,#6140,.T.);
#6140 = EDGE_CURVE('',#5833,#6141,#6143,.T.);
#6141 = VERTEX_POINT('',#6142);
#6142 = CARTESIAN_POINT('',(94.5,47.,6.55));
#6143 = LINE('',#6144,#6145);
#6144 = CARTESIAN_POINT('',(94.5,47.,3.95));
#6145 = VECTOR('',#6146,1.);
#6146 = DIRECTION('',(0.,0.,1.));
#6147 = ORIENTED_EDGE('',*,*,#6148,.F.);
#6148 = EDGE_CURVE('',#6141,#6141,#6149,.T.);
#6149 = CIRCLE('',#6150,26.5);
#6150 = AXIS2_PLACEMENT_3D('',#6151,#6152,#6153);
#6151 = CARTESIAN_POINT('',(68.,47.,6.55));
#6152 = DIRECTION('',(0.,0.,1.));
#6153 = DIRECTION('',(1.,0.,0.));
#6154 = ORIENTED_EDGE('',*,*,#6140,.F.);
#6155 = ORIENTED_EDGE('',*,*,#5832,.T.);
#6156 = CYLINDRICAL_SURFACE('',#6157,26.5);
#6157 = AXIS2_PLACEMENT_3D('',#6158,#6159,#6160);
#6158 = CARTESIAN_POINT('',(68.,47.,3.95));
#6159 = DIRECTION('',(0.,0.,1.));
#6160 = DIRECTION('',(1.,0.,0.));
#6161 = ADVANCED_FACE('',(#6162),#6181,.F.);
#6162 = FACE_BOUND('',#6163,.F.);
#6163 = EDGE_LOOP('',(#6164,#6173,#6179,#6180));
#6164 = ORIENTED_EDGE('',*,*,#6165,.F.);
#6165 = EDGE_CURVE('',#6166,#6166,#6168,.T.);
#6166 = VERTEX_POINT('',#6167);
#6167 = CARTESIAN_POINT('',(23.1,72.,6.5));
#6168 = CIRCLE('',#6169,2.1);
#6169 = AXIS2_PLACEMENT_3D('',#6170,#6171,#6172);
#6170 = CARTESIAN_POINT('',(21.,72.,6.5));
#6171 = DIRECTION('',(0.,0.,1.));
#6172 = DIRECTION('',(1.,0.,0.));
#6173 = ORIENTED_EDGE('',*,*,#6174,.F.);
#6174 = EDGE_CURVE('',#5844,#6166,#6175,.T.);
#6175 = LINE('',#6176,#6177);
#6176 = CARTESIAN_POINT('',(25.25,72.,4.));
#6177 = VECTOR('',#6178,1.);
#6178 = DIRECTION('',(-0.652039268828,1.597035606977E-16,0.758185196312)
  );
#6179 = ORIENTED_EDGE('',*,*,#5843,.T.);
#6180 = ORIENTED_EDGE('',*,*,#6174,.T.);
#6181 = CONICAL_SURFACE('',#6182,4.25,0.710271007487);
#6182 = AXIS2_PLACEMENT_3D('',#6183,#6184,#6185);
#6183 = CARTESIAN_POINT('',(21.,72.,4.));
#6184 = DIRECTION('',(-0.,-0.,-1.));
#6185 = DIRECTION('',(1.,0.,0.));
#6186 = ADVANCED_FACE('',(#6187),#6206,.F.);
#6187 = FACE_BOUND('',#6188,.F.);
#6188 = EDGE_LOOP('',(#6189,#6198,#6204,#6205));
#6189 = ORIENTED_EDGE('',*,*,#6190,.F.);
#6190 = EDGE_CURVE('',#6191,#6191,#6193,.T.);
#6191 = VERTEX_POINT('',#6192);
#6192 = CARTESIAN_POINT('',(117.1,72.,6.5));
#6193 = CIRCLE('',#6194,2.1);
#6194 = AXIS2_PLACEMENT_3D('',#6195,#6196,#6197);
#6195 = CARTESIAN_POINT('',(115.,72.,6.5));
#6196 = DIRECTION('',(0.,0.,1.));
#6197 = DIRECTION('',(1.,0.,0.));
#6198 = ORIENTED_EDGE('',*,*,#6199,.F.);
#6199 = EDGE_CURVE('',#5855,#6191,#6200,.T.);
#6200 = LINE('',#6201,#6202);
#6201 = CARTESIAN_POINT('',(119.25,72.,4.));
#6202 = VECTOR('',#6203,1.);
#6203 = DIRECTION('',(-0.652039268828,1.597035606977E-16,0.758185196312)
  );
#6204 = ORIENTED_EDGE('',*,*,#5854,.T.);
#6205 = ORIENTED_EDGE('',*,*,#6199,.T.);
#6206 = CONICAL_SURFACE('',#6207,4.25,0.710271007487);
#6207 = AXIS2_PLACEMENT_3D('',#6208,#6209,#6210);
#6208 = CARTESIAN_POINT('',(115.,72.,4.));
#6209 = DIRECTION('',(-0.,-0.,-1.));
#6210 = DIRECTION('',(1.,0.,0.));
#6211 = ADVANCED_FACE('',(#6212),#6223,.F.);
#6212 = FACE_BOUND('',#6213,.F.);
#6213 = EDGE_LOOP('',(#6214,#6220,#6221,#6222));
#6214 = ORIENTED_EDGE('',*,*,#6215,.T.);
#6215 = EDGE_CURVE('',#6091,#5917,#6216,.T.);
#6216 = LINE('',#6217,#6218);
#6217 = CARTESIAN_POINT('',(23.1,24.,3.));
#6218 = VECTOR('',#6219,1.);
#6219 = DIRECTION('',(0.,0.,1.));
#6220 = ORIENTED_EDGE('',*,*,#5916,.F.);
#6221 = ORIENTED_EDGE('',*,*,#6215,.F.);
#6222 = ORIENTED_EDGE('',*,*,#6090,.T.);
#6223 = CYLINDRICAL_SURFACE('',#6224,2.1);
#6224 = AXIS2_PLACEMENT_3D('',#6225,#6226,#6227);
#6225 = CARTESIAN_POINT('',(21.,24.,3.));
#6226 = DIRECTION('',(0.,0.,1.));
#6227 = DIRECTION('',(1.,0.,0.));
#6228 = ADVANCED_FACE('',(#6229),#6248,.F.);
#6229 = FACE_BOUND('',#6230,.F.);
#6230 = EDGE_LOOP('',(#6231,#6232,#6240,#6247));
#6231 = ORIENTED_EDGE('',*,*,#5927,.F.);
#6232 = ORIENTED_EDGE('',*,*,#6233,.F.);
#6233 = EDGE_CURVE('',#6234,#5928,#6236,.T.);
#6234 = VERTEX_POINT('',#6235);
#6235 = CARTESIAN_POINT('',(57.85,26.648403011066,6.55));
#6236 = LINE('',#6237,#6238);
#6237 = CARTESIAN_POINT('',(57.85,26.648403011066,3.));
#6238 = VECTOR('',#6239,1.);
#6239 = DIRECTION('',(0.,0.,1.));
#6240 = ORIENTED_EDGE('',*,*,#6241,.T.);
#6241 = EDGE_CURVE('',#6234,#6234,#6242,.T.);
#6242 = CIRCLE('',#6243,1.6);
#6243 = AXIS2_PLACEMENT_3D('',#6244,#6245,#6246);
#6244 = CARTESIAN_POINT('',(56.25,26.648403011066,6.55));
#6245 = DIRECTION('',(0.,0.,1.));
#6246 = DIRECTION('',(1.,0.,0.));
#6247 = ORIENTED_EDGE('',*,*,#6233,.T.);
#6248 = CYLINDRICAL_SURFACE('',#6249,1.6);
#6249 = AXIS2_PLACEMENT_3D('',#6250,#6251,#6252);
#6250 = CARTESIAN_POINT('',(56.25,26.648403011066,3.));
#6251 = DIRECTION('',(0.,0.,1.));
#6252 = DIRECTION('',(1.,0.,0.));
#6253 = ADVANCED_FACE('',(#6254),#6265,.F.);
#6254 = FACE_BOUND('',#6255,.F.);
#6255 = EDGE_LOOP('',(#6256,#6262,#6263,#6264));
#6256 = ORIENTED_EDGE('',*,*,#6257,.T.);
#6257 = EDGE_CURVE('',#6116,#5939,#6258,.T.);
#6258 = LINE('',#6259,#6260);
#6259 = CARTESIAN_POINT('',(117.1,24.,3.));
#6260 = VECTOR('',#6261,1.);
#6261 = DIRECTION('',(0.,0.,1.));
#6262 = ORIENTED_EDGE('',*,*,#5938,.F.);
#6263 = ORIENTED_EDGE('',*,*,#6257,.F.);
#6264 = ORIENTED_EDGE('',*,*,#6115,.T.);
#6265 = CYLINDRICAL_SURFACE('',#6266,2.1);
#6266 = AXIS2_PLACEMENT_3D('',#6267,#6268,#6269);
#6267 = CARTESIAN_POINT('',(115.,24.,3.));
#6268 = DIRECTION('',(0.,0.,1.));
#6269 = DIRECTION('',(1.,0.,0.));
#6270 = ADVANCED_FACE('',(#6271),#6290,.F.);
#6271 = FACE_BOUND('',#6272,.F.);
#6272 = EDGE_LOOP('',(#6273,#6274,#6282,#6289));
#6273 = ORIENTED_EDGE('',*,*,#5949,.F.);
#6274 = ORIENTED_EDGE('',*,*,#6275,.F.);
#6275 = EDGE_CURVE('',#6276,#5950,#6278,.T.);
#6276 = VERTEX_POINT('',#6277);
#6277 = CARTESIAN_POINT('',(88.75,47.,6.55));
#6278 = LINE('',#6279,#6280);
#6279 = CARTESIAN_POINT('',(88.75,47.,3.9));
#6280 = VECTOR('',#6281,1.);
#6281 = DIRECTION('',(0.,0.,1.));
#6282 = ORIENTED_EDGE('',*,*,#6283,.T.);
#6283 = EDGE_CURVE('',#6276,#6276,#6284,.T.);
#6284 = CIRCLE('',#6285,20.75);
#6285 = AXIS2_PLACEMENT_3D('',#6286,#6287,#6288);
#6286 = CARTESIAN_POINT('',(68.,47.,6.55));
#6287 = DIRECTION('',(0.,0.,1.));
#6288 = DIRECTION('',(1.,0.,0.));
#6289 = ORIENTED_EDGE('',*,*,#6275,.T.);
#6290 = CYLINDRICAL_SURFACE('',#6291,20.75);
#6291 = AXIS2_PLACEMENT_3D('',#6292,#6293,#6294);
#6292 = CARTESIAN_POINT('',(68.,47.,3.9));
#6293 = DIRECTION('',(0.,0.,1.));
#6294 = DIRECTION('',(1.,0.,0.));
#6295 = ADVANCED_FACE('',(#6296),#6315,.F.);
#6296 = FACE_BOUND('',#6297,.F.);
#6297 = EDGE_LOOP('',(#6298,#6299,#6307,#6314));
#6298 = ORIENTED_EDGE('',*,*,#5960,.F.);
#6299 = ORIENTED_EDGE('',*,*,#6300,.F.);
#6300 = EDGE_CURVE('',#6301,#5961,#6303,.T.);
#6301 = VERTEX_POINT('',#6302);
#6302 = CARTESIAN_POINT('',(93.1,47.,6.55));
#6303 = LINE('',#6304,#6305);
#6304 = CARTESIAN_POINT('',(93.1,47.,3.));
#6305 = VECTOR('',#6306,1.);
#6306 = DIRECTION('',(0.,0.,1.));
#6307 = ORIENTED_EDGE('',*,*,#6308,.T.);
#6308 = EDGE_CURVE('',#6301,#6301,#6309,.T.);
#6309 = CIRCLE('',#6310,1.6);
#6310 = AXIS2_PLACEMENT_3D('',#6311,#6312,#6313);
#6311 = CARTESIAN_POINT('',(91.5,47.,6.55));
#6312 = DIRECTION('',(0.,0.,1.));
#6313 = DIRECTION('',(1.,0.,0.));
#6314 = ORIENTED_EDGE('',*,*,#6300,.T.);
#6315 = CYLINDRICAL_SURFACE('',#6316,1.6);
#6316 = AXIS2_PLACEMENT_3D('',#6317,#6318,#6319);
#6317 = CARTESIAN_POINT('',(91.5,47.,3.));
#6318 = DIRECTION('',(0.,0.,1.));
#6319 = DIRECTION('',(1.,0.,0.));
#6320 = ADVANCED_FACE('',(#6321),#6332,.F.);
#6321 = FACE_BOUND('',#6322,.F.);
#6322 = EDGE_LOOP('',(#6323,#6329,#6330,#6331));
#6323 = ORIENTED_EDGE('',*,*,#6324,.T.);
#6324 = EDGE_CURVE('',#6166,#5972,#6325,.T.);
#6325 = LINE('',#6326,#6327);
#6326 = CARTESIAN_POINT('',(23.1,72.,3.));
#6327 = VECTOR('',#6328,1.);
#6328 = DIRECTION('',(0.,0.,1.));
#6329 = ORIENTED_EDGE('',*,*,#5971,.F.);
#6330 = ORIENTED_EDGE('',*,*,#6324,.F.);
#6331 = ORIENTED_EDGE('',*,*,#6165,.T.);
#6332 = CYLINDRICAL_SURFACE('',#6333,2.1);
#6333 = AXIS2_PLACEMENT_3D('',#6334,#6335,#6336);
#6334 = CARTESIAN_POINT('',(21.,72.,3.));
#6335 = DIRECTION('',(0.,0.,1.));
#6336 = DIRECTION('',(1.,0.,0.));
#6337 = ADVANCED_FACE('',(#6338),#6357,.F.);
#6338 = FACE_BOUND('',#6339,.F.);
#6339 = EDGE_LOOP('',(#6340,#6341,#6349,#6356));
#6340 = ORIENTED_EDGE('',*,*,#5982,.F.);
#6341 = ORIENTED_EDGE('',*,*,#6342,.F.);
#6342 = EDGE_CURVE('',#6343,#5983,#6345,.T.);
#6343 = VERTEX_POINT('',#6344);
#6344 = CARTESIAN_POINT('',(57.85,67.351596988934,6.55));
#6345 = LINE('',#6346,#6347);
#6346 = CARTESIAN_POINT('',(57.85,67.351596988934,3.));
#6347 = VECTOR('',#6348,1.);
#6348 = DIRECTION('',(0.,0.,1.));
#6349 = ORIENTED_EDGE('',*,*,#6350,.T.);
#6350 = EDGE_CURVE('',#6343,#6343,#6351,.T.);
#6351 = CIRCLE('',#6352,1.6);
#6352 = AXIS2_PLACEMENT_3D('',#6353,#6354,#6355);
#6353 = CARTESIAN_POINT('',(56.25,67.351596988934,6.55));
#6354 = DIRECTION('',(0.,0.,1.));
#6355 = DIRECTION('',(1.,0.,0.));
#6356 = ORIENTED_EDGE('',*,*,#6342,.T.);
#6357 = CYLINDRICAL_SURFACE('',#6358,1.6);
#6358 = AXIS2_PLACEMENT_3D('',#6359,#6360,#6361);
#6359 = CARTESIAN_POINT('',(56.25,67.351596988934,3.));
#6360 = DIRECTION('',(0.,0.,1.));
#6361 = DIRECTION('',(1.,0.,0.));
#6362 = ADVANCED_FACE('',(#6363),#6374,.F.);
#6363 = FACE_BOUND('',#6364,.F.);
#6364 = EDGE_LOOP('',(#6365,#6371,#6372,#6373));
#6365 = ORIENTED_EDGE('',*,*,#6366,.T.);
#6366 = EDGE_CURVE('',#6191,#5994,#6367,.T.);
#6367 = LINE('',#6368,#6369);
#6368 = CARTESIAN_POINT('',(117.1,72.,3.));
#6369 = VECTOR('',#6370,1.);
#6370 = DIRECTION('',(0.,0.,1.));
#6371 = ORIENTED_EDGE('',*,*,#5993,.F.);
#6372 = ORIENTED_EDGE('',*,*,#6366,.F.);
#6373 = ORIENTED_EDGE('',*,*,#6190,.T.);
#6374 = CYLINDRICAL_SURFACE('',#6375,2.1);
#6375 = AXIS2_PLACEMENT_3D('',#6376,#6377,#6378);
#6376 = CARTESIAN_POINT('',(115.,72.,3.));
#6377 = DIRECTION('',(0.,0.,1.));
#6378 = DIRECTION('',(1.,0.,0.));
#6379 = ADVANCED_FACE('',(#6380,#6383,#6386,#6389,#6392),#6395,.F.);
#6380 = FACE_BOUND('',#6381,.F.);
#6381 = EDGE_LOOP('',(#6382));
#6382 = ORIENTED_EDGE('',*,*,#6148,.T.);
#6383 = FACE_BOUND('',#6384,.F.);
#6384 = EDGE_LOOP('',(#6385));
#6385 = ORIENTED_EDGE('',*,*,#6241,.F.);
#6386 = FACE_BOUND('',#6387,.F.);
#6387 = EDGE_LOOP('',(#6388));
#6388 = ORIENTED_EDGE('',*,*,#6283,.F.);
#6389 = FACE_BOUND('',#6390,.F.);
#6390 = EDGE_LOOP('',(#6391));
#6391 = ORIENTED_EDGE('',*,*,#6308,.F.);
#6392 = FACE_BOUND('',#6393,.F.);
#6393 = EDGE_LOOP('',(#6394));
#6394 = ORIENTED_EDGE('',*,*,#6350,.F.);
#6395 = PLANE('',#6396);
#6396 = AXIS2_PLACEMENT_3D('',#6397,#6398,#6399);
#6397 = CARTESIAN_POINT('',(68.,47.,6.55));
#6398 = DIRECTION('',(0.,0.,1.));
#6399 = DIRECTION('',(1.,0.,0.));
#6400 = MANIFOLD_SOLID_BREP('',#6401);
#6401 = CLOSED_SHELL('',(#6402,#6442,#6475,#6508,#6699,#6890,#6907,#6924
    ,#6941,#6958,#6970,#6992,#7009,#7026,#7043,#7060,#7077,#7094,#7106,
    #7128,#7145,#7162,#7179,#7196,#7213,#7230));
#6402 = ADVANCED_FACE('',(#6403),#6437,.F.);
#6403 = FACE_BOUND('',#6404,.F.);
#6404 = EDGE_LOOP('',(#6405,#6415,#6423,#6431));
#6405 = ORIENTED_EDGE('',*,*,#6406,.T.);
#6406 = EDGE_CURVE('',#6407,#6409,#6411,.T.);
#6407 = VERTEX_POINT('',#6408);
#6408 = CARTESIAN_POINT('',(16.,12.,14.5));
#6409 = VERTEX_POINT('',#6410);
#6410 = CARTESIAN_POINT('',(16.,12.,16.));
#6411 = LINE('',#6412,#6413);
#6412 = CARTESIAN_POINT('',(16.,12.,14.5));
#6413 = VECTOR('',#6414,1.);
#6414 = DIRECTION('',(0.,0.,1.));
#6415 = ORIENTED_EDGE('',*,*,#6416,.T.);
#6416 = EDGE_CURVE('',#6409,#6417,#6419,.T.);
#6417 = VERTEX_POINT('',#6418);
#6418 = CARTESIAN_POINT('',(120.,12.,16.));
#6419 = LINE('',#6420,#6421);
#6420 = CARTESIAN_POINT('',(16.,12.,16.));
#6421 = VECTOR('',#6422,1.);
#6422 = DIRECTION('',(1.,0.,0.));
#6423 = ORIENTED_EDGE('',*,*,#6424,.F.);
#6424 = EDGE_CURVE('',#6425,#6417,#6427,.T.);
#6425 = VERTEX_POINT('',#6426);
#6426 = CARTESIAN_POINT('',(120.,12.,14.5));
#6427 = LINE('',#6428,#6429);
#6428 = CARTESIAN_POINT('',(120.,12.,14.5));
#6429 = VECTOR('',#6430,1.);
#6430 = DIRECTION('',(0.,0.,1.));
#6431 = ORIENTED_EDGE('',*,*,#6432,.F.);
#6432 = EDGE_CURVE('',#6407,#6425,#6433,.T.);
#6433 = LINE('',#6434,#6435);
#6434 = CARTESIAN_POINT('',(16.,12.,14.5));
#6435 = VECTOR('',#6436,1.);
#6436 = DIRECTION('',(1.,0.,0.));
#6437 = PLANE('',#6438);
#6438 = AXIS2_PLACEMENT_3D('',#6439,#6440,#6441);
#6439 = CARTESIAN_POINT('',(16.,12.,14.5));
#6440 = DIRECTION('',(0.,1.,0.));
#6441 = DIRECTION('',(1.,0.,0.));
#6442 = ADVANCED_FACE('',(#6443),#6470,.T.);
#6443 = FACE_BOUND('',#6444,.F.);
#6444 = EDGE_LOOP('',(#6445,#6455,#6462,#6463));
#6445 = ORIENTED_EDGE('',*,*,#6446,.T.);
#6446 = EDGE_CURVE('',#6447,#6449,#6451,.T.);
#6447 = VERTEX_POINT('',#6448);
#6448 = CARTESIAN_POINT('',(12.,16.,14.5));
#6449 = VERTEX_POINT('',#6450);
#6450 = CARTESIAN_POINT('',(12.,16.,16.));
#6451 = LINE('',#6452,#6453);
#6452 = CARTESIAN_POINT('',(12.,16.,14.5));
#6453 = VECTOR('',#6454,1.);
#6454 = DIRECTION('',(0.,0.,1.));
#6455 = ORIENTED_EDGE('',*,*,#6456,.T.);
#6456 = EDGE_CURVE('',#6449,#6409,#6457,.T.);
#6457 = CIRCLE('',#6458,4.);
#6458 = AXIS2_PLACEMENT_3D('',#6459,#6460,#6461);
#6459 = CARTESIAN_POINT('',(16.,16.,16.));
#6460 = DIRECTION('',(0.,0.,1.));
#6461 = DIRECTION('',(-1.,-3.5527136788E-15,0.));
#6462 = ORIENTED_EDGE('',*,*,#6406,.F.);
#6463 = ORIENTED_EDGE('',*,*,#6464,.F.);
#6464 = EDGE_CURVE('',#6447,#6407,#6465,.T.);
#6465 = CIRCLE('',#6466,4.);
#6466 = AXIS2_PLACEMENT_3D('',#6467,#6468,#6469);
#6467 = CARTESIAN_POINT('',(16.,16.,14.5));
#6468 = DIRECTION('',(0.,0.,1.));
#6469 = DIRECTION('',(-1.,-3.5527136788E-15,0.));
#6470 = CYLINDRICAL_SURFACE('',#6471,4.);
#6471 = AXIS2_PLACEMENT_3D('',#6472,#6473,#6474);
#6472 = CARTESIAN_POINT('',(16.,16.,14.5));
#6473 = DIRECTION('',(-0.,-0.,-1.));
#6474 = DIRECTION('',(-1.,-3.5527136788E-15,0.));
#6475 = ADVANCED_FACE('',(#6476),#6503,.T.);
#6476 = FACE_BOUND('',#6477,.F.);
#6477 = EDGE_LOOP('',(#6478,#6479,#6488,#6496));
#6478 = ORIENTED_EDGE('',*,*,#6424,.T.);
#6479 = ORIENTED_EDGE('',*,*,#6480,.T.);
#6480 = EDGE_CURVE('',#6417,#6481,#6483,.T.);
#6481 = VERTEX_POINT('',#6482);
#6482 = CARTESIAN_POINT('',(124.,16.,16.));
#6483 = CIRCLE('',#6484,4.);
#6484 = AXIS2_PLACEMENT_3D('',#6485,#6486,#6487);
#6485 = CARTESIAN_POINT('',(120.,16.,16.));
#6486 = DIRECTION('',(-0.,0.,1.));
#6487 = DIRECTION('',(1.7763568394E-15,-1.,0.));
#6488 = ORIENTED_EDGE('',*,*,#6489,.F.);
#6489 = EDGE_CURVE('',#6490,#6481,#6492,.T.);
#6490 = VERTEX_POINT('',#6491);
#6491 = CARTESIAN_POINT('',(124.,16.,14.5));
#6492 = LINE('',#6493,#6494);
#6493 = CARTESIAN_POINT('',(124.,16.,14.5));
#6494 = VECTOR('',#6495,1.);
#6495 = DIRECTION('',(0.,0.,1.));
#6496 = ORIENTED_EDGE('',*,*,#6497,.F.);
#6497 = EDGE_CURVE('',#6425,#6490,#6498,.T.);
#6498 = CIRCLE('',#6499,4.);
#6499 = AXIS2_PLACEMENT_3D('',#6500,#6501,#6502);
#6500 = CARTESIAN_POINT('',(120.,16.,14.5));
#6501 = DIRECTION('',(-0.,0.,1.));
#6502 = DIRECTION('',(1.7763568394E-15,-1.,0.));
#6503 = CYLINDRICAL_SURFACE('',#6504,4.);
#6504 = AXIS2_PLACEMENT_3D('',#6505,#6506,#6507);
#6505 = CARTESIAN_POINT('',(120.,16.,14.5));
#6506 = DIRECTION('',(-0.,-0.,-1.));
#6507 = DIRECTION('',(1.7763568394E-15,-1.,0.));
#6508 = ADVANCED_FACE('',(#6509,#6554,#6624),#6694,.F.);
#6509 = FACE_BOUND('',#6510,.F.);
#6510 = EDGE_LOOP('',(#6511,#6512,#6513,#6521,#6530,#6538,#6547,#6553));
#6511 = ORIENTED_EDGE('',*,*,#6432,.T.);
#6512 = ORIENTED_EDGE('',*,*,#6497,.T.);
#6513 = ORIENTED_EDGE('',*,*,#6514,.T.);
#6514 = EDGE_CURVE('',#6490,#6515,#6517,.T.);
#6515 = VERTEX_POINT('',#6516);
#6516 = CARTESIAN_POINT('',(124.,214.,14.5));
#6517 = LINE('',#6518,#6519);
#6518 = CARTESIAN_POINT('',(124.,16.,14.5));
#6519 = VECTOR('',#6520,1.);
#6520 = DIRECTION('',(0.,1.,0.));
#6521 = ORIENTED_EDGE('',*,*,#6522,.T.);
#6522 = EDGE_CURVE('',#6515,#6523,#6525,.T.);
#6523 = VERTEX_POINT('',#6524);
#6524 = CARTESIAN_POINT('',(120.,218.,14.5));
#6525 = CIRCLE('',#6526,4.);
#6526 = AXIS2_PLACEMENT_3D('',#6527,#6528,#6529);
#6527 = CARTESIAN_POINT('',(120.,214.,14.5));
#6528 = DIRECTION('',(0.,-0.,1.));
#6529 = DIRECTION('',(1.,3.5527136788E-15,0.));
#6530 = ORIENTED_EDGE('',*,*,#6531,.T.);
#6531 = EDGE_CURVE('',#6523,#6532,#6534,.T.);
#6532 = VERTEX_POINT('',#6533);
#6533 = CARTESIAN_POINT('',(16.,218.,14.5));
#6534 = LINE('',#6535,#6536);
#6535 = CARTESIAN_POINT('',(120.,218.,14.5));
#6536 = VECTOR('',#6537,1.);
#6537 = DIRECTION('',(-1.,0.,0.));
#6538 = ORIENTED_EDGE('',*,*,#6539,.T.);
#6539 = EDGE_CURVE('',#6532,#6540,#6542,.T.);
#6540 = VERTEX_POINT('',#6541);
#6541 = CARTESIAN_POINT('',(12.,214.,14.5));
#6542 = CIRCLE('',#6543,4.);
#6543 = AXIS2_PLACEMENT_3D('',#6544,#6545,#6546);
#6544 = CARTESIAN_POINT('',(16.,214.,14.5));
#6545 = DIRECTION('',(0.,0.,1.));
#6546 = DIRECTION('',(-1.7763568394E-15,1.,0.));
#6547 = ORIENTED_EDGE('',*,*,#6548,.T.);
#6548 = EDGE_CURVE('',#6540,#6447,#6549,.T.);
#6549 = LINE('',#6550,#6551);
#6550 = CARTESIAN_POINT('',(12.,214.,14.5));
#6551 = VECTOR('',#6552,1.);
#6552 = DIRECTION('',(0.,-1.,0.));
#6553 = ORIENTED_EDGE('',*,*,#6464,.T.);
#6554 = FACE_BOUND('',#6555,.F.);
#6555 = EDGE_LOOP('',(#6556,#6567,#6575,#6584,#6592,#6601,#6609,#6618));
#6556 = ORIENTED_EDGE('',*,*,#6557,.T.);
#6557 = EDGE_CURVE('',#6558,#6560,#6562,.T.);
#6558 = VERTEX_POINT('',#6559);
#6559 = CARTESIAN_POINT('',(113.,27.,14.5));
#6560 = VERTEX_POINT('',#6561);
#6561 = CARTESIAN_POINT('',(108.,22.,14.5));
#6562 = CIRCLE('',#6563,5.);
#6563 = AXIS2_PLACEMENT_3D('',#6564,#6565,#6566);
#6564 = CARTESIAN_POINT('',(108.,27.,14.5));
#6565 = DIRECTION('',(-0.,-0.,-1.));
#6566 = DIRECTION('',(0.,-1.,0.));
#6567 = ORIENTED_EDGE('',*,*,#6568,.T.);
#6568 = EDGE_CURVE('',#6560,#6569,#6571,.T.);
#6569 = VERTEX_POINT('',#6570);
#6570 = CARTESIAN_POINT('',(28.,22.,14.5));
#6571 = LINE('',#6572,#6573);
#6572 = CARTESIAN_POINT('',(48.,22.,14.5));
#6573 = VECTOR('',#6574,1.);
#6574 = DIRECTION('',(-1.,0.,0.));
#6575 = ORIENTED_EDGE('',*,*,#6576,.T.);
#6576 = EDGE_CURVE('',#6569,#6577,#6579,.T.);
#6577 = VERTEX_POINT('',#6578);
#6578 = CARTESIAN_POINT('',(23.,27.,14.5));
#6579 = CIRCLE('',#6580,5.);
#6580 = AXIS2_PLACEMENT_3D('',#6581,#6582,#6583);
#6581 = CARTESIAN_POINT('',(28.,27.,14.5));
#6582 = DIRECTION('',(0.,0.,-1.));
#6583 = DIRECTION('',(-1.,0.,0.));
#6584 = ORIENTED_EDGE('',*,*,#6585,.T.);
#6585 = EDGE_CURVE('',#6577,#6586,#6588,.T.);
#6586 = VERTEX_POINT('',#6587);
#6587 = CARTESIAN_POINT('',(23.,57.,14.5));
#6588 = LINE('',#6589,#6590);
#6589 = CARTESIAN_POINT('',(23.,86.,14.5));
#6590 = VECTOR('',#6591,1.);
#6591 = DIRECTION('',(0.,1.,0.));
#6592 = ORIENTED_EDGE('',*,*,#6593,.T.);
#6593 = EDGE_CURVE('',#6586,#6594,#6596,.T.);
#6594 = VERTEX_POINT('',#6595);
#6595 = CARTESIAN_POINT('',(28.,62.,14.5));
#6596 = CIRCLE('',#6597,5.);
#6597 = AXIS2_PLACEMENT_3D('',#6598,#6599,#6600);
#6598 = CARTESIAN_POINT('',(28.,57.,14.5));
#6599 = DIRECTION('',(0.,0.,-1.));
#6600 = DIRECTION('',(0.,1.,0.));
#6601 = ORIENTED_EDGE('',*,*,#6602,.T.);
#6602 = EDGE_CURVE('',#6594,#6603,#6605,.T.);
#6603 = VERTEX_POINT('',#6604);
#6604 = CARTESIAN_POINT('',(108.,62.,14.5));
#6605 = LINE('',#6606,#6607);
#6606 = CARTESIAN_POINT('',(88.,62.,14.5));
#6607 = VECTOR('',#6608,1.);
#6608 = DIRECTION('',(1.,0.,0.));
#6609 = ORIENTED_EDGE('',*,*,#6610,.T.);
#6610 = EDGE_CURVE('',#6603,#6611,#6613,.T.);
#6611 = VERTEX_POINT('',#6612);
#6612 = CARTESIAN_POINT('',(113.,57.,14.5));
#6613 = CIRCLE('',#6614,5.);
#6614 = AXIS2_PLACEMENT_3D('',#6615,#6616,#6617);
#6615 = CARTESIAN_POINT('',(108.,57.,14.5));
#6616 = DIRECTION('',(0.,0.,-1.));
#6617 = DIRECTION('',(1.,0.,0.));
#6618 = ORIENTED_EDGE('',*,*,#6619,.T.);
#6619 = EDGE_CURVE('',#6611,#6558,#6620,.T.);
#6620 = LINE('',#6621,#6622);
#6621 = CARTESIAN_POINT('',(113.,71.,14.5));
#6622 = VECTOR('',#6623,1.);
#6623 = DIRECTION('',(0.,-1.,0.));
#6624 = FACE_BOUND('',#6625,.F.);
#6625 = EDGE_LOOP('',(#6626,#6637,#6645,#6654,#6662,#6671,#6679,#6688));
#6626 = ORIENTED_EDGE('',*,*,#6627,.T.);
#6627 = EDGE_CURVE('',#6628,#6630,#6632,.T.);
#6628 = VERTEX_POINT('',#6629);
#6629 = CARTESIAN_POINT('',(113.,107.,14.5));
#6630 = VERTEX_POINT('',#6631);
#6631 = CARTESIAN_POINT('',(108.,102.,14.5));
#6632 = CIRCLE('',#6633,5.);
#6633 = AXIS2_PLACEMENT_3D('',#6634,#6635,#6636);
#6634 = CARTESIAN_POINT('',(108.,107.,14.5));
#6635 = DIRECTION('',(-0.,-0.,-1.));
#6636 = DIRECTION('',(0.,-1.,0.));
#6637 = ORIENTED_EDGE('',*,*,#6638,.T.);
#6638 = EDGE_CURVE('',#6630,#6639,#6641,.T.);
#6639 = VERTEX_POINT('',#6640);
#6640 = CARTESIAN_POINT('',(28.,102.,14.5));
#6641 = LINE('',#6642,#6643);
#6642 = CARTESIAN_POINT('',(48.,102.,14.5));
#6643 = VECTOR('',#6644,1.);
#6644 = DIRECTION('',(-1.,0.,0.));
#6645 = ORIENTED_EDGE('',*,*,#6646,.T.);
#6646 = EDGE_CURVE('',#6639,#6647,#6649,.T.);
#6647 = VERTEX_POINT('',#6648);
#6648 = CARTESIAN_POINT('',(23.,107.,14.5));
#6649 = CIRCLE('',#6650,5.);
#6650 = AXIS2_PLACEMENT_3D('',#6651,#6652,#6653);
#6651 = CARTESIAN_POINT('',(28.,107.,14.5));
#6652 = DIRECTION('',(0.,0.,-1.));
#6653 = DIRECTION('',(-1.,0.,0.));
#6654 = ORIENTED_EDGE('',*,*,#6655,.T.);
#6655 = EDGE_CURVE('',#6647,#6656,#6658,.T.);
#6656 = VERTEX_POINT('',#6657);
#6657 = CARTESIAN_POINT('',(23.,203.,14.5));
#6658 = LINE('',#6659,#6660);
#6659 = CARTESIAN_POINT('',(23.,159.,14.5));
#6660 = VECTOR('',#6661,1.);
#6661 = DIRECTION('',(0.,1.,0.));
#6662 = ORIENTED_EDGE('',*,*,#6663,.T.);
#6663 = EDGE_CURVE('',#6656,#6664,#6666,.T.);
#6664 = VERTEX_POINT('',#6665);
#6665 = CARTESIAN_POINT('',(28.,208.,14.5));
#6666 = CIRCLE('',#6667,5.);
#6667 = AXIS2_PLACEMENT_3D('',#6668,#6669,#6670);
#6668 = CARTESIAN_POINT('',(28.,203.,14.5));
#6669 = DIRECTION('',(0.,0.,-1.));
#6670 = DIRECTION('',(0.,1.,0.));
#6671 = ORIENTED_EDGE('',*,*,#6672,.T.);
#6672 = EDGE_CURVE('',#6664,#6673,#6675,.T.);
#6673 = VERTEX_POINT('',#6674);
#6674 = CARTESIAN_POINT('',(108.,208.,14.5));
#6675 = LINE('',#6676,#6677);
#6676 = CARTESIAN_POINT('',(88.,208.,14.5));
#6677 = VECTOR('',#6678,1.);
#6678 = DIRECTION('',(1.,0.,0.));
#6679 = ORIENTED_EDGE('',*,*,#6680,.T.);
#6680 = EDGE_CURVE('',#6673,#6681,#6683,.T.);
#6681 = VERTEX_POINT('',#6682);
#6682 = CARTESIAN_POINT('',(113.,203.,14.5));
#6683 = CIRCLE('',#6684,5.);
#6684 = AXIS2_PLACEMENT_3D('',#6685,#6686,#6687);
#6685 = CARTESIAN_POINT('',(108.,203.,14.5));
#6686 = DIRECTION('',(0.,0.,-1.));
#6687 = DIRECTION('',(1.,0.,0.));
#6688 = ORIENTED_EDGE('',*,*,#6689,.T.);
#6689 = EDGE_CURVE('',#6681,#6628,#6690,.T.);
#6690 = LINE('',#6691,#6692);
#6691 = CARTESIAN_POINT('',(113.,111.,14.5));
#6692 = VECTOR('',#6693,1.);
#6693 = DIRECTION('',(0.,-1.,0.));
#6694 = PLANE('',#6695);
#6695 = AXIS2_PLACEMENT_3D('',#6696,#6697,#6698);
#6696 = CARTESIAN_POINT('',(68.,115.,14.5));
#6697 = DIRECTION('',(0.,0.,1.));
#6698 = DIRECTION('',(1.,0.,0.));
#6699 = ADVANCED_FACE('',(#6700,#6745,#6815),#6885,.T.);
#6700 = FACE_BOUND('',#6701,.T.);
#6701 = EDGE_LOOP('',(#6702,#6703,#6704,#6712,#6721,#6729,#6738,#6744));
#6702 = ORIENTED_EDGE('',*,*,#6416,.T.);
#6703 = ORIENTED_EDGE('',*,*,#6480,.T.);
#6704 = ORIENTED_EDGE('',*,*,#6705,.T.);
#6705 = EDGE_CURVE('',#6481,#6706,#6708,.T.);
#6706 = VERTEX_POINT('',#6707);
#6707 = CARTESIAN_POINT('',(124.,214.,16.));
#6708 = LINE('',#6709,#6710);
#6709 = CARTESIAN_POINT('',(124.,16.,16.));
#6710 = VECTOR('',#6711,1.);
#6711 = DIRECTION('',(0.,1.,0.));
#6712 = ORIENTED_EDGE('',*,*,#6713,.T.);
#6713 = EDGE_CURVE('',#6706,#6714,#6716,.T.);
#6714 = VERTEX_POINT('',#6715);
#6715 = CARTESIAN_POINT('',(120.,218.,16.));
#6716 = CIRCLE('',#6717,4.);
#6717 = AXIS2_PLACEMENT_3D('',#6718,#6719,#6720);
#6718 = CARTESIAN_POINT('',(120.,214.,16.));
#6719 = DIRECTION('',(0.,-0.,1.));
#6720 = DIRECTION('',(1.,3.5527136788E-15,0.));
#6721 = ORIENTED_EDGE('',*,*,#6722,.T.);
#6722 = EDGE_CURVE('',#6714,#6723,#6725,.T.);
#6723 = VERTEX_POINT('',#6724);
#6724 = CARTESIAN_POINT('',(16.,218.,16.));
#6725 = LINE('',#6726,#6727);
#6726 = CARTESIAN_POINT('',(120.,218.,16.));
#6727 = VECTOR('',#6728,1.);
#6728 = DIRECTION('',(-1.,0.,0.));
#6729 = ORIENTED_EDGE('',*,*,#6730,.T.);
#6730 = EDGE_CURVE('',#6723,#6731,#6733,.T.);
#6731 = VERTEX_POINT('',#6732);
#6732 = CARTESIAN_POINT('',(12.,214.,16.));
#6733 = CIRCLE('',#6734,4.);
#6734 = AXIS2_PLACEMENT_3D('',#6735,#6736,#6737);
#6735 = CARTESIAN_POINT('',(16.,214.,16.));
#6736 = DIRECTION('',(0.,0.,1.));
#6737 = DIRECTION('',(-1.7763568394E-15,1.,0.));
#6738 = ORIENTED_EDGE('',*,*,#6739,.T.);
#6739 = EDGE_CURVE('',#6731,#6449,#6740,.T.);
#6740 = LINE('',#6741,#6742);
#6741 = CARTESIAN_POINT('',(12.,214.,16.));
#6742 = VECTOR('',#6743,1.);
#6743 = DIRECTION('',(0.,-1.,0.));
#6744 = ORIENTED_EDGE('',*,*,#6456,.T.);
#6745 = FACE_BOUND('',#6746,.T.);
#6746 = EDGE_LOOP('',(#6747,#6758,#6766,#6775,#6783,#6792,#6800,#6809));
#6747 = ORIENTED_EDGE('',*,*,#6748,.T.);
#6748 = EDGE_CURVE('',#6749,#6751,#6753,.T.);
#6749 = VERTEX_POINT('',#6750);
#6750 = CARTESIAN_POINT('',(113.,27.,16.));
#6751 = VERTEX_POINT('',#6752);
#6752 = CARTESIAN_POINT('',(108.,22.,16.));
#6753 = CIRCLE('',#6754,5.);
#6754 = AXIS2_PLACEMENT_3D('',#6755,#6756,#6757);
#6755 = CARTESIAN_POINT('',(108.,27.,16.));
#6756 = DIRECTION('',(-0.,-0.,-1.));
#6757 = DIRECTION('',(0.,-1.,0.));
#6758 = ORIENTED_EDGE('',*,*,#6759,.T.);
#6759 = EDGE_CURVE('',#6751,#6760,#6762,.T.);
#6760 = VERTEX_POINT('',#6761);
#6761 = CARTESIAN_POINT('',(28.,22.,16.));
#6762 = LINE('',#6763,#6764);
#6763 = CARTESIAN_POINT('',(48.,22.,16.));
#6764 = VECTOR('',#6765,1.);
#6765 = DIRECTION('',(-1.,0.,0.));
#6766 = ORIENTED_EDGE('',*,*,#6767,.T.);
#6767 = EDGE_CURVE('',#6760,#6768,#6770,.T.);
#6768 = VERTEX_POINT('',#6769);
#6769 = CARTESIAN_POINT('',(23.,27.,16.));
#6770 = CIRCLE('',#6771,5.);
#6771 = AXIS2_PLACEMENT_3D('',#6772,#6773,#6774);
#6772 = CARTESIAN_POINT('',(28.,27.,16.));
#6773 = DIRECTION('',(0.,0.,-1.));
#6774 = DIRECTION('',(-1.,0.,0.));
#6775 = ORIENTED_EDGE('',*,*,#6776,.T.);
#6776 = EDGE_CURVE('',#6768,#6777,#6779,.T.);
#6777 = VERTEX_POINT('',#6778);
#6778 = CARTESIAN_POINT('',(23.,57.,16.));
#6779 = LINE('',#6780,#6781);
#6780 = CARTESIAN_POINT('',(23.,86.,16.));
#6781 = VECTOR('',#6782,1.);
#6782 = DIRECTION('',(0.,1.,0.));
#6783 = ORIENTED_EDGE('',*,*,#6784,.T.);
#6784 = EDGE_CURVE('',#6777,#6785,#6787,.T.);
#6785 = VERTEX_POINT('',#6786);
#6786 = CARTESIAN_POINT('',(28.,62.,16.));
#6787 = CIRCLE('',#6788,5.);
#6788 = AXIS2_PLACEMENT_3D('',#6789,#6790,#6791);
#6789 = CARTESIAN_POINT('',(28.,57.,16.));
#6790 = DIRECTION('',(0.,0.,-1.));
#6791 = DIRECTION('',(0.,1.,0.));
#6792 = ORIENTED_EDGE('',*,*,#6793,.T.);
#6793 = EDGE_CURVE('',#6785,#6794,#6796,.T.);
#6794 = VERTEX_POINT('',#6795);
#6795 = CARTESIAN_POINT('',(108.,62.,16.));
#6796 = LINE('',#6797,#6798);
#6797 = CARTESIAN_POINT('',(88.,62.,16.));
#6798 = VECTOR('',#6799,1.);
#6799 = DIRECTION('',(1.,0.,0.));
#6800 = ORIENTED_EDGE('',*,*,#6801,.T.);
#6801 = EDGE_CURVE('',#6794,#6802,#6804,.T.);
#6802 = VERTEX_POINT('',#6803);
#6803 = CARTESIAN_POINT('',(113.,57.,16.));
#6804 = CIRCLE('',#6805,5.);
#6805 = AXIS2_PLACEMENT_3D('',#6806,#6807,#6808);
#6806 = CARTESIAN_POINT('',(108.,57.,16.));
#6807 = DIRECTION('',(0.,0.,-1.));
#6808 = DIRECTION('',(1.,0.,0.));
#6809 = ORIENTED_EDGE('',*,*,#6810,.T.);
#6810 = EDGE_CURVE('',#6802,#6749,#6811,.T.);
#6811 = LINE('',#6812,#6813);
#6812 = CARTESIAN_POINT('',(113.,71.,16.));
#6813 = VECTOR('',#6814,1.);
#6814 = DIRECTION('',(0.,-1.,0.));
#6815 = FACE_BOUND('',#6816,.T.);
#6816 = EDGE_LOOP('',(#6817,#6828,#6836,#6845,#6853,#6862,#6870,#6879));
#6817 = ORIENTED_EDGE('',*,*,#6818,.T.);
#6818 = EDGE_CURVE('',#6819,#6821,#6823,.T.);
#6819 = VERTEX_POINT('',#6820);
#6820 = CARTESIAN_POINT('',(113.,107.,16.));
#6821 = VERTEX_POINT('',#6822);
#6822 = CARTESIAN_POINT('',(108.,102.,16.));
#6823 = CIRCLE('',#6824,5.);
#6824 = AXIS2_PLACEMENT_3D('',#6825,#6826,#6827);
#6825 = CARTESIAN_POINT('',(108.,107.,16.));
#6826 = DIRECTION('',(-0.,-0.,-1.));
#6827 = DIRECTION('',(0.,-1.,0.));
#6828 = ORIENTED_EDGE('',*,*,#6829,.T.);
#6829 = EDGE_CURVE('',#6821,#6830,#6832,.T.);
#6830 = VERTEX_POINT('',#6831);
#6831 = CARTESIAN_POINT('',(28.,102.,16.));
#6832 = LINE('',#6833,#6834);
#6833 = CARTESIAN_POINT('',(48.,102.,16.));
#6834 = VECTOR('',#6835,1.);
#6835 = DIRECTION('',(-1.,0.,0.));
#6836 = ORIENTED_EDGE('',*,*,#6837,.T.);
#6837 = EDGE_CURVE('',#6830,#6838,#6840,.T.);
#6838 = VERTEX_POINT('',#6839);
#6839 = CARTESIAN_POINT('',(23.,107.,16.));
#6840 = CIRCLE('',#6841,5.);
#6841 = AXIS2_PLACEMENT_3D('',#6842,#6843,#6844);
#6842 = CARTESIAN_POINT('',(28.,107.,16.));
#6843 = DIRECTION('',(0.,0.,-1.));
#6844 = DIRECTION('',(-1.,0.,0.));
#6845 = ORIENTED_EDGE('',*,*,#6846,.T.);
#6846 = EDGE_CURVE('',#6838,#6847,#6849,.T.);
#6847 = VERTEX_POINT('',#6848);
#6848 = CARTESIAN_POINT('',(23.,203.,16.));
#6849 = LINE('',#6850,#6851);
#6850 = CARTESIAN_POINT('',(23.,159.,16.));
#6851 = VECTOR('',#6852,1.);
#6852 = DIRECTION('',(0.,1.,0.));
#6853 = ORIENTED_EDGE('',*,*,#6854,.T.);
#6854 = EDGE_CURVE('',#6847,#6855,#6857,.T.);
#6855 = VERTEX_POINT('',#6856);
#6856 = CARTESIAN_POINT('',(28.,208.,16.));
#6857 = CIRCLE('',#6858,5.);
#6858 = AXIS2_PLACEMENT_3D('',#6859,#6860,#6861);
#6859 = CARTESIAN_POINT('',(28.,203.,16.));
#6860 = DIRECTION('',(0.,0.,-1.));
#6861 = DIRECTION('',(0.,1.,0.));
#6862 = ORIENTED_EDGE('',*,*,#6863,.T.);
#6863 = EDGE_CURVE('',#6855,#6864,#6866,.T.);
#6864 = VERTEX_POINT('',#6865);
#6865 = CARTESIAN_POINT('',(108.,208.,16.));
#6866 = LINE('',#6867,#6868);
#6867 = CARTESIAN_POINT('',(88.,208.,16.));
#6868 = VECTOR('',#6869,1.);
#6869 = DIRECTION('',(1.,0.,0.));
#6870 = ORIENTED_EDGE('',*,*,#6871,.T.);
#6871 = EDGE_CURVE('',#6864,#6872,#6874,.T.);
#6872 = VERTEX_POINT('',#6873);
#6873 = CARTESIAN_POINT('',(113.,203.,16.));
#6874 = CIRCLE('',#6875,5.);
#6875 = AXIS2_PLACEMENT_3D('',#6876,#6877,#6878);
#6876 = CARTESIAN_POINT('',(108.,203.,16.));
#6877 = DIRECTION('',(0.,0.,-1.));
#6878 = DIRECTION('',(1.,0.,0.));
#6879 = ORIENTED_EDGE('',*,*,#6880,.T.);
#6880 = EDGE_CURVE('',#6872,#6819,#6881,.T.);
#6881 = LINE('',#6882,#6883);
#6882 = CARTESIAN_POINT('',(113.,111.,16.));
#6883 = VECTOR('',#6884,1.);
#6884 = DIRECTION('',(0.,-1.,0.));
#6885 = PLANE('',#6886);
#6886 = AXIS2_PLACEMENT_3D('',#6887,#6888,#6889);
#6887 = CARTESIAN_POINT('',(68.,115.,16.));
#6888 = DIRECTION('',(0.,0.,1.));
#6889 = DIRECTION('',(1.,0.,0.));
#6890 = ADVANCED_FACE('',(#6891),#6902,.F.);
#6891 = FACE_BOUND('',#6892,.F.);
#6892 = EDGE_LOOP('',(#6893,#6899,#6900,#6901));
#6893 = ORIENTED_EDGE('',*,*,#6894,.T.);
#6894 = EDGE_CURVE('',#6540,#6731,#6895,.T.);
#6895 = LINE('',#6896,#6897);
#6896 = CARTESIAN_POINT('',(12.,214.,14.5));
#6897 = VECTOR('',#6898,1.);
#6898 = DIRECTION('',(0.,0.,1.));
#6899 = ORIENTED_EDGE('',*,*,#6739,.T.);
#6900 = ORIENTED_EDGE('',*,*,#6446,.F.);
#6901 = ORIENTED_EDGE('',*,*,#6548,.F.);
#6902 = PLANE('',#6903);
#6903 = AXIS2_PLACEMENT_3D('',#6904,#6905,#6906);
#6904 = CARTESIAN_POINT('',(12.,214.,14.5));
#6905 = DIRECTION('',(1.,0.,0.));
#6906 = DIRECTION('',(0.,-1.,0.));
#6907 = ADVANCED_FACE('',(#6908),#6919,.F.);
#6908 = FACE_BOUND('',#6909,.F.);
#6909 = EDGE_LOOP('',(#6910,#6911,#6912,#6918));
#6910 = ORIENTED_EDGE('',*,*,#6489,.T.);
#6911 = ORIENTED_EDGE('',*,*,#6705,.T.);
#6912 = ORIENTED_EDGE('',*,*,#6913,.F.);
#6913 = EDGE_CURVE('',#6515,#6706,#6914,.T.);
#6914 = LINE('',#6915,#6916);
#6915 = CARTESIAN_POINT('',(124.,214.,14.5));
#6916 = VECTOR('',#6917,1.);
#6917 = DIRECTION('',(0.,0.,1.));
#6918 = ORIENTED_EDGE('',*,*,#6514,.F.);
#6919 = PLANE('',#6920);
#6920 = AXIS2_PLACEMENT_3D('',#6921,#6922,#6923);
#6921 = CARTESIAN_POINT('',(124.,16.,14.5));
#6922 = DIRECTION('',(-1.,0.,0.));
#6923 = DIRECTION('',(0.,1.,0.));
#6924 = ADVANCED_FACE('',(#6925),#6936,.T.);
#6925 = FACE_BOUND('',#6926,.F.);
#6926 = EDGE_LOOP('',(#6927,#6933,#6934,#6935));
#6927 = ORIENTED_EDGE('',*,*,#6928,.T.);
#6928 = EDGE_CURVE('',#6532,#6723,#6929,.T.);
#6929 = LINE('',#6930,#6931);
#6930 = CARTESIAN_POINT('',(16.,218.,14.5));
#6931 = VECTOR('',#6932,1.);
#6932 = DIRECTION('',(0.,0.,1.));
#6933 = ORIENTED_EDGE('',*,*,#6730,.T.);
#6934 = ORIENTED_EDGE('',*,*,#6894,.F.);
#6935 = ORIENTED_EDGE('',*,*,#6539,.F.);
#6936 = CYLINDRICAL_SURFACE('',#6937,4.);
#6937 = AXIS2_PLACEMENT_3D('',#6938,#6939,#6940);
#6938 = CARTESIAN_POINT('',(16.,214.,14.5));
#6939 = DIRECTION('',(-0.,-0.,-1.));
#6940 = DIRECTION('',(-1.7763568394E-15,1.,0.));
#6941 = ADVANCED_FACE('',(#6942),#6953,.T.);
#6942 = FACE_BOUND('',#6943,.F.);
#6943 = EDGE_LOOP('',(#6944,#6945,#6946,#6952));
#6944 = ORIENTED_EDGE('',*,*,#6913,.T.);
#6945 = ORIENTED_EDGE('',*,*,#6713,.T.);
#6946 = ORIENTED_EDGE('',*,*,#6947,.F.);
#6947 = EDGE_CURVE('',#6523,#6714,#6948,.T.);
#6948 = LINE('',#6949,#6950);
#6949 = CARTESIAN_POINT('',(120.,218.,14.5));
#6950 = VECTOR('',#6951,1.);
#6951 = DIRECTION('',(0.,0.,1.));
#6952 = ORIENTED_EDGE('',*,*,#6522,.F.);
#6953 = CYLINDRICAL_SURFACE('',#6954,4.);
#6954 = AXIS2_PLACEMENT_3D('',#6955,#6956,#6957);
#6955 = CARTESIAN_POINT('',(120.,214.,14.5));
#6956 = DIRECTION('',(-0.,-0.,-1.));
#6957 = DIRECTION('',(1.,3.5527136788E-15,0.));
#6958 = ADVANCED_FACE('',(#6959),#6965,.F.);
#6959 = FACE_BOUND('',#6960,.F.);
#6960 = EDGE_LOOP('',(#6961,#6962,#6963,#6964));
#6961 = ORIENTED_EDGE('',*,*,#6947,.T.);
#6962 = ORIENTED_EDGE('',*,*,#6722,.T.);
#6963 = ORIENTED_EDGE('',*,*,#6928,.F.);
#6964 = ORIENTED_EDGE('',*,*,#6531,.F.);
#6965 = PLANE('',#6966);
#6966 = AXIS2_PLACEMENT_3D('',#6967,#6968,#6969);
#6967 = CARTESIAN_POINT('',(120.,218.,14.5));
#6968 = DIRECTION('',(0.,-1.,0.));
#6969 = DIRECTION('',(-1.,0.,0.));
#6970 = ADVANCED_FACE('',(#6971),#6987,.F.);
#6971 = FACE_BOUND('',#6972,.T.);
#6972 = EDGE_LOOP('',(#6973,#6974,#6980,#6981));
#6973 = ORIENTED_EDGE('',*,*,#6557,.T.);
#6974 = ORIENTED_EDGE('',*,*,#6975,.T.);
#6975 = EDGE_CURVE('',#6560,#6751,#6976,.T.);
#6976 = LINE('',#6977,#6978);
#6977 = CARTESIAN_POINT('',(108.,22.,14.));
#6978 = VECTOR('',#6979,1.);
#6979 = DIRECTION('',(0.,0.,1.));
#6980 = ORIENTED_EDGE('',*,*,#6748,.F.);
#6981 = ORIENTED_EDGE('',*,*,#6982,.F.);
#6982 = EDGE_CURVE('',#6558,#6749,#6983,.T.);
#6983 = LINE('',#6984,#6985);
#6984 = CARTESIAN_POINT('',(113.,27.,14.));
#6985 = VECTOR('',#6986,1.);
#6986 = DIRECTION('',(0.,0.,1.));
#6987 = CYLINDRICAL_SURFACE('',#6988,5.);
#6988 = AXIS2_PLACEMENT_3D('',#6989,#6990,#6991);
#6989 = CARTESIAN_POINT('',(108.,27.,14.));
#6990 = DIRECTION('',(-0.,-0.,-1.));
#6991 = DIRECTION('',(0.,-1.,0.));
#6992 = ADVANCED_FACE('',(#6993),#7004,.T.);
#6993 = FACE_BOUND('',#6994,.T.);
#6994 = EDGE_LOOP('',(#6995,#6996,#6997,#6998));
#6995 = ORIENTED_EDGE('',*,*,#6619,.T.);
#6996 = ORIENTED_EDGE('',*,*,#6982,.T.);
#6997 = ORIENTED_EDGE('',*,*,#6810,.F.);
#6998 = ORIENTED_EDGE('',*,*,#6999,.F.);
#6999 = EDGE_CURVE('',#6611,#6802,#7000,.T.);
#7000 = LINE('',#7001,#7002);
#7001 = CARTESIAN_POINT('',(113.,57.,14.));
#7002 = VECTOR('',#7003,1.);
#7003 = DIRECTION('',(0.,0.,1.));
#7004 = PLANE('',#7005);
#7005 = AXIS2_PLACEMENT_3D('',#7006,#7007,#7008);
#7006 = CARTESIAN_POINT('',(113.,27.,14.));
#7007 = DIRECTION('',(-1.,0.,0.));
#7008 = DIRECTION('',(0.,1.,0.));
#7009 = ADVANCED_FACE('',(#7010),#7021,.F.);
#7010 = FACE_BOUND('',#7011,.T.);
#7011 = EDGE_LOOP('',(#7012,#7013,#7014,#7015));
#7012 = ORIENTED_EDGE('',*,*,#6610,.T.);
#7013 = ORIENTED_EDGE('',*,*,#6999,.T.);
#7014 = ORIENTED_EDGE('',*,*,#6801,.F.);
#7015 = ORIENTED_EDGE('',*,*,#7016,.F.);
#7016 = EDGE_CURVE('',#6603,#6794,#7017,.T.);
#7017 = LINE('',#7018,#7019);
#7018 = CARTESIAN_POINT('',(108.,62.,14.));
#7019 = VECTOR('',#7020,1.);
#7020 = DIRECTION('',(0.,0.,1.));
#7021 = CYLINDRICAL_SURFACE('',#7022,5.);
#7022 = AXIS2_PLACEMENT_3D('',#7023,#7024,#7025);
#7023 = CARTESIAN_POINT('',(108.,57.,14.));
#7024 = DIRECTION('',(-0.,-0.,-1.));
#7025 = DIRECTION('',(1.,0.,0.));
#7026 = ADVANCED_FACE('',(#7027),#7038,.T.);
#7027 = FACE_BOUND('',#7028,.T.);
#7028 = EDGE_LOOP('',(#7029,#7030,#7031,#7032));
#7029 = ORIENTED_EDGE('',*,*,#6602,.T.);
#7030 = ORIENTED_EDGE('',*,*,#7016,.T.);
#7031 = ORIENTED_EDGE('',*,*,#6793,.F.);
#7032 = ORIENTED_EDGE('',*,*,#7033,.F.);
#7033 = EDGE_CURVE('',#6594,#6785,#7034,.T.);
#7034 = LINE('',#7035,#7036);
#7035 = CARTESIAN_POINT('',(28.,62.,14.));
#7036 = VECTOR('',#7037,1.);
#7037 = DIRECTION('',(0.,0.,1.));
#7038 = PLANE('',#7039);
#7039 = AXIS2_PLACEMENT_3D('',#7040,#7041,#7042);
#7040 = CARTESIAN_POINT('',(108.,62.,14.));
#7041 = DIRECTION('',(0.,-1.,0.));
#7042 = DIRECTION('',(-1.,0.,0.));
#7043 = ADVANCED_FACE('',(#7044),#7055,.F.);
#7044 = FACE_BOUND('',#7045,.T.);
#7045 = EDGE_LOOP('',(#7046,#7047,#7048,#7049));
#7046 = ORIENTED_EDGE('',*,*,#6593,.T.);
#7047 = ORIENTED_EDGE('',*,*,#7033,.T.);
#7048 = ORIENTED_EDGE('',*,*,#6784,.F.);
#7049 = ORIENTED_EDGE('',*,*,#7050,.F.);
#7050 = EDGE_CURVE('',#6586,#6777,#7051,.T.);
#7051 = LINE('',#7052,#7053);
#7052 = CARTESIAN_POINT('',(23.,57.,14.));
#7053 = VECTOR('',#7054,1.);
#7054 = DIRECTION('',(0.,0.,1.));
#7055 = CYLINDRICAL_SURFACE('',#7056,5.);
#7056 = AXIS2_PLACEMENT_3D('',#7057,#7058,#7059);
#7057 = CARTESIAN_POINT('',(28.,57.,14.));
#7058 = DIRECTION('',(0.,0.,-1.));
#7059 = DIRECTION('',(0.,1.,0.));
#7060 = ADVANCED_FACE('',(#7061),#7072,.T.);
#7061 = FACE_BOUND('',#7062,.T.);
#7062 = EDGE_LOOP('',(#7063,#7064,#7065,#7066));
#7063 = ORIENTED_EDGE('',*,*,#6585,.T.);
#7064 = ORIENTED_EDGE('',*,*,#7050,.T.);
#7065 = ORIENTED_EDGE('',*,*,#6776,.F.);
#7066 = ORIENTED_EDGE('',*,*,#7067,.F.);
#7067 = EDGE_CURVE('',#6577,#6768,#7068,.T.);
#7068 = LINE('',#7069,#7070);
#7069 = CARTESIAN_POINT('',(23.,27.,14.));
#7070 = VECTOR('',#7071,1.);
#7071 = DIRECTION('',(0.,0.,1.));
#7072 = PLANE('',#7073);
#7073 = AXIS2_PLACEMENT_3D('',#7074,#7075,#7076);
#7074 = CARTESIAN_POINT('',(23.,57.,14.));
#7075 = DIRECTION('',(1.,0.,0.));
#7076 = DIRECTION('',(0.,-1.,0.));
#7077 = ADVANCED_FACE('',(#7078),#7089,.F.);
#7078 = FACE_BOUND('',#7079,.T.);
#7079 = EDGE_LOOP('',(#7080,#7081,#7082,#7083));
#7080 = ORIENTED_EDGE('',*,*,#6576,.T.);
#7081 = ORIENTED_EDGE('',*,*,#7067,.T.);
#7082 = ORIENTED_EDGE('',*,*,#6767,.F.);
#7083 = ORIENTED_EDGE('',*,*,#7084,.F.);
#7084 = EDGE_CURVE('',#6569,#6760,#7085,.T.);
#7085 = LINE('',#7086,#7087);
#7086 = CARTESIAN_POINT('',(28.,22.,14.));
#7087 = VECTOR('',#7088,1.);
#7088 = DIRECTION('',(0.,0.,1.));
#7089 = CYLINDRICAL_SURFACE('',#7090,5.);
#7090 = AXIS2_PLACEMENT_3D('',#7091,#7092,#7093);
#7091 = CARTESIAN_POINT('',(28.,27.,14.));
#7092 = DIRECTION('',(-0.,-0.,-1.));
#7093 = DIRECTION('',(-1.,0.,0.));
#7094 = ADVANCED_FACE('',(#7095),#7101,.T.);
#7095 = FACE_BOUND('',#7096,.T.);
#7096 = EDGE_LOOP('',(#7097,#7098,#7099,#7100));
#7097 = ORIENTED_EDGE('',*,*,#6568,.T.);
#7098 = ORIENTED_EDGE('',*,*,#7084,.T.);
#7099 = ORIENTED_EDGE('',*,*,#6759,.F.);
#7100 = ORIENTED_EDGE('',*,*,#6975,.F.);
#7101 = PLANE('',#7102);
#7102 = AXIS2_PLACEMENT_3D('',#7103,#7104,#7105);
#7103 = CARTESIAN_POINT('',(28.,22.,14.));
#7104 = DIRECTION('',(0.,1.,0.));
#7105 = DIRECTION('',(1.,0.,0.));
#7106 = ADVANCED_FACE('',(#7107),#7123,.F.);
#7107 = FACE_BOUND('',#7108,.T.);
#7108 = EDGE_LOOP('',(#7109,#7110,#7116,#7117));
#7109 = ORIENTED_EDGE('',*,*,#6627,.T.);
#7110 = ORIENTED_EDGE('',*,*,#7111,.T.);
#7111 = EDGE_CURVE('',#6630,#6821,#7112,.T.);
#7112 = LINE('',#7113,#7114);
#7113 = CARTESIAN_POINT('',(108.,102.,14.));
#7114 = VECTOR('',#7115,1.);
#7115 = DIRECTION('',(0.,0.,1.));
#7116 = ORIENTED_EDGE('',*,*,#6818,.F.);
#7117 = ORIENTED_EDGE('',*,*,#7118,.F.);
#7118 = EDGE_CURVE('',#6628,#6819,#7119,.T.);
#7119 = LINE('',#7120,#7121);
#7120 = CARTESIAN_POINT('',(113.,107.,14.));
#7121 = VECTOR('',#7122,1.);
#7122 = DIRECTION('',(0.,0.,1.));
#7123 = CYLINDRICAL_SURFACE('',#7124,5.);
#7124 = AXIS2_PLACEMENT_3D('',#7125,#7126,#7127);
#7125 = CARTESIAN_POINT('',(108.,107.,14.));
#7126 = DIRECTION('',(-0.,-0.,-1.));
#7127 = DIRECTION('',(0.,-1.,0.));
#7128 = ADVANCED_FACE('',(#7129),#7140,.T.);
#7129 = FACE_BOUND('',#7130,.T.);
#7130 = EDGE_LOOP('',(#7131,#7132,#7133,#7134));
#7131 = ORIENTED_EDGE('',*,*,#6689,.T.);
#7132 = ORIENTED_EDGE('',*,*,#7118,.T.);
#7133 = ORIENTED_EDGE('',*,*,#6880,.F.);
#7134 = ORIENTED_EDGE('',*,*,#7135,.F.);
#7135 = EDGE_CURVE('',#6681,#6872,#7136,.T.);
#7136 = LINE('',#7137,#7138);
#7137 = CARTESIAN_POINT('',(113.,203.,14.));
#7138 = VECTOR('',#7139,1.);
#7139 = DIRECTION('',(0.,0.,1.));
#7140 = PLANE('',#7141);
#7141 = AXIS2_PLACEMENT_3D('',#7142,#7143,#7144);
#7142 = CARTESIAN_POINT('',(113.,107.,14.));
#7143 = DIRECTION('',(-1.,0.,0.));
#7144 = DIRECTION('',(0.,1.,0.));
#7145 = ADVANCED_FACE('',(#7146),#7157,.T.);
#7146 = FACE_BOUND('',#7147,.T.);
#7147 = EDGE_LOOP('',(#7148,#7149,#7155,#7156));
#7148 = ORIENTED_EDGE('',*,*,#6638,.T.);
#7149 = ORIENTED_EDGE('',*,*,#7150,.T.);
#7150 = EDGE_CURVE('',#6639,#6830,#7151,.T.);
#7151 = LINE('',#7152,#7153);
#7152 = CARTESIAN_POINT('',(28.,102.,14.));
#7153 = VECTOR('',#7154,1.);
#7154 = DIRECTION('',(0.,0.,1.));
#7155 = ORIENTED_EDGE('',*,*,#6829,.F.);
#7156 = ORIENTED_EDGE('',*,*,#7111,.F.);
#7157 = PLANE('',#7158);
#7158 = AXIS2_PLACEMENT_3D('',#7159,#7160,#7161);
#7159 = CARTESIAN_POINT('',(28.,102.,14.));
#7160 = DIRECTION('',(0.,1.,0.));
#7161 = DIRECTION('',(1.,0.,0.));
#7162 = ADVANCED_FACE('',(#7163),#7174,.F.);
#7163 = FACE_BOUND('',#7164,.T.);
#7164 = EDGE_LOOP('',(#7165,#7166,#7167,#7168));
#7165 = ORIENTED_EDGE('',*,*,#6680,.T.);
#7166 = ORIENTED_EDGE('',*,*,#7135,.T.);
#7167 = ORIENTED_EDGE('',*,*,#6871,.F.);
#7168 = ORIENTED_EDGE('',*,*,#7169,.F.);
#7169 = EDGE_CURVE('',#6673,#6864,#7170,.T.);
#7170 = LINE('',#7171,#7172);
#7171 = CARTESIAN_POINT('',(108.,208.,14.));
#7172 = VECTOR('',#7173,1.);
#7173 = DIRECTION('',(0.,0.,1.));
#7174 = CYLINDRICAL_SURFACE('',#7175,5.);
#7175 = AXIS2_PLACEMENT_3D('',#7176,#7177,#7178);
#7176 = CARTESIAN_POINT('',(108.,203.,14.));
#7177 = DIRECTION('',(-0.,-0.,-1.));
#7178 = DIRECTION('',(1.,0.,0.));
#7179 = ADVANCED_FACE('',(#7180),#7191,.F.);
#7180 = FACE_BOUND('',#7181,.T.);
#7181 = EDGE_LOOP('',(#7182,#7183,#7189,#7190));
#7182 = ORIENTED_EDGE('',*,*,#6646,.T.);
#7183 = ORIENTED_EDGE('',*,*,#7184,.T.);
#7184 = EDGE_CURVE('',#6647,#6838,#7185,.T.);
#7185 = LINE('',#7186,#7187);
#7186 = CARTESIAN_POINT('',(23.,107.,14.));
#7187 = VECTOR('',#7188,1.);
#7188 = DIRECTION('',(0.,0.,1.));
#7189 = ORIENTED_EDGE('',*,*,#6837,.F.);
#7190 = ORIENTED_EDGE('',*,*,#7150,.F.);
#7191 = CYLINDRICAL_SURFACE('',#7192,5.);
#7192 = AXIS2_PLACEMENT_3D('',#7193,#7194,#7195);
#7193 = CARTESIAN_POINT('',(28.,107.,14.));
#7194 = DIRECTION('',(-0.,-0.,-1.));
#7195 = DIRECTION('',(-1.,0.,0.));
#7196 = ADVANCED_FACE('',(#7197),#7208,.T.);
#7197 = FACE_BOUND('',#7198,.T.);
#7198 = EDGE_LOOP('',(#7199,#7200,#7201,#7202));
#7199 = ORIENTED_EDGE('',*,*,#6672,.T.);
#7200 = ORIENTED_EDGE('',*,*,#7169,.T.);
#7201 = ORIENTED_EDGE('',*,*,#6863,.F.);
#7202 = ORIENTED_EDGE('',*,*,#7203,.F.);
#7203 = EDGE_CURVE('',#6664,#6855,#7204,.T.);
#7204 = LINE('',#7205,#7206);
#7205 = CARTESIAN_POINT('',(28.,208.,14.));
#7206 = VECTOR('',#7207,1.);
#7207 = DIRECTION('',(0.,0.,1.));
#7208 = PLANE('',#7209);
#7209 = AXIS2_PLACEMENT_3D('',#7210,#7211,#7212);
#7210 = CARTESIAN_POINT('',(108.,208.,14.));
#7211 = DIRECTION('',(0.,-1.,0.));
#7212 = DIRECTION('',(-1.,0.,0.));
#7213 = ADVANCED_FACE('',(#7214),#7225,.T.);
#7214 = FACE_BOUND('',#7215,.T.);
#7215 = EDGE_LOOP('',(#7216,#7217,#7223,#7224));
#7216 = ORIENTED_EDGE('',*,*,#6655,.T.);
#7217 = ORIENTED_EDGE('',*,*,#7218,.T.);
#7218 = EDGE_CURVE('',#6656,#6847,#7219,.T.);
#7219 = LINE('',#7220,#7221);
#7220 = CARTESIAN_POINT('',(23.,203.,14.));
#7221 = VECTOR('',#7222,1.);
#7222 = DIRECTION('',(0.,0.,1.));
#7223 = ORIENTED_EDGE('',*,*,#6846,.F.);
#7224 = ORIENTED_EDGE('',*,*,#7184,.F.);
#7225 = PLANE('',#7226);
#7226 = AXIS2_PLACEMENT_3D('',#7227,#7228,#7229);
#7227 = CARTESIAN_POINT('',(23.,203.,14.));
#7228 = DIRECTION('',(1.,0.,0.));
#7229 = DIRECTION('',(0.,-1.,0.));
#7230 = ADVANCED_FACE('',(#7231),#7237,.F.);
#7231 = FACE_BOUND('',#7232,.T.);
#7232 = EDGE_LOOP('',(#7233,#7234,#7235,#7236));
#7233 = ORIENTED_EDGE('',*,*,#6663,.T.);
#7234 = ORIENTED_EDGE('',*,*,#7203,.T.);
#7235 = ORIENTED_EDGE('',*,*,#6854,.F.);
#7236 = ORIENTED_EDGE('',*,*,#7218,.F.);
#7237 = CYLINDRICAL_SURFACE('',#7238,5.);
#7238 = AXIS2_PLACEMENT_3D('',#7239,#7240,#7241);
#7239 = CARTESIAN_POINT('',(28.,203.,14.));
#7240 = DIRECTION('',(0.,0.,-1.));
#7241 = DIRECTION('',(0.,1.,0.));
#7242 = MANIFOLD_SOLID_BREP('',#7243);
#7243 = CLOSED_SHELL('',(#7244,#7277,#7330,#7350,#7375,#7400,#7425,#7450
    ,#7475,#7504));
#7244 = ADVANCED_FACE('',(#7245),#7272,.T.);
#7245 = FACE_BOUND('',#7246,.T.);
#7246 = EDGE_LOOP('',(#7247,#7257,#7264,#7265));
#7247 = ORIENTED_EDGE('',*,*,#7248,.T.);
#7248 = EDGE_CURVE('',#7249,#7251,#7253,.T.);
#7249 = VERTEX_POINT('',#7250);
#7250 = CARTESIAN_POINT('',(88.5,47.,6.5));
#7251 = VERTEX_POINT('',#7252);
#7252 = CARTESIAN_POINT('',(88.5,47.,124.));
#7253 = LINE('',#7254,#7255);
#7254 = CARTESIAN_POINT('',(88.5,47.,4.));
#7255 = VECTOR('',#7256,1.);
#7256 = DIRECTION('',(0.,0.,1.));
#7257 = ORIENTED_EDGE('',*,*,#7258,.F.);
#7258 = EDGE_CURVE('',#7251,#7251,#7259,.T.);
#7259 = CIRCLE('',#7260,20.5);
#7260 = AXIS2_PLACEMENT_3D('',#7261,#7262,#7263);
#7261 = CARTESIAN_POINT('',(68.,47.,124.));
#7262 = DIRECTION('',(0.,0.,1.));
#7263 = DIRECTION('',(1.,0.,0.));
#7264 = ORIENTED_EDGE('',*,*,#7248,.F.);
#7265 = ORIENTED_EDGE('',*,*,#7266,.T.);
#7266 = EDGE_CURVE('',#7249,#7249,#7267,.T.);
#7267 = CIRCLE('',#7268,20.5);
#7268 = AXIS2_PLACEMENT_3D('',#7269,#7270,#7271);
#7269 = CARTESIAN_POINT('',(68.,47.,6.5));
#7270 = DIRECTION('',(0.,0.,1.));
#7271 = DIRECTION('',(1.,0.,0.));
#7272 = CYLINDRICAL_SURFACE('',#7273,20.5);
#7273 = AXIS2_PLACEMENT_3D('',#7274,#7275,#7276);
#7274 = CARTESIAN_POINT('',(68.,47.,4.));
#7275 = DIRECTION('',(0.,0.,1.));
#7276 = DIRECTION('',(1.,0.,0.));
#7277 = ADVANCED_FACE('',(#7278,#7289,#7300,#7303,#7314),#7325,.T.);
#7278 = FACE_BOUND('',#7279,.T.);
#7279 = EDGE_LOOP('',(#7280));
#7280 = ORIENTED_EDGE('',*,*,#7281,.T.);
#7281 = EDGE_CURVE('',#7282,#7282,#7284,.T.);
#7282 = VERTEX_POINT('',#7283);
#7283 = CARTESIAN_POINT('',(94.5,47.,6.5));
#7284 = CIRCLE('',#7285,26.5);
#7285 = AXIS2_PLACEMENT_3D('',#7286,#7287,#7288);
#7286 = CARTESIAN_POINT('',(68.,47.,6.5));
#7287 = DIRECTION('',(0.,0.,1.));
#7288 = DIRECTION('',(1.,0.,0.));
#7289 = FACE_BOUND('',#7290,.T.);
#7290 = EDGE_LOOP('',(#7291));
#7291 = ORIENTED_EDGE('',*,*,#7292,.F.);
#7292 = EDGE_CURVE('',#7293,#7293,#7295,.T.);
#7293 = VERTEX_POINT('',#7294);
#7294 = CARTESIAN_POINT('',(57.85,26.648403011066,6.5));
#7295 = CIRCLE('',#7296,1.6);
#7296 = AXIS2_PLACEMENT_3D('',#7297,#7298,#7299);
#7297 = CARTESIAN_POINT('',(56.25,26.648403011066,6.5));
#7298 = DIRECTION('',(0.,0.,1.));
#7299 = DIRECTION('',(1.,0.,0.));
#7300 = FACE_BOUND('',#7301,.T.);
#7301 = EDGE_LOOP('',(#7302));
#7302 = ORIENTED_EDGE('',*,*,#7266,.F.);
#7303 = FACE_BOUND('',#7304,.T.);
#7304 = EDGE_LOOP('',(#7305));
#7305 = ORIENTED_EDGE('',*,*,#7306,.F.);
#7306 = EDGE_CURVE('',#7307,#7307,#7309,.T.);
#7307 = VERTEX_POINT('',#7308);
#7308 = CARTESIAN_POINT('',(93.1,47.,6.5));
#7309 = CIRCLE('',#7310,1.6);
#7310 = AXIS2_PLACEMENT_3D('',#7311,#7312,#7313);
#7311 = CARTESIAN_POINT('',(91.5,47.,6.5));
#7312 = DIRECTION('',(0.,0.,1.));
#7313 = DIRECTION('',(1.,0.,0.));
#7314 = FACE_BOUND('',#7315,.T.);
#7315 = EDGE_LOOP('',(#7316));
#7316 = ORIENTED_EDGE('',*,*,#7317,.F.);
#7317 = EDGE_CURVE('',#7318,#7318,#7320,.T.);
#7318 = VERTEX_POINT('',#7319);
#7319 = CARTESIAN_POINT('',(57.85,67.351596988934,6.5));
#7320 = CIRCLE('',#7321,1.6);
#7321 = AXIS2_PLACEMENT_3D('',#7322,#7323,#7324);
#7322 = CARTESIAN_POINT('',(56.25,67.351596988934,6.5));
#7323 = DIRECTION('',(0.,0.,1.));
#7324 = DIRECTION('',(1.,0.,0.));
#7325 = PLANE('',#7326);
#7326 = AXIS2_PLACEMENT_3D('',#7327,#7328,#7329);
#7327 = CARTESIAN_POINT('',(68.,47.,6.5));
#7328 = DIRECTION('',(0.,0.,1.));
#7329 = DIRECTION('',(1.,0.,0.));
#7330 = ADVANCED_FACE('',(#7331,#7334),#7345,.T.);
#7331 = FACE_BOUND('',#7332,.T.);
#7332 = EDGE_LOOP('',(#7333));
#7333 = ORIENTED_EDGE('',*,*,#7258,.T.);
#7334 = FACE_BOUND('',#7335,.T.);
#7335 = EDGE_LOOP('',(#7336));
#7336 = ORIENTED_EDGE('',*,*,#7337,.F.);
#7337 = EDGE_CURVE('',#7338,#7338,#7340,.T.);
#7338 = VERTEX_POINT('',#7339);
#7339 = CARTESIAN_POINT('',(85.5,47.,124.));
#7340 = CIRCLE('',#7341,17.5);
#7341 = AXIS2_PLACEMENT_3D('',#7342,#7343,#7344);
#7342 = CARTESIAN_POINT('',(68.,47.,124.));
#7343 = DIRECTION('',(0.,0.,1.));
#7344 = DIRECTION('',(1.,0.,0.));
#7345 = PLANE('',#7346);
#7346 = AXIS2_PLACEMENT_3D('',#7347,#7348,#7349);
#7347 = CARTESIAN_POINT('',(68.,47.,124.));
#7348 = DIRECTION('',(0.,0.,1.));
#7349 = DIRECTION('',(1.,0.,0.));
#7350 = ADVANCED_FACE('',(#7351),#7370,.T.);
#7351 = FACE_BOUND('',#7352,.T.);
#7352 = EDGE_LOOP('',(#7353,#7354,#7362,#7369));
#7353 = ORIENTED_EDGE('',*,*,#7281,.F.);
#7354 = ORIENTED_EDGE('',*,*,#7355,.F.);
#7355 = EDGE_CURVE('',#7356,#7282,#7358,.T.);
#7356 = VERTEX_POINT('',#7357);
#7357 = CARTESIAN_POINT('',(94.5,47.,4.));
#7358 = LINE('',#7359,#7360);
#7359 = CARTESIAN_POINT('',(94.5,47.,4.));
#7360 = VECTOR('',#7361,1.);
#7361 = DIRECTION('',(0.,0.,1.));
#7362 = ORIENTED_EDGE('',*,*,#7363,.T.);
#7363 = EDGE_CURVE('',#7356,#7356,#7364,.T.);
#7364 = CIRCLE('',#7365,26.5);
#7365 = AXIS2_PLACEMENT_3D('',#7366,#7367,#7368);
#7366 = CARTESIAN_POINT('',(68.,47.,4.));
#7367 = DIRECTION('',(0.,0.,1.));
#7368 = DIRECTION('',(1.,0.,0.));
#7369 = ORIENTED_EDGE('',*,*,#7355,.T.);
#7370 = CYLINDRICAL_SURFACE('',#7371,26.5);
#7371 = AXIS2_PLACEMENT_3D('',#7372,#7373,#7374);
#7372 = CARTESIAN_POINT('',(68.,47.,4.));
#7373 = DIRECTION('',(0.,0.,1.));
#7374 = DIRECTION('',(1.,0.,0.));
#7375 = ADVANCED_FACE('',(#7376),#7395,.F.);
#7376 = FACE_BOUND('',#7377,.F.);
#7377 = EDGE_LOOP('',(#7378,#7379,#7387,#7394));
#7378 = ORIENTED_EDGE('',*,*,#7292,.F.);
#7379 = ORIENTED_EDGE('',*,*,#7380,.F.);
#7380 = EDGE_CURVE('',#7381,#7293,#7383,.T.);
#7381 = VERTEX_POINT('',#7382);
#7382 = CARTESIAN_POINT('',(57.85,26.648403011066,4.));
#7383 = LINE('',#7384,#7385);
#7384 = CARTESIAN_POINT('',(57.85,26.648403011066,3.));
#7385 = VECTOR('',#7386,1.);
#7386 = DIRECTION('',(0.,0.,1.));
#7387 = ORIENTED_EDGE('',*,*,#7388,.T.);
#7388 = EDGE_CURVE('',#7381,#7381,#7389,.T.);
#7389 = CIRCLE('',#7390,1.6);
#7390 = AXIS2_PLACEMENT_3D('',#7391,#7392,#7393);
#7391 = CARTESIAN_POINT('',(56.25,26.648403011066,4.));
#7392 = DIRECTION('',(0.,0.,1.));
#7393 = DIRECTION('',(1.,0.,0.));
#7394 = ORIENTED_EDGE('',*,*,#7380,.T.);
#7395 = CYLINDRICAL_SURFACE('',#7396,1.6);
#7396 = AXIS2_PLACEMENT_3D('',#7397,#7398,#7399);
#7397 = CARTESIAN_POINT('',(56.25,26.648403011066,3.));
#7398 = DIRECTION('',(0.,0.,1.));
#7399 = DIRECTION('',(1.,0.,0.));
#7400 = ADVANCED_FACE('',(#7401),#7420,.F.);
#7401 = FACE_BOUND('',#7402,.F.);
#7402 = EDGE_LOOP('',(#7403,#7404,#7412,#7419));
#7403 = ORIENTED_EDGE('',*,*,#7306,.F.);
#7404 = ORIENTED_EDGE('',*,*,#7405,.F.);
#7405 = EDGE_CURVE('',#7406,#7307,#7408,.T.);
#7406 = VERTEX_POINT('',#7407);
#7407 = CARTESIAN_POINT('',(93.1,47.,4.));
#7408 = LINE('',#7409,#7410);
#7409 = CARTESIAN_POINT('',(93.1,47.,3.));
#7410 = VECTOR('',#7411,1.);
#7411 = DIRECTION('',(0.,0.,1.));
#7412 = ORIENTED_EDGE('',*,*,#7413,.T.);
#7413 = EDGE_CURVE('',#7406,#7406,#7414,.T.);
#7414 = CIRCLE('',#7415,1.6);
#7415 = AXIS2_PLACEMENT_3D('',#7416,#7417,#7418);
#7416 = CARTESIAN_POINT('',(91.5,47.,4.));
#7417 = DIRECTION('',(0.,0.,1.));
#7418 = DIRECTION('',(1.,0.,0.));
#7419 = ORIENTED_EDGE('',*,*,#7405,.T.);
#7420 = CYLINDRICAL_SURFACE('',#7421,1.6);
#7421 = AXIS2_PLACEMENT_3D('',#7422,#7423,#7424);
#7422 = CARTESIAN_POINT('',(91.5,47.,3.));
#7423 = DIRECTION('',(0.,0.,1.));
#7424 = DIRECTION('',(1.,0.,0.));
#7425 = ADVANCED_FACE('',(#7426),#7445,.F.);
#7426 = FACE_BOUND('',#7427,.F.);
#7427 = EDGE_LOOP('',(#7428,#7429,#7437,#7444));
#7428 = ORIENTED_EDGE('',*,*,#7317,.F.);
#7429 = ORIENTED_EDGE('',*,*,#7430,.F.);
#7430 = EDGE_CURVE('',#7431,#7318,#7433,.T.);
#7431 = VERTEX_POINT('',#7432);
#7432 = CARTESIAN_POINT('',(57.85,67.351596988934,4.));
#7433 = LINE('',#7434,#7435);
#7434 = CARTESIAN_POINT('',(57.85,67.351596988934,3.));
#7435 = VECTOR('',#7436,1.);
#7436 = DIRECTION('',(0.,0.,1.));
#7437 = ORIENTED_EDGE('',*,*,#7438,.T.);
#7438 = EDGE_CURVE('',#7431,#7431,#7439,.T.);
#7439 = CIRCLE('',#7440,1.6);
#7440 = AXIS2_PLACEMENT_3D('',#7441,#7442,#7443);
#7441 = CARTESIAN_POINT('',(56.25,67.351596988934,4.));
#7442 = DIRECTION('',(0.,0.,1.));
#7443 = DIRECTION('',(1.,0.,0.));
#7444 = ORIENTED_EDGE('',*,*,#7430,.T.);
#7445 = CYLINDRICAL_SURFACE('',#7446,1.6);
#7446 = AXIS2_PLACEMENT_3D('',#7447,#7448,#7449);
#7447 = CARTESIAN_POINT('',(56.25,67.351596988934,3.));
#7448 = DIRECTION('',(0.,0.,1.));
#7449 = DIRECTION('',(1.,0.,0.));
#7450 = ADVANCED_FACE('',(#7451),#7470,.F.);
#7451 = FACE_BOUND('',#7452,.F.);
#7452 = EDGE_LOOP('',(#7453,#7454,#7462,#7469));
#7453 = ORIENTED_EDGE('',*,*,#7337,.F.);
#7454 = ORIENTED_EDGE('',*,*,#7455,.F.);
#7455 = EDGE_CURVE('',#7456,#7338,#7458,.T.);
#7456 = VERTEX_POINT('',#7457);
#7457 = CARTESIAN_POINT('',(85.5,47.,4.));
#7458 = LINE('',#7459,#7460);
#7459 = CARTESIAN_POINT('',(85.5,47.,3.));
#7460 = VECTOR('',#7461,1.);
#7461 = DIRECTION('',(0.,0.,1.));
#7462 = ORIENTED_EDGE('',*,*,#7463,.T.);
#7463 = EDGE_CURVE('',#7456,#7456,#7464,.T.);
#7464 = CIRCLE('',#7465,17.5);
#7465 = AXIS2_PLACEMENT_3D('',#7466,#7467,#7468);
#7466 = CARTESIAN_POINT('',(68.,47.,4.));
#7467 = DIRECTION('',(0.,0.,1.));
#7468 = DIRECTION('',(1.,0.,0.));
#7469 = ORIENTED_EDGE('',*,*,#7455,.T.);
#7470 = CYLINDRICAL_SURFACE('',#7471,17.5);
#7471 = AXIS2_PLACEMENT_3D('',#7472,#7473,#7474);
#7472 = CARTESIAN_POINT('',(68.,47.,3.));
#7473 = DIRECTION('',(0.,0.,1.));
#7474 = DIRECTION('',(1.,0.,0.));
#7475 = ADVANCED_FACE('',(#7476,#7479,#7482,#7493,#7496),#7499,.F.);
#7476 = FACE_BOUND('',#7477,.F.);
#7477 = EDGE_LOOP('',(#7478));
#7478 = ORIENTED_EDGE('',*,*,#7363,.T.);
#7479 = FACE_BOUND('',#7480,.F.);
#7480 = EDGE_LOOP('',(#7481));
#7481 = ORIENTED_EDGE('',*,*,#7388,.F.);
#7482 = FACE_BOUND('',#7483,.F.);
#7483 = EDGE_LOOP('',(#7484));
#7484 = ORIENTED_EDGE('',*,*,#7485,.F.);
#7485 = EDGE_CURVE('',#7486,#7486,#7488,.T.);
#7486 = VERTEX_POINT('',#7487);
#7487 = CARTESIAN_POINT('',(88.5,47.,4.));
#7488 = CIRCLE('',#7489,20.5);
#7489 = AXIS2_PLACEMENT_3D('',#7490,#7491,#7492);
#7490 = CARTESIAN_POINT('',(68.,47.,4.));
#7491 = DIRECTION('',(0.,0.,1.));
#7492 = DIRECTION('',(1.,0.,0.));
#7493 = FACE_BOUND('',#7494,.F.);
#7494 = EDGE_LOOP('',(#7495));
#7495 = ORIENTED_EDGE('',*,*,#7413,.F.);
#7496 = FACE_BOUND('',#7497,.F.);
#7497 = EDGE_LOOP('',(#7498));
#7498 = ORIENTED_EDGE('',*,*,#7438,.F.);
#7499 = PLANE('',#7500);
#7500 = AXIS2_PLACEMENT_3D('',#7501,#7502,#7503);
#7501 = CARTESIAN_POINT('',(68.,47.,4.));
#7502 = DIRECTION('',(0.,0.,1.));
#7503 = DIRECTION('',(1.,0.,0.));
#7504 = ADVANCED_FACE('',(#7505,#7508),#7511,.F.);
#7505 = FACE_BOUND('',#7506,.F.);
#7506 = EDGE_LOOP('',(#7507));
#7507 = ORIENTED_EDGE('',*,*,#7485,.T.);
#7508 = FACE_BOUND('',#7509,.F.);
#7509 = EDGE_LOOP('',(#7510));
#7510 = ORIENTED_EDGE('',*,*,#7463,.F.);
#7511 = PLANE('',#7512);
#7512 = AXIS2_PLACEMENT_3D('',#7513,#7514,#7515);
#7513 = CARTESIAN_POINT('',(68.,47.,4.));
#7514 = DIRECTION('',(0.,0.,1.));
#7515 = DIRECTION('',(1.,0.,0.));
#7516 = MANIFOLD_SOLID_BREP('',#7517);
#7517 = CLOSED_SHELL('',(#7518,#7558,#7591,#7624,#7719,#7814,#7831,#7848
    ,#7865,#7882,#7894,#7919,#7944,#7969,#7994,#8011,#8028,#8045));
#7518 = ADVANCED_FACE('',(#7519),#7553,.F.);
#7519 = FACE_BOUND('',#7520,.F.);
#7520 = EDGE_LOOP('',(#7521,#7531,#7539,#7547));
#7521 = ORIENTED_EDGE('',*,*,#7522,.T.);
#7522 = EDGE_CURVE('',#7523,#7525,#7527,.T.);
#7523 = VERTEX_POINT('',#7524);
#7524 = CARTESIAN_POINT('',(123.5,82.,186.));
#7525 = VERTEX_POINT('',#7526);
#7526 = CARTESIAN_POINT('',(123.5,82.,174.));
#7527 = LINE('',#7528,#7529);
#7528 = CARTESIAN_POINT('',(123.5,82.,186.));
#7529 = VECTOR('',#7530,1.);
#7530 = DIRECTION('',(0.,0.,-1.));
#7531 = ORIENTED_EDGE('',*,*,#7532,.T.);
#7532 = EDGE_CURVE('',#7525,#7533,#7535,.T.);
#7533 = VERTEX_POINT('',#7534);
#7534 = CARTESIAN_POINT('',(12.5,82.,174.));
#7535 = LINE('',#7536,#7537);
#7536 = CARTESIAN_POINT('',(123.5,82.,174.));
#7537 = VECTOR('',#7538,1.);
#7538 = DIRECTION('',(-1.,0.,0.));
#7539 = ORIENTED_EDGE('',*,*,#7540,.F.);
#7540 = EDGE_CURVE('',#7541,#7533,#7543,.T.);
#7541 = VERTEX_POINT('',#7542);
#7542 = CARTESIAN_POINT('',(12.5,82.,186.));
#7543 = LINE('',#7544,#7545);
#7544 = CARTESIAN_POINT('',(12.5,82.,186.));
#7545 = VECTOR('',#7546,1.);
#7546 = DIRECTION('',(0.,0.,-1.));
#7547 = ORIENTED_EDGE('',*,*,#7548,.F.);
#7548 = EDGE_CURVE('',#7523,#7541,#7549,.T.);
#7549 = LINE('',#7550,#7551);
#7550 = CARTESIAN_POINT('',(123.5,82.,186.));
#7551 = VECTOR('',#7552,1.);
#7552 = DIRECTION('',(-1.,0.,0.));
#7553 = PLANE('',#7554);
#7554 = AXIS2_PLACEMENT_3D('',#7555,#7556,#7557);
#7555 = CARTESIAN_POINT('',(123.5,82.,186.));
#7556 = DIRECTION('',(0.,1.,0.));
#7557 = DIRECTION('',(-1.,0.,0.));
#7558 = ADVANCED_FACE('',(#7559),#7586,.T.);
#7559 = FACE_BOUND('',#7560,.F.);
#7560 = EDGE_LOOP('',(#7561,#7571,#7578,#7579));
#7561 = ORIENTED_EDGE('',*,*,#7562,.T.);
#7562 = EDGE_CURVE('',#7563,#7565,#7567,.T.);
#7563 = VERTEX_POINT('',#7564);
#7564 = CARTESIAN_POINT('',(124.,82.5,186.));
#7565 = VERTEX_POINT('',#7566);
#7566 = CARTESIAN_POINT('',(124.,82.5,174.));
#7567 = LINE('',#7568,#7569);
#7568 = CARTESIAN_POINT('',(124.,82.5,186.));
#7569 = VECTOR('',#7570,1.);
#7570 = DIRECTION('',(0.,0.,-1.));
#7571 = ORIENTED_EDGE('',*,*,#7572,.T.);
#7572 = EDGE_CURVE('',#7565,#7525,#7573,.T.);
#7573 = CIRCLE('',#7574,0.5);
#7574 = AXIS2_PLACEMENT_3D('',#7575,#7576,#7577);
#7575 = CARTESIAN_POINT('',(123.5,82.5,174.));
#7576 = DIRECTION('',(0.,0.,-1.));
#7577 = DIRECTION('',(1.,2.84217094304E-14,0.));
#7578 = ORIENTED_EDGE('',*,*,#7522,.F.);
#7579 = ORIENTED_EDGE('',*,*,#7580,.F.);
#7580 = EDGE_CURVE('',#7563,#7523,#7581,.T.);
#7581 = CIRCLE('',#7582,0.5);
#7582 = AXIS2_PLACEMENT_3D('',#7583,#7584,#7585);
#7583 = CARTESIAN_POINT('',(123.5,82.5,186.));
#7584 = DIRECTION('',(0.,0.,-1.));
#7585 = DIRECTION('',(1.,2.84217094304E-14,0.));
#7586 = CYLINDRICAL_SURFACE('',#7587,0.5);
#7587 = AXIS2_PLACEMENT_3D('',#7588,#7589,#7590);
#7588 = CARTESIAN_POINT('',(123.5,82.5,186.));
#7589 = DIRECTION('',(0.,-0.,1.));
#7590 = DIRECTION('',(1.,2.84217094304E-14,0.));
#7591 = ADVANCED_FACE('',(#7592),#7619,.T.);
#7592 = FACE_BOUND('',#7593,.F.);
#7593 = EDGE_LOOP('',(#7594,#7595,#7604,#7612));
#7594 = ORIENTED_EDGE('',*,*,#7540,.T.);
#7595 = ORIENTED_EDGE('',*,*,#7596,.T.);
#7596 = EDGE_CURVE('',#7533,#7597,#7599,.T.);
#7597 = VERTEX_POINT('',#7598);
#7598 = CARTESIAN_POINT('',(12.,82.5,174.));
#7599 = CIRCLE('',#7600,0.5);
#7600 = AXIS2_PLACEMENT_3D('',#7601,#7602,#7603);
#7601 = CARTESIAN_POINT('',(12.5,82.5,174.));
#7602 = DIRECTION('',(-0.,0.,-1.));
#7603 = DIRECTION('',(1.42108547152E-14,-1.,-0.));
#7604 = ORIENTED_EDGE('',*,*,#7605,.F.);
#7605 = EDGE_CURVE('',#7606,#7597,#7608,.T.);
#7606 = VERTEX_POINT('',#7607);
#7607 = CARTESIAN_POINT('',(12.,82.5,186.));
#7608 = LINE('',#7609,#7610);
#7609 = CARTESIAN_POINT('',(12.,82.5,186.));
#7610 = VECTOR('',#7611,1.);
#7611 = DIRECTION('',(0.,0.,-1.));
#7612 = ORIENTED_EDGE('',*,*,#7613,.F.);
#7613 = EDGE_CURVE('',#7541,#7606,#7614,.T.);
#7614 = CIRCLE('',#7615,0.5);
#7615 = AXIS2_PLACEMENT_3D('',#7616,#7617,#7618);
#7616 = CARTESIAN_POINT('',(12.5,82.5,186.));
#7617 = DIRECTION('',(-0.,0.,-1.));
#7618 = DIRECTION('',(1.42108547152E-14,-1.,-0.));
#7619 = CYLINDRICAL_SURFACE('',#7620,0.5);
#7620 = AXIS2_PLACEMENT_3D('',#7621,#7622,#7623);
#7621 = CARTESIAN_POINT('',(12.5,82.5,186.));
#7622 = DIRECTION('',(0.,-0.,1.));
#7623 = DIRECTION('',(1.42108547152E-14,-1.,-0.));
#7624 = ADVANCED_FACE('',(#7625,#7670,#7681,#7692,#7703),#7714,.F.);
#7625 = FACE_BOUND('',#7626,.F.);
#7626 = EDGE_LOOP('',(#7627,#7628,#7629,#7637,#7646,#7654,#7663,#7669));
#7627 = ORIENTED_EDGE('',*,*,#7548,.T.);
#7628 = ORIENTED_EDGE('',*,*,#7613,.T.);
#7629 = ORIENTED_EDGE('',*,*,#7630,.T.);
#7630 = EDGE_CURVE('',#7606,#7631,#7633,.T.);
#7631 = VERTEX_POINT('',#7632);
#7632 = CARTESIAN_POINT('',(12.,214.,186.));
#7633 = LINE('',#7634,#7635);
#7634 = CARTESIAN_POINT('',(12.,82.5,186.));
#7635 = VECTOR('',#7636,1.);
#7636 = DIRECTION('',(0.,1.,0.));
#7637 = ORIENTED_EDGE('',*,*,#7638,.T.);
#7638 = EDGE_CURVE('',#7631,#7639,#7641,.T.);
#7639 = VERTEX_POINT('',#7640);
#7640 = CARTESIAN_POINT('',(16.,218.,186.));
#7641 = CIRCLE('',#7642,4.);
#7642 = AXIS2_PLACEMENT_3D('',#7643,#7644,#7645);
#7643 = CARTESIAN_POINT('',(16.,214.,186.));
#7644 = DIRECTION('',(0.,0.,-1.));
#7645 = DIRECTION('',(-1.,1.7763568394E-15,0.));
#7646 = ORIENTED_EDGE('',*,*,#7647,.T.);
#7647 = EDGE_CURVE('',#7639,#7648,#7650,.T.);
#7648 = VERTEX_POINT('',#7649);
#7649 = CARTESIAN_POINT('',(120.,218.,186.));
#7650 = LINE('',#7651,#7652);
#7651 = CARTESIAN_POINT('',(16.,218.,186.));
#7652 = VECTOR('',#7653,1.);
#7653 = DIRECTION('',(1.,0.,0.));
#7654 = ORIENTED_EDGE('',*,*,#7655,.T.);
#7655 = EDGE_CURVE('',#7648,#7656,#7658,.T.);
#7656 = VERTEX_POINT('',#7657);
#7657 = CARTESIAN_POINT('',(124.,214.,186.));
#7658 = CIRCLE('',#7659,4.);
#7659 = AXIS2_PLACEMENT_3D('',#7660,#7661,#7662);
#7660 = CARTESIAN_POINT('',(120.,214.,186.));
#7661 = DIRECTION('',(0.,0.,-1.));
#7662 = DIRECTION('',(1.7763568394E-15,1.,0.));
#7663 = ORIENTED_EDGE('',*,*,#7664,.T.);
#7664 = EDGE_CURVE('',#7656,#7563,#7665,.T.);
#7665 = LINE('',#7666,#7667);
#7666 = CARTESIAN_POINT('',(124.,214.,186.));
#7667 = VECTOR('',#7668,1.);
#7668 = DIRECTION('',(0.,-1.,0.));
#7669 = ORIENTED_EDGE('',*,*,#7580,.T.);
#7670 = FACE_BOUND('',#7671,.F.);
#7671 = EDGE_LOOP('',(#7672));
#7672 = ORIENTED_EDGE('',*,*,#7673,.F.);
#7673 = EDGE_CURVE('',#7674,#7674,#7676,.T.);
#7674 = VERTEX_POINT('',#7675);
#7675 = CARTESIAN_POINT('',(110.75,92.,186.));
#7676 = CIRCLE('',#7677,4.25);
#7677 = AXIS2_PLACEMENT_3D('',#7678,#7679,#7680);
#7678 = CARTESIAN_POINT('',(115.,92.,186.));
#7679 = DIRECTION('',(0.,0.,-1.));
#7680 = DIRECTION('',(-1.,0.,0.));
#7681 = FACE_BOUND('',#7682,.F.);
#7682 = EDGE_LOOP('',(#7683));
#7683 = ORIENTED_EDGE('',*,*,#7684,.F.);
#7684 = EDGE_CURVE('',#7685,#7685,#7687,.T.);
#7685 = VERTEX_POINT('',#7686);
#7686 = CARTESIAN_POINT('',(16.75,92.,186.));
#7687 = CIRCLE('',#7688,4.25);
#7688 = AXIS2_PLACEMENT_3D('',#7689,#7690,#7691);
#7689 = CARTESIAN_POINT('',(21.,92.,186.));
#7690 = DIRECTION('',(0.,0.,-1.));
#7691 = DIRECTION('',(-1.,0.,0.));
#7692 = FACE_BOUND('',#7693,.F.);
#7693 = EDGE_LOOP('',(#7694));
#7694 = ORIENTED_EDGE('',*,*,#7695,.F.);
#7695 = EDGE_CURVE('',#7696,#7696,#7698,.T.);
#7696 = VERTEX_POINT('',#7697);
#7697 = CARTESIAN_POINT('',(110.75,205.,186.));
#7698 = CIRCLE('',#7699,4.25);
#7699 = AXIS2_PLACEMENT_3D('',#7700,#7701,#7702);
#7700 = CARTESIAN_POINT('',(115.,205.,186.));
#7701 = DIRECTION('',(0.,0.,-1.));
#7702 = DIRECTION('',(-1.,0.,0.));
#7703 = FACE_BOUND('',#7704,.F.);
#7704 = EDGE_LOOP('',(#7705));
#7705 = ORIENTED_EDGE('',*,*,#7706,.F.);
#7706 = EDGE_CURVE('',#7707,#7707,#7709,.T.);
#7707 = VERTEX_POINT('',#7708);
#7708 = CARTESIAN_POINT('',(16.75,205.,186.));
#7709 = CIRCLE('',#7710,4.25);
#7710 = AXIS2_PLACEMENT_3D('',#7711,#7712,#7713);
#7711 = CARTESIAN_POINT('',(21.,205.,186.));
#7712 = DIRECTION('',(0.,0.,-1.));
#7713 = DIRECTION('',(-1.,0.,0.));
#7714 = PLANE('',#7715);
#7715 = AXIS2_PLACEMENT_3D('',#7716,#7717,#7718);
#7716 = CARTESIAN_POINT('',(68.,149.56186309271,186.));
#7717 = DIRECTION('',(0.,0.,-1.));
#7718 = DIRECTION('',(-1.,0.,0.));
#7719 = ADVANCED_FACE('',(#7720,#7765,#7776,#7787,#7798),#7809,.T.);
#7720 = FACE_BOUND('',#7721,.T.);
#7721 = EDGE_LOOP('',(#7722,#7723,#7724,#7732,#7741,#7749,#7758,#7764));
#7722 = ORIENTED_EDGE('',*,*,#7532,.T.);
#7723 = ORIENTED_EDGE('',*,*,#7596,.T.);
#7724 = ORIENTED_EDGE('',*,*,#7725,.T.);
#7725 = EDGE_CURVE('',#7597,#7726,#7728,.T.);
#7726 = VERTEX_POINT('',#7727);
#7727 = CARTESIAN_POINT('',(12.,214.,174.));
#7728 = LINE('',#7729,#7730);
#7729 = CARTESIAN_POINT('',(12.,82.5,174.));
#7730 = VECTOR('',#7731,1.);
#7731 = DIRECTION('',(0.,1.,0.));
#7732 = ORIENTED_EDGE('',*,*,#7733,.T.);
#7733 = EDGE_CURVE('',#7726,#7734,#7736,.T.);
#7734 = VERTEX_POINT('',#7735);
#7735 = CARTESIAN_POINT('',(16.,218.,174.));
#7736 = CIRCLE('',#7737,4.);
#7737 = AXIS2_PLACEMENT_3D('',#7738,#7739,#7740);
#7738 = CARTESIAN_POINT('',(16.,214.,174.));
#7739 = DIRECTION('',(0.,0.,-1.));
#7740 = DIRECTION('',(-1.,1.7763568394E-15,0.));
#7741 = ORIENTED_EDGE('',*,*,#7742,.T.);
#7742 = EDGE_CURVE('',#7734,#7743,#7745,.T.);
#7743 = VERTEX_POINT('',#7744);
#7744 = CARTESIAN_POINT('',(120.,218.,174.));
#7745 = LINE('',#7746,#7747);
#7746 = CARTESIAN_POINT('',(16.,218.,174.));
#7747 = VECTOR('',#7748,1.);
#7748 = DIRECTION('',(1.,0.,0.));
#7749 = ORIENTED_EDGE('',*,*,#7750,.T.);
#7750 = EDGE_CURVE('',#7743,#7751,#7753,.T.);
#7751 = VERTEX_POINT('',#7752);
#7752 = CARTESIAN_POINT('',(124.,214.,174.));
#7753 = CIRCLE('',#7754,4.);
#7754 = AXIS2_PLACEMENT_3D('',#7755,#7756,#7757);
#7755 = CARTESIAN_POINT('',(120.,214.,174.));
#7756 = DIRECTION('',(0.,0.,-1.));
#7757 = DIRECTION('',(1.7763568394E-15,1.,0.));
#7758 = ORIENTED_EDGE('',*,*,#7759,.T.);
#7759 = EDGE_CURVE('',#7751,#7565,#7760,.T.);
#7760 = LINE('',#7761,#7762);
#7761 = CARTESIAN_POINT('',(124.,214.,174.));
#7762 = VECTOR('',#7763,1.);
#7763 = DIRECTION('',(0.,-1.,0.));
#7764 = ORIENTED_EDGE('',*,*,#7572,.T.);
#7765 = FACE_BOUND('',#7766,.T.);
#7766 = EDGE_LOOP('',(#7767));
#7767 = ORIENTED_EDGE('',*,*,#7768,.F.);
#7768 = EDGE_CURVE('',#7769,#7769,#7771,.T.);
#7769 = VERTEX_POINT('',#7770);
#7770 = CARTESIAN_POINT('',(112.9,92.,174.));
#7771 = CIRCLE('',#7772,2.1);
#7772 = AXIS2_PLACEMENT_3D('',#7773,#7774,#7775);
#7773 = CARTESIAN_POINT('',(115.,92.,174.));
#7774 = DIRECTION('',(0.,0.,-1.));
#7775 = DIRECTION('',(-1.,0.,0.));
#7776 = FACE_BOUND('',#7777,.T.);
#7777 = EDGE_LOOP('',(#7778));
#7778 = ORIENTED_EDGE('',*,*,#7779,.F.);
#7779 = EDGE_CURVE('',#7780,#7780,#7782,.T.);
#7780 = VERTEX_POINT('',#7781);
#7781 = CARTESIAN_POINT('',(18.9,92.,174.));
#7782 = CIRCLE('',#7783,2.1);
#7783 = AXIS2_PLACEMENT_3D('',#7784,#7785,#7786);
#7784 = CARTESIAN_POINT('',(21.,92.,174.));
#7785 = DIRECTION('',(0.,0.,-1.));
#7786 = DIRECTION('',(-1.,0.,0.));
#7787 = FACE_BOUND('',#7788,.T.);
#7788 = EDGE_LOOP('',(#7789));
#7789 = ORIENTED_EDGE('',*,*,#7790,.F.);
#7790 = EDGE_CURVE('',#7791,#7791,#7793,.T.);
#7791 = VERTEX_POINT('',#7792);
#7792 = CARTESIAN_POINT('',(112.9,205.,174.));
#7793 = CIRCLE('',#7794,2.1);
#7794 = AXIS2_PLACEMENT_3D('',#7795,#7796,#7797);
#7795 = CARTESIAN_POINT('',(115.,205.,174.));
#7796 = DIRECTION('',(0.,0.,-1.));
#7797 = DIRECTION('',(-1.,0.,0.));
#7798 = FACE_BOUND('',#7799,.T.);
#7799 = EDGE_LOOP('',(#7800));
#7800 = ORIENTED_EDGE('',*,*,#7801,.F.);
#7801 = EDGE_CURVE('',#7802,#7802,#7804,.T.);
#7802 = VERTEX_POINT('',#7803);
#7803 = CARTESIAN_POINT('',(18.9,205.,174.));
#7804 = CIRCLE('',#7805,2.1);
#7805 = AXIS2_PLACEMENT_3D('',#7806,#7807,#7808);
#7806 = CARTESIAN_POINT('',(21.,205.,174.));
#7807 = DIRECTION('',(0.,0.,-1.));
#7808 = DIRECTION('',(-1.,0.,0.));
#7809 = PLANE('',#7810);
#7810 = AXIS2_PLACEMENT_3D('',#7811,#7812,#7813);
#7811 = CARTESIAN_POINT('',(68.,149.56186309271,174.));
#7812 = DIRECTION('',(0.,0.,-1.));
#7813 = DIRECTION('',(-1.,0.,0.));
#7814 = ADVANCED_FACE('',(#7815),#7826,.F.);
#7815 = FACE_BOUND('',#7816,.F.);
#7816 = EDGE_LOOP('',(#7817,#7823,#7824,#7825));
#7817 = ORIENTED_EDGE('',*,*,#7818,.T.);
#7818 = EDGE_CURVE('',#7656,#7751,#7819,.T.);
#7819 = LINE('',#7820,#7821);
#7820 = CARTESIAN_POINT('',(124.,214.,186.));
#7821 = VECTOR('',#7822,1.);
#7822 = DIRECTION('',(0.,0.,-1.));
#7823 = ORIENTED_EDGE('',*,*,#7759,.T.);
#7824 = ORIENTED_EDGE('',*,*,#7562,.F.);
#7825 = ORIENTED_EDGE('',*,*,#7664,.F.);
#7826 = PLANE('',#7827);
#7827 = AXIS2_PLACEMENT_3D('',#7828,#7829,#7830);
#7828 = CARTESIAN_POINT('',(124.,214.,186.));
#7829 = DIRECTION('',(-1.,0.,0.));
#7830 = DIRECTION('',(0.,-1.,0.));
#7831 = ADVANCED_FACE('',(#7832),#7843,.F.);
#7832 = FACE_BOUND('',#7833,.F.);
#7833 = EDGE_LOOP('',(#7834,#7835,#7836,#7842));
#7834 = ORIENTED_EDGE('',*,*,#7605,.T.);
#7835 = ORIENTED_EDGE('',*,*,#7725,.T.);
#7836 = ORIENTED_EDGE('',*,*,#7837,.F.);
#7837 = EDGE_CURVE('',#7631,#7726,#7838,.T.);
#7838 = LINE('',#7839,#7840);
#7839 = CARTESIAN_POINT('',(12.,214.,186.));
#7840 = VECTOR('',#7841,1.);
#7841 = DIRECTION('',(0.,0.,-1.));
#7842 = ORIENTED_EDGE('',*,*,#7630,.F.);
#7843 = PLANE('',#7844);
#7844 = AXIS2_PLACEMENT_3D('',#7845,#7846,#7847);
#7845 = CARTESIAN_POINT('',(12.,82.5,186.));
#7846 = DIRECTION('',(1.,0.,0.));
#7847 = DIRECTION('',(0.,1.,0.));
#7848 = ADVANCED_FACE('',(#7849),#7860,.T.);
#7849 = FACE_BOUND('',#7850,.F.);
#7850 = EDGE_LOOP('',(#7851,#7857,#7858,#7859));
#7851 = ORIENTED_EDGE('',*,*,#7852,.T.);
#7852 = EDGE_CURVE('',#7648,#7743,#7853,.T.);
#7853 = LINE('',#7854,#7855);
#7854 = CARTESIAN_POINT('',(120.,218.,186.));
#7855 = VECTOR('',#7856,1.);
#7856 = DIRECTION('',(0.,0.,-1.));
#7857 = ORIENTED_EDGE('',*,*,#7750,.T.);
#7858 = ORIENTED_EDGE('',*,*,#7818,.F.);
#7859 = ORIENTED_EDGE('',*,*,#7655,.F.);
#7860 = CYLINDRICAL_SURFACE('',#7861,4.);
#7861 = AXIS2_PLACEMENT_3D('',#7862,#7863,#7864);
#7862 = CARTESIAN_POINT('',(120.,214.,186.));
#7863 = DIRECTION('',(0.,-0.,1.));
#7864 = DIRECTION('',(1.7763568394E-15,1.,0.));
#7865 = ADVANCED_FACE('',(#7866),#7877,.T.);
#7866 = FACE_BOUND('',#7867,.F.);
#7867 = EDGE_LOOP('',(#7868,#7869,#7870,#7876));
#7868 = ORIENTED_EDGE('',*,*,#7837,.T.);
#7869 = ORIENTED_EDGE('',*,*,#7733,.T.);
#7870 = ORIENTED_EDGE('',*,*,#7871,.F.);
#7871 = EDGE_CURVE('',#7639,#7734,#7872,.T.);
#7872 = LINE('',#7873,#7874);
#7873 = CARTESIAN_POINT('',(16.,218.,186.));
#7874 = VECTOR('',#7875,1.);
#7875 = DIRECTION('',(0.,0.,-1.));
#7876 = ORIENTED_EDGE('',*,*,#7638,.F.);
#7877 = CYLINDRICAL_SURFACE('',#7878,4.);
#7878 = AXIS2_PLACEMENT_3D('',#7879,#7880,#7881);
#7879 = CARTESIAN_POINT('',(16.,214.,186.));
#7880 = DIRECTION('',(0.,-0.,1.));
#7881 = DIRECTION('',(-1.,1.7763568394E-15,0.));
#7882 = ADVANCED_FACE('',(#7883),#7889,.F.);
#7883 = FACE_BOUND('',#7884,.F.);
#7884 = EDGE_LOOP('',(#7885,#7886,#7887,#7888));
#7885 = ORIENTED_EDGE('',*,*,#7871,.T.);
#7886 = ORIENTED_EDGE('',*,*,#7742,.T.);
#7887 = ORIENTED_EDGE('',*,*,#7852,.F.);
#7888 = ORIENTED_EDGE('',*,*,#7647,.F.);
#7889 = PLANE('',#7890);
#7890 = AXIS2_PLACEMENT_3D('',#7891,#7892,#7893);
#7891 = CARTESIAN_POINT('',(16.,218.,186.));
#7892 = DIRECTION('',(0.,-1.,0.));
#7893 = DIRECTION('',(1.,0.,0.));
#7894 = ADVANCED_FACE('',(#7895),#7914,.F.);
#7895 = FACE_BOUND('',#7896,.F.);
#7896 = EDGE_LOOP('',(#7897,#7906,#7912,#7913));
#7897 = ORIENTED_EDGE('',*,*,#7898,.F.);
#7898 = EDGE_CURVE('',#7899,#7899,#7901,.T.);
#7899 = VERTEX_POINT('',#7900);
#7900 = CARTESIAN_POINT('',(112.9,92.,183.5));
#7901 = CIRCLE('',#7902,2.1);
#7902 = AXIS2_PLACEMENT_3D('',#7903,#7904,#7905);
#7903 = CARTESIAN_POINT('',(115.,92.,183.5));
#7904 = DIRECTION('',(0.,0.,-1.));
#7905 = DIRECTION('',(-1.,0.,0.));
#7906 = ORIENTED_EDGE('',*,*,#7907,.F.);
#7907 = EDGE_CURVE('',#7674,#7899,#7908,.T.);
#7908 = LINE('',#7909,#7910);
#7909 = CARTESIAN_POINT('',(110.75,92.,186.));
#7910 = VECTOR('',#7911,1.);
#7911 = DIRECTION('',(0.652039268828,1.597035606977E-16,-0.758185196312)
  );
#7912 = ORIENTED_EDGE('',*,*,#7673,.T.);
#7913 = ORIENTED_EDGE('',*,*,#7907,.T.);
#7914 = CONICAL_SURFACE('',#7915,4.25,0.710271007487);
#7915 = AXIS2_PLACEMENT_3D('',#7916,#7917,#7918);
#7916 = CARTESIAN_POINT('',(115.,92.,186.));
#7917 = DIRECTION('',(0.,-0.,1.));
#7918 = DIRECTION('',(-1.,0.,0.));
#7919 = ADVANCED_FACE('',(#7920),#7939,.F.);
#7920 = FACE_BOUND('',#7921,.F.);
#7921 = EDGE_LOOP('',(#7922,#7931,#7937,#7938));
#7922 = ORIENTED_EDGE('',*,*,#7923,.F.);
#7923 = EDGE_CURVE('',#7924,#7924,#7926,.T.);
#7924 = VERTEX_POINT('',#7925);
#7925 = CARTESIAN_POINT('',(18.9,92.,183.5));
#7926 = CIRCLE('',#7927,2.1);
#7927 = AXIS2_PLACEMENT_3D('',#7928,#7929,#7930);
#7928 = CARTESIAN_POINT('',(21.,92.,183.5));
#7929 = DIRECTION('',(0.,0.,-1.));
#7930 = DIRECTION('',(-1.,0.,0.));
#7931 = ORIENTED_EDGE('',*,*,#7932,.F.);
#7932 = EDGE_CURVE('',#7685,#7924,#7933,.T.);
#7933 = LINE('',#7934,#7935);
#7934 = CARTESIAN_POINT('',(16.75,92.,186.));
#7935 = VECTOR('',#7936,1.);
#7936 = DIRECTION('',(0.652039268828,1.597035606977E-16,-0.758185196312)
  );
#7937 = ORIENTED_EDGE('',*,*,#7684,.T.);
#7938 = ORIENTED_EDGE('',*,*,#7932,.T.);
#7939 = CONICAL_SURFACE('',#7940,4.25,0.710271007487);
#7940 = AXIS2_PLACEMENT_3D('',#7941,#7942,#7943);
#7941 = CARTESIAN_POINT('',(21.,92.,186.));
#7942 = DIRECTION('',(0.,-0.,1.));
#7943 = DIRECTION('',(-1.,0.,0.));
#7944 = ADVANCED_FACE('',(#7945),#7964,.F.);
#7945 = FACE_BOUND('',#7946,.F.);
#7946 = EDGE_LOOP('',(#7947,#7956,#7962,#7963));
#7947 = ORIENTED_EDGE('',*,*,#7948,.F.);
#7948 = EDGE_CURVE('',#7949,#7949,#7951,.T.);
#7949 = VERTEX_POINT('',#7950);
#7950 = CARTESIAN_POINT('',(112.9,205.,183.5));
#7951 = CIRCLE('',#7952,2.1);
#7952 = AXIS2_PLACEMENT_3D('',#7953,#7954,#7955);
#7953 = CARTESIAN_POINT('',(115.,205.,183.5));
#7954 = DIRECTION('',(0.,0.,-1.));
#7955 = DIRECTION('',(-1.,0.,0.));
#7956 = ORIENTED_EDGE('',*,*,#7957,.F.);
#7957 = EDGE_CURVE('',#7696,#7949,#7958,.T.);
#7958 = LINE('',#7959,#7960);
#7959 = CARTESIAN_POINT('',(110.75,205.,186.));
#7960 = VECTOR('',#7961,1.);
#7961 = DIRECTION('',(0.652039268828,1.597035606977E-16,-0.758185196312)
  );
#7962 = ORIENTED_EDGE('',*,*,#7695,.T.);
#7963 = ORIENTED_EDGE('',*,*,#7957,.T.);
#7964 = CONICAL_SURFACE('',#7965,4.25,0.710271007487);
#7965 = AXIS2_PLACEMENT_3D('',#7966,#7967,#7968);
#7966 = CARTESIAN_POINT('',(115.,205.,186.));
#7967 = DIRECTION('',(0.,-0.,1.));
#7968 = DIRECTION('',(-1.,0.,0.));
#7969 = ADVANCED_FACE('',(#7970),#7989,.F.);
#7970 = FACE_BOUND('',#7971,.F.);
#7971 = EDGE_LOOP('',(#7972,#7981,#7987,#7988));
#7972 = ORIENTED_EDGE('',*,*,#7973,.F.);
#7973 = EDGE_CURVE('',#7974,#7974,#7976,.T.);
#7974 = VERTEX_POINT('',#7975);
#7975 = CARTESIAN_POINT('',(18.9,205.,183.5));
#7976 = CIRCLE('',#7977,2.1);
#7977 = AXIS2_PLACEMENT_3D('',#7978,#7979,#7980);
#7978 = CARTESIAN_POINT('',(21.,205.,183.5));
#7979 = DIRECTION('',(0.,0.,-1.));
#7980 = DIRECTION('',(-1.,0.,0.));
#7981 = ORIENTED_EDGE('',*,*,#7982,.F.);
#7982 = EDGE_CURVE('',#7707,#7974,#7983,.T.);
#7983 = LINE('',#7984,#7985);
#7984 = CARTESIAN_POINT('',(16.75,205.,186.));
#7985 = VECTOR('',#7986,1.);
#7986 = DIRECTION('',(0.652039268828,1.597035606977E-16,-0.758185196312)
  );
#7987 = ORIENTED_EDGE('',*,*,#7706,.T.);
#7988 = ORIENTED_EDGE('',*,*,#7982,.T.);
#7989 = CONICAL_SURFACE('',#7990,4.25,0.710271007487);
#7990 = AXIS2_PLACEMENT_3D('',#7991,#7992,#7993);
#7991 = CARTESIAN_POINT('',(21.,205.,186.));
#7992 = DIRECTION('',(0.,-0.,1.));
#7993 = DIRECTION('',(-1.,0.,0.));
#7994 = ADVANCED_FACE('',(#7995),#8006,.F.);
#7995 = FACE_BOUND('',#7996,.F.);
#7996 = EDGE_LOOP('',(#7997,#8003,#8004,#8005));
#7997 = ORIENTED_EDGE('',*,*,#7998,.T.);
#7998 = EDGE_CURVE('',#7899,#7769,#7999,.T.);
#7999 = LINE('',#8000,#8001);
#8000 = CARTESIAN_POINT('',(112.9,92.,187.));
#8001 = VECTOR('',#8002,1.);
#8002 = DIRECTION('',(0.,0.,-1.));
#8003 = ORIENTED_EDGE('',*,*,#7768,.F.);
#8004 = ORIENTED_EDGE('',*,*,#7998,.F.);
#8005 = ORIENTED_EDGE('',*,*,#7898,.T.);
#8006 = CYLINDRICAL_SURFACE('',#8007,2.1);
#8007 = AXIS2_PLACEMENT_3D('',#8008,#8009,#8010);
#8008 = CARTESIAN_POINT('',(115.,92.,187.));
#8009 = DIRECTION('',(0.,0.,-1.));
#8010 = DIRECTION('',(-1.,0.,0.));
#8011 = ADVANCED_FACE('',(#8012),#8023,.F.);
#8012 = FACE_BOUND('',#8013,.F.);
#8013 = EDGE_LOOP('',(#8014,#8020,#8021,#8022));
#8014 = ORIENTED_EDGE('',*,*,#8015,.T.);
#8015 = EDGE_CURVE('',#7924,#7780,#8016,.T.);
#8016 = LINE('',#8017,#8018);
#8017 = CARTESIAN_POINT('',(18.9,92.,187.));
#8018 = VECTOR('',#8019,1.);
#8019 = DIRECTION('',(0.,0.,-1.));
#8020 = ORIENTED_EDGE('',*,*,#7779,.F.);
#8021 = ORIENTED_EDGE('',*,*,#8015,.F.);
#8022 = ORIENTED_EDGE('',*,*,#7923,.T.);
#8023 = CYLINDRICAL_SURFACE('',#8024,2.1);
#8024 = AXIS2_PLACEMENT_3D('',#8025,#8026,#8027);
#8025 = CARTESIAN_POINT('',(21.,92.,187.));
#8026 = DIRECTION('',(0.,0.,-1.));
#8027 = DIRECTION('',(-1.,0.,0.));
#8028 = ADVANCED_FACE('',(#8029),#8040,.F.);
#8029 = FACE_BOUND('',#8030,.F.);
#8030 = EDGE_LOOP('',(#8031,#8037,#8038,#8039));
#8031 = ORIENTED_EDGE('',*,*,#8032,.T.);
#8032 = EDGE_CURVE('',#7949,#7791,#8033,.T.);
#8033 = LINE('',#8034,#8035);
#8034 = CARTESIAN_POINT('',(112.9,205.,187.));
#8035 = VECTOR('',#8036,1.);
#8036 = DIRECTION('',(0.,0.,-1.));
#8037 = ORIENTED_EDGE('',*,*,#7790,.F.);
#8038 = ORIENTED_EDGE('',*,*,#8032,.F.);
#8039 = ORIENTED_EDGE('',*,*,#7948,.T.);
#8040 = CYLINDRICAL_SURFACE('',#8041,2.1);
#8041 = AXIS2_PLACEMENT_3D('',#8042,#8043,#8044);
#8042 = CARTESIAN_POINT('',(115.,205.,187.));
#8043 = DIRECTION('',(0.,0.,-1.));
#8044 = DIRECTION('',(-1.,0.,0.));
#8045 = ADVANCED_FACE('',(#8046),#8057,.F.);
#8046 = FACE_BOUND('',#8047,.F.);
#8047 = EDGE_LOOP('',(#8048,#8054,#8055,#8056));
#8048 = ORIENTED_EDGE('',*,*,#8049,.T.);
#8049 = EDGE_CURVE('',#7974,#7802,#8050,.T.);
#8050 = LINE('',#8051,#8052);
#8051 = CARTESIAN_POINT('',(18.9,205.,187.));
#8052 = VECTOR('',#8053,1.);
#8053 = DIRECTION('',(0.,0.,-1.));
#8054 = ORIENTED_EDGE('',*,*,#7801,.F.);
#8055 = ORIENTED_EDGE('',*,*,#8049,.F.);
#8056 = ORIENTED_EDGE('',*,*,#7973,.T.);
#8057 = CYLINDRICAL_SURFACE('',#8058,2.1);
#8058 = AXIS2_PLACEMENT_3D('',#8059,#8060,#8061);
#8059 = CARTESIAN_POINT('',(21.,205.,187.));
#8060 = DIRECTION('',(0.,0.,-1.));
#8061 = DIRECTION('',(-1.,0.,0.));
#8062 = MANIFOLD_SOLID_BREP('',#8063);
#8063 = CLOSED_SHELL('',(#8064,#8104,#8137,#8170,#8265,#8360,#8377,#8394
    ,#8411,#8428,#8440,#8465,#8490,#8515,#8540,#8557,#8574,#8591));
#8064 = ADVANCED_FACE('',(#8065),#8099,.F.);
#8065 = FACE_BOUND('',#8066,.F.);
#8066 = EDGE_LOOP('',(#8067,#8077,#8085,#8093));
#8067 = ORIENTED_EDGE('',*,*,#8068,.T.);
#8068 = EDGE_CURVE('',#8069,#8071,#8073,.T.);
#8069 = VERTEX_POINT('',#8070);
#8070 = CARTESIAN_POINT('',(120.,12.,186.));
#8071 = VERTEX_POINT('',#8072);
#8072 = CARTESIAN_POINT('',(120.,12.,174.));
#8073 = LINE('',#8074,#8075);
#8074 = CARTESIAN_POINT('',(120.,12.,186.));
#8075 = VECTOR('',#8076,1.);
#8076 = DIRECTION('',(0.,0.,-1.));
#8077 = ORIENTED_EDGE('',*,*,#8078,.T.);
#8078 = EDGE_CURVE('',#8071,#8079,#8081,.T.);
#8079 = VERTEX_POINT('',#8080);
#8080 = CARTESIAN_POINT('',(16.,12.,174.));
#8081 = LINE('',#8082,#8083);
#8082 = CARTESIAN_POINT('',(120.,12.,174.));
#8083 = VECTOR('',#8084,1.);
#8084 = DIRECTION('',(-1.,0.,0.));
#8085 = ORIENTED_EDGE('',*,*,#8086,.F.);
#8086 = EDGE_CURVE('',#8087,#8079,#8089,.T.);
#8087 = VERTEX_POINT('',#8088);
#8088 = CARTESIAN_POINT('',(16.,12.,186.));
#8089 = LINE('',#8090,#8091);
#8090 = CARTESIAN_POINT('',(16.,12.,186.));
#8091 = VECTOR('',#8092,1.);
#8092 = DIRECTION('',(0.,0.,-1.));
#8093 = ORIENTED_EDGE('',*,*,#8094,.F.);
#8094 = EDGE_CURVE('',#8069,#8087,#8095,.T.);
#8095 = LINE('',#8096,#8097);
#8096 = CARTESIAN_POINT('',(120.,12.,186.));
#8097 = VECTOR('',#8098,1.);
#8098 = DIRECTION('',(-1.,0.,0.));
#8099 = PLANE('',#8100);
#8100 = AXIS2_PLACEMENT_3D('',#8101,#8102,#8103);
#8101 = CARTESIAN_POINT('',(120.,12.,186.));
#8102 = DIRECTION('',(0.,1.,0.));
#8103 = DIRECTION('',(-1.,0.,0.));
#8104 = ADVANCED_FACE('',(#8105),#8132,.T.);
#8105 = FACE_BOUND('',#8106,.F.);
#8106 = EDGE_LOOP('',(#8107,#8117,#8124,#8125));
#8107 = ORIENTED_EDGE('',*,*,#8108,.T.);
#8108 = EDGE_CURVE('',#8109,#8111,#8113,.T.);
#8109 = VERTEX_POINT('',#8110);
#8110 = CARTESIAN_POINT('',(124.,16.,186.));
#8111 = VERTEX_POINT('',#8112);
#8112 = CARTESIAN_POINT('',(124.,16.,174.));
#8113 = LINE('',#8114,#8115);
#8114 = CARTESIAN_POINT('',(124.,16.,186.));
#8115 = VECTOR('',#8116,1.);
#8116 = DIRECTION('',(0.,0.,-1.));
#8117 = ORIENTED_EDGE('',*,*,#8118,.T.);
#8118 = EDGE_CURVE('',#8111,#8071,#8119,.T.);
#8119 = CIRCLE('',#8120,4.);
#8120 = AXIS2_PLACEMENT_3D('',#8121,#8122,#8123);
#8121 = CARTESIAN_POINT('',(120.,16.,174.));
#8122 = DIRECTION('',(0.,0.,-1.));
#8123 = DIRECTION('',(1.,0.,0.));
#8124 = ORIENTED_EDGE('',*,*,#8068,.F.);
#8125 = ORIENTED_EDGE('',*,*,#8126,.F.);
#8126 = EDGE_CURVE('',#8109,#8069,#8127,.T.);
#8127 = CIRCLE('',#8128,4.);
#8128 = AXIS2_PLACEMENT_3D('',#8129,#8130,#8131);
#8129 = CARTESIAN_POINT('',(120.,16.,186.));
#8130 = DIRECTION('',(0.,0.,-1.));
#8131 = DIRECTION('',(1.,0.,0.));
#8132 = CYLINDRICAL_SURFACE('',#8133,4.);
#8133 = AXIS2_PLACEMENT_3D('',#8134,#8135,#8136);
#8134 = CARTESIAN_POINT('',(120.,16.,186.));
#8135 = DIRECTION('',(0.,-0.,1.));
#8136 = DIRECTION('',(1.,0.,0.));
#8137 = ADVANCED_FACE('',(#8138),#8165,.T.);
#8138 = FACE_BOUND('',#8139,.F.);
#8139 = EDGE_LOOP('',(#8140,#8141,#8150,#8158));
#8140 = ORIENTED_EDGE('',*,*,#8086,.T.);
#8141 = ORIENTED_EDGE('',*,*,#8142,.T.);
#8142 = EDGE_CURVE('',#8079,#8143,#8145,.T.);
#8143 = VERTEX_POINT('',#8144);
#8144 = CARTESIAN_POINT('',(12.,16.,174.));
#8145 = CIRCLE('',#8146,4.);
#8146 = AXIS2_PLACEMENT_3D('',#8147,#8148,#8149);
#8147 = CARTESIAN_POINT('',(16.,16.,174.));
#8148 = DIRECTION('',(-0.,-0.,-1.));
#8149 = DIRECTION('',(0.,-1.,0.));
#8150 = ORIENTED_EDGE('',*,*,#8151,.F.);
#8151 = EDGE_CURVE('',#8152,#8143,#8154,.T.);
#8152 = VERTEX_POINT('',#8153);
#8153 = CARTESIAN_POINT('',(12.,16.,186.));
#8154 = LINE('',#8155,#8156);
#8155 = CARTESIAN_POINT('',(12.,16.,186.));
#8156 = VECTOR('',#8157,1.);
#8157 = DIRECTION('',(0.,0.,-1.));
#8158 = ORIENTED_EDGE('',*,*,#8159,.F.);
#8159 = EDGE_CURVE('',#8087,#8152,#8160,.T.);
#8160 = CIRCLE('',#8161,4.);
#8161 = AXIS2_PLACEMENT_3D('',#8162,#8163,#8164);
#8162 = CARTESIAN_POINT('',(16.,16.,186.));
#8163 = DIRECTION('',(-0.,-0.,-1.));
#8164 = DIRECTION('',(0.,-1.,0.));
#8165 = CYLINDRICAL_SURFACE('',#8166,4.);
#8166 = AXIS2_PLACEMENT_3D('',#8167,#8168,#8169);
#8167 = CARTESIAN_POINT('',(16.,16.,186.));
#8168 = DIRECTION('',(0.,-0.,1.));
#8169 = DIRECTION('',(0.,-1.,0.));
#8170 = ADVANCED_FACE('',(#8171,#8216,#8227,#8238,#8249),#8260,.F.);
#8171 = FACE_BOUND('',#8172,.F.);
#8172 = EDGE_LOOP('',(#8173,#8174,#8175,#8183,#8192,#8200,#8209,#8215));
#8173 = ORIENTED_EDGE('',*,*,#8094,.T.);
#8174 = ORIENTED_EDGE('',*,*,#8159,.T.);
#8175 = ORIENTED_EDGE('',*,*,#8176,.T.);
#8176 = EDGE_CURVE('',#8152,#8177,#8179,.T.);
#8177 = VERTEX_POINT('',#8178);
#8178 = CARTESIAN_POINT('',(12.,81.5,186.));
#8179 = LINE('',#8180,#8181);
#8180 = CARTESIAN_POINT('',(12.,16.,186.));
#8181 = VECTOR('',#8182,1.);
#8182 = DIRECTION('',(0.,1.,0.));
#8183 = ORIENTED_EDGE('',*,*,#8184,.T.);
#8184 = EDGE_CURVE('',#8177,#8185,#8187,.T.);
#8185 = VERTEX_POINT('',#8186);
#8186 = CARTESIAN_POINT('',(12.5,82.,186.));
#8187 = CIRCLE('',#8188,0.5);
#8188 = AXIS2_PLACEMENT_3D('',#8189,#8190,#8191);
#8189 = CARTESIAN_POINT('',(12.5,81.5,186.));
#8190 = DIRECTION('',(-0.,0.,-1.));
#8191 = DIRECTION('',(-1.,-1.42108547152E-14,0.));
#8192 = ORIENTED_EDGE('',*,*,#8193,.T.);
#8193 = EDGE_CURVE('',#8185,#8194,#8196,.T.);
#8194 = VERTEX_POINT('',#8195);
#8195 = CARTESIAN_POINT('',(123.5,82.,186.));
#8196 = LINE('',#8197,#8198);
#8197 = CARTESIAN_POINT('',(12.5,82.,186.));
#8198 = VECTOR('',#8199,1.);
#8199 = DIRECTION('',(1.,0.,0.));
#8200 = ORIENTED_EDGE('',*,*,#8201,.T.);
#8201 = EDGE_CURVE('',#8194,#8202,#8204,.T.);
#8202 = VERTEX_POINT('',#8203);
#8203 = CARTESIAN_POINT('',(124.,81.5,186.));
#8204 = CIRCLE('',#8205,0.5);
#8205 = AXIS2_PLACEMENT_3D('',#8206,#8207,#8208);
#8206 = CARTESIAN_POINT('',(123.5,81.5,186.));
#8207 = DIRECTION('',(0.,0.,-1.));
#8208 = DIRECTION('',(-1.42108547152E-14,1.,0.));
#8209 = ORIENTED_EDGE('',*,*,#8210,.T.);
#8210 = EDGE_CURVE('',#8202,#8109,#8211,.T.);
#8211 = LINE('',#8212,#8213);
#8212 = CARTESIAN_POINT('',(124.,81.5,186.));
#8213 = VECTOR('',#8214,1.);
#8214 = DIRECTION('',(0.,-1.,0.));
#8215 = ORIENTED_EDGE('',*,*,#8126,.T.);
#8216 = FACE_BOUND('',#8217,.F.);
#8217 = EDGE_LOOP('',(#8218));
#8218 = ORIENTED_EDGE('',*,*,#8219,.F.);
#8219 = EDGE_CURVE('',#8220,#8220,#8222,.T.);
#8220 = VERTEX_POINT('',#8221);
#8221 = CARTESIAN_POINT('',(110.75,24.,186.));
#8222 = CIRCLE('',#8223,4.25);
#8223 = AXIS2_PLACEMENT_3D('',#8224,#8225,#8226);
#8224 = CARTESIAN_POINT('',(115.,24.,186.));
#8225 = DIRECTION('',(0.,0.,-1.));
#8226 = DIRECTION('',(-1.,0.,0.));
#8227 = FACE_BOUND('',#8228,.F.);
#8228 = EDGE_LOOP('',(#8229));
#8229 = ORIENTED_EDGE('',*,*,#8230,.F.);
#8230 = EDGE_CURVE('',#8231,#8231,#8233,.T.);
#8231 = VERTEX_POINT('',#8232);
#8232 = CARTESIAN_POINT('',(16.75,24.,186.));
#8233 = CIRCLE('',#8234,4.25);
#8234 = AXIS2_PLACEMENT_3D('',#8235,#8236,#8237);
#8235 = CARTESIAN_POINT('',(21.,24.,186.));
#8236 = DIRECTION('',(0.,0.,-1.));
#8237 = DIRECTION('',(-1.,0.,0.));
#8238 = FACE_BOUND('',#8239,.F.);
#8239 = EDGE_LOOP('',(#8240));
#8240 = ORIENTED_EDGE('',*,*,#8241,.F.);
#8241 = EDGE_CURVE('',#8242,#8242,#8244,.T.);
#8242 = VERTEX_POINT('',#8243);
#8243 = CARTESIAN_POINT('',(110.75,72.,186.));
#8244 = CIRCLE('',#8245,4.25);
#8245 = AXIS2_PLACEMENT_3D('',#8246,#8247,#8248);
#8246 = CARTESIAN_POINT('',(115.,72.,186.));
#8247 = DIRECTION('',(0.,0.,-1.));
#8248 = DIRECTION('',(-1.,0.,0.));
#8249 = FACE_BOUND('',#8250,.F.);
#8250 = EDGE_LOOP('',(#8251));
#8251 = ORIENTED_EDGE('',*,*,#8252,.F.);
#8252 = EDGE_CURVE('',#8253,#8253,#8255,.T.);
#8253 = VERTEX_POINT('',#8254);
#8254 = CARTESIAN_POINT('',(16.75,72.,186.));
#8255 = CIRCLE('',#8256,4.25);
#8256 = AXIS2_PLACEMENT_3D('',#8257,#8258,#8259);
#8257 = CARTESIAN_POINT('',(21.,72.,186.));
#8258 = DIRECTION('',(0.,0.,-1.));
#8259 = DIRECTION('',(-1.,0.,0.));
#8260 = PLANE('',#8261);
#8261 = AXIS2_PLACEMENT_3D('',#8262,#8263,#8264);
#8262 = CARTESIAN_POINT('',(68.,47.311898761159,186.));
#8263 = DIRECTION('',(0.,0.,-1.));
#8264 = DIRECTION('',(-1.,0.,0.));
#8265 = ADVANCED_FACE('',(#8266,#8311,#8322,#8333,#8344),#8355,.T.);
#8266 = FACE_BOUND('',#8267,.T.);
#8267 = EDGE_LOOP('',(#8268,#8269,#8270,#8278,#8287,#8295,#8304,#8310));
#8268 = ORIENTED_EDGE('',*,*,#8078,.T.);
#8269 = ORIENTED_EDGE('',*,*,#8142,.T.);
#8270 = ORIENTED_EDGE('',*,*,#8271,.T.);
#8271 = EDGE_CURVE('',#8143,#8272,#8274,.T.);
#8272 = VERTEX_POINT('',#8273);
#8273 = CARTESIAN_POINT('',(12.,81.5,174.));
#8274 = LINE('',#8275,#8276);
#8275 = CARTESIAN_POINT('',(12.,16.,174.));
#8276 = VECTOR('',#8277,1.);
#8277 = DIRECTION('',(0.,1.,0.));
#8278 = ORIENTED_EDGE('',*,*,#8279,.T.);
#8279 = EDGE_CURVE('',#8272,#8280,#8282,.T.);
#8280 = VERTEX_POINT('',#8281);
#8281 = CARTESIAN_POINT('',(12.5,82.,174.));
#8282 = CIRCLE('',#8283,0.5);
#8283 = AXIS2_PLACEMENT_3D('',#8284,#8285,#8286);
#8284 = CARTESIAN_POINT('',(12.5,81.5,174.));
#8285 = DIRECTION('',(-0.,0.,-1.));
#8286 = DIRECTION('',(-1.,-1.42108547152E-14,0.));
#8287 = ORIENTED_EDGE('',*,*,#8288,.T.);
#8288 = EDGE_CURVE('',#8280,#8289,#8291,.T.);
#8289 = VERTEX_POINT('',#8290);
#8290 = CARTESIAN_POINT('',(123.5,82.,174.));
#8291 = LINE('',#8292,#8293);
#8292 = CARTESIAN_POINT('',(12.5,82.,174.));
#8293 = VECTOR('',#8294,1.);
#8294 = DIRECTION('',(1.,0.,0.));
#8295 = ORIENTED_EDGE('',*,*,#8296,.T.);
#8296 = EDGE_CURVE('',#8289,#8297,#8299,.T.);
#8297 = VERTEX_POINT('',#8298);
#8298 = CARTESIAN_POINT('',(124.,81.5,174.));
#8299 = CIRCLE('',#8300,0.5);
#8300 = AXIS2_PLACEMENT_3D('',#8301,#8302,#8303);
#8301 = CARTESIAN_POINT('',(123.5,81.5,174.));
#8302 = DIRECTION('',(0.,0.,-1.));
#8303 = DIRECTION('',(-1.42108547152E-14,1.,0.));
#8304 = ORIENTED_EDGE('',*,*,#8305,.T.);
#8305 = EDGE_CURVE('',#8297,#8111,#8306,.T.);
#8306 = LINE('',#8307,#8308);
#8307 = CARTESIAN_POINT('',(124.,81.5,174.));
#8308 = VECTOR('',#8309,1.);
#8309 = DIRECTION('',(0.,-1.,0.));
#8310 = ORIENTED_EDGE('',*,*,#8118,.T.);
#8311 = FACE_BOUND('',#8312,.T.);
#8312 = EDGE_LOOP('',(#8313));
#8313 = ORIENTED_EDGE('',*,*,#8314,.F.);
#8314 = EDGE_CURVE('',#8315,#8315,#8317,.T.);
#8315 = VERTEX_POINT('',#8316);
#8316 = CARTESIAN_POINT('',(112.9,24.,174.));
#8317 = CIRCLE('',#8318,2.1);
#8318 = AXIS2_PLACEMENT_3D('',#8319,#8320,#8321);
#8319 = CARTESIAN_POINT('',(115.,24.,174.));
#8320 = DIRECTION('',(0.,0.,-1.));
#8321 = DIRECTION('',(-1.,0.,0.));
#8322 = FACE_BOUND('',#8323,.T.);
#8323 = EDGE_LOOP('',(#8324));
#8324 = ORIENTED_EDGE('',*,*,#8325,.F.);
#8325 = EDGE_CURVE('',#8326,#8326,#8328,.T.);
#8326 = VERTEX_POINT('',#8327);
#8327 = CARTESIAN_POINT('',(18.9,24.,174.));
#8328 = CIRCLE('',#8329,2.1);
#8329 = AXIS2_PLACEMENT_3D('',#8330,#8331,#8332);
#8330 = CARTESIAN_POINT('',(21.,24.,174.));
#8331 = DIRECTION('',(0.,0.,-1.));
#8332 = DIRECTION('',(-1.,0.,0.));
#8333 = FACE_BOUND('',#8334,.T.);
#8334 = EDGE_LOOP('',(#8335));
#8335 = ORIENTED_EDGE('',*,*,#8336,.F.);
#8336 = EDGE_CURVE('',#8337,#8337,#8339,.T.);
#8337 = VERTEX_POINT('',#8338);
#8338 = CARTESIAN_POINT('',(112.9,72.,174.));
#8339 = CIRCLE('',#8340,2.1);
#8340 = AXIS2_PLACEMENT_3D('',#8341,#8342,#8343);
#8341 = CARTESIAN_POINT('',(115.,72.,174.));
#8342 = DIRECTION('',(0.,0.,-1.));
#8343 = DIRECTION('',(-1.,0.,0.));
#8344 = FACE_BOUND('',#8345,.T.);
#8345 = EDGE_LOOP('',(#8346));
#8346 = ORIENTED_EDGE('',*,*,#8347,.F.);
#8347 = EDGE_CURVE('',#8348,#8348,#8350,.T.);
#8348 = VERTEX_POINT('',#8349);
#8349 = CARTESIAN_POINT('',(18.9,72.,174.));
#8350 = CIRCLE('',#8351,2.1);
#8351 = AXIS2_PLACEMENT_3D('',#8352,#8353,#8354);
#8352 = CARTESIAN_POINT('',(21.,72.,174.));
#8353 = DIRECTION('',(0.,0.,-1.));
#8354 = DIRECTION('',(-1.,0.,0.));
#8355 = PLANE('',#8356);
#8356 = AXIS2_PLACEMENT_3D('',#8357,#8358,#8359);
#8357 = CARTESIAN_POINT('',(68.,47.311898761159,174.));
#8358 = DIRECTION('',(0.,0.,-1.));
#8359 = DIRECTION('',(-1.,0.,0.));
#8360 = ADVANCED_FACE('',(#8361),#8372,.F.);
#8361 = FACE_BOUND('',#8362,.F.);
#8362 = EDGE_LOOP('',(#8363,#8369,#8370,#8371));
#8363 = ORIENTED_EDGE('',*,*,#8364,.T.);
#8364 = EDGE_CURVE('',#8202,#8297,#8365,.T.);
#8365 = LINE('',#8366,#8367);
#8366 = CARTESIAN_POINT('',(124.,81.5,186.));
#8367 = VECTOR('',#8368,1.);
#8368 = DIRECTION('',(0.,0.,-1.));
#8369 = ORIENTED_EDGE('',*,*,#8305,.T.);
#8370 = ORIENTED_EDGE('',*,*,#8108,.F.);
#8371 = ORIENTED_EDGE('',*,*,#8210,.F.);
#8372 = PLANE('',#8373);
#8373 = AXIS2_PLACEMENT_3D('',#8374,#8375,#8376);
#8374 = CARTESIAN_POINT('',(124.,81.5,186.));
#8375 = DIRECTION('',(-1.,0.,0.));
#8376 = DIRECTION('',(0.,-1.,0.));
#8377 = ADVANCED_FACE('',(#8378),#8389,.F.);
#8378 = FACE_BOUND('',#8379,.F.);
#8379 = EDGE_LOOP('',(#8380,#8381,#8382,#8388));
#8380 = ORIENTED_EDGE('',*,*,#8151,.T.);
#8381 = ORIENTED_EDGE('',*,*,#8271,.T.);
#8382 = ORIENTED_EDGE('',*,*,#8383,.F.);
#8383 = EDGE_CURVE('',#8177,#8272,#8384,.T.);
#8384 = LINE('',#8385,#8386);
#8385 = CARTESIAN_POINT('',(12.,81.5,186.));
#8386 = VECTOR('',#8387,1.);
#8387 = DIRECTION('',(0.,0.,-1.));
#8388 = ORIENTED_EDGE('',*,*,#8176,.F.);
#8389 = PLANE('',#8390);
#8390 = AXIS2_PLACEMENT_3D('',#8391,#8392,#8393);
#8391 = CARTESIAN_POINT('',(12.,16.,186.));
#8392 = DIRECTION('',(1.,0.,0.));
#8393 = DIRECTION('',(0.,1.,0.));
#8394 = ADVANCED_FACE('',(#8395),#8406,.T.);
#8395 = FACE_BOUND('',#8396,.F.);
#8396 = EDGE_LOOP('',(#8397,#8403,#8404,#8405));
#8397 = ORIENTED_EDGE('',*,*,#8398,.T.);
#8398 = EDGE_CURVE('',#8194,#8289,#8399,.T.);
#8399 = LINE('',#8400,#8401);
#8400 = CARTESIAN_POINT('',(123.5,82.,186.));
#8401 = VECTOR('',#8402,1.);
#8402 = DIRECTION('',(0.,0.,-1.));
#8403 = ORIENTED_EDGE('',*,*,#8296,.T.);
#8404 = ORIENTED_EDGE('',*,*,#8364,.F.);
#8405 = ORIENTED_EDGE('',*,*,#8201,.F.);
#8406 = CYLINDRICAL_SURFACE('',#8407,0.5);
#8407 = AXIS2_PLACEMENT_3D('',#8408,#8409,#8410);
#8408 = CARTESIAN_POINT('',(123.5,81.5,186.));
#8409 = DIRECTION('',(0.,-0.,1.));
#8410 = DIRECTION('',(-1.42108547152E-14,1.,0.));
#8411 = ADVANCED_FACE('',(#8412),#8423,.T.);
#8412 = FACE_BOUND('',#8413,.F.);
#8413 = EDGE_LOOP('',(#8414,#8415,#8416,#8422));
#8414 = ORIENTED_EDGE('',*,*,#8383,.T.);
#8415 = ORIENTED_EDGE('',*,*,#8279,.T.);
#8416 = ORIENTED_EDGE('',*,*,#8417,.F.);
#8417 = EDGE_CURVE('',#8185,#8280,#8418,.T.);
#8418 = LINE('',#8419,#8420);
#8419 = CARTESIAN_POINT('',(12.5,82.,186.));
#8420 = VECTOR('',#8421,1.);
#8421 = DIRECTION('',(0.,0.,-1.));
#8422 = ORIENTED_EDGE('',*,*,#8184,.F.);
#8423 = CYLINDRICAL_SURFACE('',#8424,0.5);
#8424 = AXIS2_PLACEMENT_3D('',#8425,#8426,#8427);
#8425 = CARTESIAN_POINT('',(12.5,81.5,186.));
#8426 = DIRECTION('',(0.,-0.,1.));
#8427 = DIRECTION('',(-1.,-1.42108547152E-14,0.));
#8428 = ADVANCED_FACE('',(#8429),#8435,.F.);
#8429 = FACE_BOUND('',#8430,.F.);
#8430 = EDGE_LOOP('',(#8431,#8432,#8433,#8434));
#8431 = ORIENTED_EDGE('',*,*,#8417,.T.);
#8432 = ORIENTED_EDGE('',*,*,#8288,.T.);
#8433 = ORIENTED_EDGE('',*,*,#8398,.F.);
#8434 = ORIENTED_EDGE('',*,*,#8193,.F.);
#8435 = PLANE('',#8436);
#8436 = AXIS2_PLACEMENT_3D('',#8437,#8438,#8439);
#8437 = CARTESIAN_POINT('',(12.5,82.,186.));
#8438 = DIRECTION('',(0.,-1.,0.));
#8439 = DIRECTION('',(1.,0.,0.));
#8440 = ADVANCED_FACE('',(#8441),#8460,.F.);
#8441 = FACE_BOUND('',#8442,.F.);
#8442 = EDGE_LOOP('',(#8443,#8452,#8458,#8459));
#8443 = ORIENTED_EDGE('',*,*,#8444,.F.);
#8444 = EDGE_CURVE('',#8445,#8445,#8447,.T.);
#8445 = VERTEX_POINT('',#8446);
#8446 = CARTESIAN_POINT('',(112.9,24.,183.5));
#8447 = CIRCLE('',#8448,2.1);
#8448 = AXIS2_PLACEMENT_3D('',#8449,#8450,#8451);
#8449 = CARTESIAN_POINT('',(115.,24.,183.5));
#8450 = DIRECTION('',(0.,0.,-1.));
#8451 = DIRECTION('',(-1.,0.,0.));
#8452 = ORIENTED_EDGE('',*,*,#8453,.F.);
#8453 = EDGE_CURVE('',#8220,#8445,#8454,.T.);
#8454 = LINE('',#8455,#8456);
#8455 = CARTESIAN_POINT('',(110.75,24.,186.));
#8456 = VECTOR('',#8457,1.);
#8457 = DIRECTION('',(0.652039268828,1.597035606977E-16,-0.758185196312)
  );
#8458 = ORIENTED_EDGE('',*,*,#8219,.T.);
#8459 = ORIENTED_EDGE('',*,*,#8453,.T.);
#8460 = CONICAL_SURFACE('',#8461,4.25,0.710271007487);
#8461 = AXIS2_PLACEMENT_3D('',#8462,#8463,#8464);
#8462 = CARTESIAN_POINT('',(115.,24.,186.));
#8463 = DIRECTION('',(0.,-0.,1.));
#8464 = DIRECTION('',(-1.,0.,0.));
#8465 = ADVANCED_FACE('',(#8466),#8485,.F.);
#8466 = FACE_BOUND('',#8467,.F.);
#8467 = EDGE_LOOP('',(#8468,#8477,#8483,#8484));
#8468 = ORIENTED_EDGE('',*,*,#8469,.F.);
#8469 = EDGE_CURVE('',#8470,#8470,#8472,.T.);
#8470 = VERTEX_POINT('',#8471);
#8471 = CARTESIAN_POINT('',(18.9,24.,183.5));
#8472 = CIRCLE('',#8473,2.1);
#8473 = AXIS2_PLACEMENT_3D('',#8474,#8475,#8476);
#8474 = CARTESIAN_POINT('',(21.,24.,183.5));
#8475 = DIRECTION('',(0.,0.,-1.));
#8476 = DIRECTION('',(-1.,0.,0.));
#8477 = ORIENTED_EDGE('',*,*,#8478,.F.);
#8478 = EDGE_CURVE('',#8231,#8470,#8479,.T.);
#8479 = LINE('',#8480,#8481);
#8480 = CARTESIAN_POINT('',(16.75,24.,186.));
#8481 = VECTOR('',#8482,1.);
#8482 = DIRECTION('',(0.652039268828,1.597035606977E-16,-0.758185196312)
  );
#8483 = ORIENTED_EDGE('',*,*,#8230,.T.);
#8484 = ORIENTED_EDGE('',*,*,#8478,.T.);
#8485 = CONICAL_SURFACE('',#8486,4.25,0.710271007487);
#8486 = AXIS2_PLACEMENT_3D('',#8487,#8488,#8489);
#8487 = CARTESIAN_POINT('',(21.,24.,186.));
#8488 = DIRECTION('',(0.,-0.,1.));
#8489 = DIRECTION('',(-1.,0.,0.));
#8490 = ADVANCED_FACE('',(#8491),#8510,.F.);
#8491 = FACE_BOUND('',#8492,.F.);
#8492 = EDGE_LOOP('',(#8493,#8502,#8508,#8509));
#8493 = ORIENTED_EDGE('',*,*,#8494,.F.);
#8494 = EDGE_CURVE('',#8495,#8495,#8497,.T.);
#8495 = VERTEX_POINT('',#8496);
#8496 = CARTESIAN_POINT('',(112.9,72.,183.5));
#8497 = CIRCLE('',#8498,2.1);
#8498 = AXIS2_PLACEMENT_3D('',#8499,#8500,#8501);
#8499 = CARTESIAN_POINT('',(115.,72.,183.5));
#8500 = DIRECTION('',(0.,0.,-1.));
#8501 = DIRECTION('',(-1.,0.,0.));
#8502 = ORIENTED_EDGE('',*,*,#8503,.F.);
#8503 = EDGE_CURVE('',#8242,#8495,#8504,.T.);
#8504 = LINE('',#8505,#8506);
#8505 = CARTESIAN_POINT('',(110.75,72.,186.));
#8506 = VECTOR('',#8507,1.);
#8507 = DIRECTION('',(0.652039268828,1.597035606977E-16,-0.758185196312)
  );
#8508 = ORIENTED_EDGE('',*,*,#8241,.T.);
#8509 = ORIENTED_EDGE('',*,*,#8503,.T.);
#8510 = CONICAL_SURFACE('',#8511,4.25,0.710271007487);
#8511 = AXIS2_PLACEMENT_3D('',#8512,#8513,#8514);
#8512 = CARTESIAN_POINT('',(115.,72.,186.));
#8513 = DIRECTION('',(0.,-0.,1.));
#8514 = DIRECTION('',(-1.,0.,0.));
#8515 = ADVANCED_FACE('',(#8516),#8535,.F.);
#8516 = FACE_BOUND('',#8517,.F.);
#8517 = EDGE_LOOP('',(#8518,#8527,#8533,#8534));
#8518 = ORIENTED_EDGE('',*,*,#8519,.F.);
#8519 = EDGE_CURVE('',#8520,#8520,#8522,.T.);
#8520 = VERTEX_POINT('',#8521);
#8521 = CARTESIAN_POINT('',(18.9,72.,183.5));
#8522 = CIRCLE('',#8523,2.1);
#8523 = AXIS2_PLACEMENT_3D('',#8524,#8525,#8526);
#8524 = CARTESIAN_POINT('',(21.,72.,183.5));
#8525 = DIRECTION('',(0.,0.,-1.));
#8526 = DIRECTION('',(-1.,0.,0.));
#8527 = ORIENTED_EDGE('',*,*,#8528,.F.);
#8528 = EDGE_CURVE('',#8253,#8520,#8529,.T.);
#8529 = LINE('',#8530,#8531);
#8530 = CARTESIAN_POINT('',(16.75,72.,186.));
#8531 = VECTOR('',#8532,1.);
#8532 = DIRECTION('',(0.652039268828,1.597035606977E-16,-0.758185196312)
  );
#8533 = ORIENTED_EDGE('',*,*,#8252,.T.);
#8534 = ORIENTED_EDGE('',*,*,#8528,.T.);
#8535 = CONICAL_SURFACE('',#8536,4.25,0.710271007487);
#8536 = AXIS2_PLACEMENT_3D('',#8537,#8538,#8539);
#8537 = CARTESIAN_POINT('',(21.,72.,186.));
#8538 = DIRECTION('',(0.,-0.,1.));
#8539 = DIRECTION('',(-1.,0.,0.));
#8540 = ADVANCED_FACE('',(#8541),#8552,.F.);
#8541 = FACE_BOUND('',#8542,.F.);
#8542 = EDGE_LOOP('',(#8543,#8549,#8550,#8551));
#8543 = ORIENTED_EDGE('',*,*,#8544,.T.);
#8544 = EDGE_CURVE('',#8445,#8315,#8545,.T.);
#8545 = LINE('',#8546,#8547);
#8546 = CARTESIAN_POINT('',(112.9,24.,187.));
#8547 = VECTOR('',#8548,1.);
#8548 = DIRECTION('',(0.,0.,-1.));
#8549 = ORIENTED_EDGE('',*,*,#8314,.F.);
#8550 = ORIENTED_EDGE('',*,*,#8544,.F.);
#8551 = ORIENTED_EDGE('',*,*,#8444,.T.);
#8552 = CYLINDRICAL_SURFACE('',#8553,2.1);
#8553 = AXIS2_PLACEMENT_3D('',#8554,#8555,#8556);
#8554 = CARTESIAN_POINT('',(115.,24.,187.));
#8555 = DIRECTION('',(0.,0.,-1.));
#8556 = DIRECTION('',(-1.,0.,0.));
#8557 = ADVANCED_FACE('',(#8558),#8569,.F.);
#8558 = FACE_BOUND('',#8559,.F.);
#8559 = EDGE_LOOP('',(#8560,#8566,#8567,#8568));
#8560 = ORIENTED_EDGE('',*,*,#8561,.T.);
#8561 = EDGE_CURVE('',#8470,#8326,#8562,.T.);
#8562 = LINE('',#8563,#8564);
#8563 = CARTESIAN_POINT('',(18.9,24.,187.));
#8564 = VECTOR('',#8565,1.);
#8565 = DIRECTION('',(0.,0.,-1.));
#8566 = ORIENTED_EDGE('',*,*,#8325,.F.);
#8567 = ORIENTED_EDGE('',*,*,#8561,.F.);
#8568 = ORIENTED_EDGE('',*,*,#8469,.T.);
#8569 = CYLINDRICAL_SURFACE('',#8570,2.1);
#8570 = AXIS2_PLACEMENT_3D('',#8571,#8572,#8573);
#8571 = CARTESIAN_POINT('',(21.,24.,187.));
#8572 = DIRECTION('',(0.,0.,-1.));
#8573 = DIRECTION('',(-1.,0.,0.));
#8574 = ADVANCED_FACE('',(#8575),#8586,.F.);
#8575 = FACE_BOUND('',#8576,.F.);
#8576 = EDGE_LOOP('',(#8577,#8583,#8584,#8585));
#8577 = ORIENTED_EDGE('',*,*,#8578,.T.);
#8578 = EDGE_CURVE('',#8495,#8337,#8579,.T.);
#8579 = LINE('',#8580,#8581);
#8580 = CARTESIAN_POINT('',(112.9,72.,187.));
#8581 = VECTOR('',#8582,1.);
#8582 = DIRECTION('',(0.,0.,-1.));
#8583 = ORIENTED_EDGE('',*,*,#8336,.F.);
#8584 = ORIENTED_EDGE('',*,*,#8578,.F.);
#8585 = ORIENTED_EDGE('',*,*,#8494,.T.);
#8586 = CYLINDRICAL_SURFACE('',#8587,2.1);
#8587 = AXIS2_PLACEMENT_3D('',#8588,#8589,#8590);
#8588 = CARTESIAN_POINT('',(115.,72.,187.));
#8589 = DIRECTION('',(0.,0.,-1.));
#8590 = DIRECTION('',(-1.,0.,0.));
#8591 = ADVANCED_FACE('',(#8592),#8603,.F.);
#8592 = FACE_BOUND('',#8593,.F.);
#8593 = EDGE_LOOP('',(#8594,#8600,#8601,#8602));
#8594 = ORIENTED_EDGE('',*,*,#8595,.T.);
#8595 = EDGE_CURVE('',#8520,#8348,#8596,.T.);
#8596 = LINE('',#8597,#8598);
#8597 = CARTESIAN_POINT('',(18.9,72.,187.));
#8598 = VECTOR('',#8599,1.);
#8599 = DIRECTION('',(0.,0.,-1.));
#8600 = ORIENTED_EDGE('',*,*,#8347,.F.);
#8601 = ORIENTED_EDGE('',*,*,#8595,.F.);
#8602 = ORIENTED_EDGE('',*,*,#8519,.T.);
#8603 = CYLINDRICAL_SURFACE('',#8604,2.1);
#8604 = AXIS2_PLACEMENT_3D('',#8605,#8606,#8607);
#8605 = CARTESIAN_POINT('',(21.,72.,187.));
#8606 = DIRECTION('',(0.,0.,-1.));
#8607 = DIRECTION('',(-1.,0.,0.));
#8608 = MANIFOLD_SOLID_BREP('',#8609);
#8609 = CLOSED_SHELL('',(#8610,#8650,#8683,#8716,#8907,#9098,#9115,#9132
    ,#9149,#9166,#9178,#9200,#9217,#9234,#9251,#9268,#9285,#9302,#9314,
    #9336,#9353,#9370,#9387,#9404,#9421,#9438));
#8610 = ADVANCED_FACE('',(#8611),#8645,.F.);
#8611 = FACE_BOUND('',#8612,.F.);
#8612 = EDGE_LOOP('',(#8613,#8623,#8631,#8639));
#8613 = ORIENTED_EDGE('',*,*,#8614,.T.);
#8614 = EDGE_CURVE('',#8615,#8617,#8619,.T.);
#8615 = VERTEX_POINT('',#8616);
#8616 = CARTESIAN_POINT('',(16.,12.,174.));
#8617 = VERTEX_POINT('',#8618);
#8618 = CARTESIAN_POINT('',(16.,12.,175.5));
#8619 = LINE('',#8620,#8621);
#8620 = CARTESIAN_POINT('',(16.,12.,174.));
#8621 = VECTOR('',#8622,1.);
#8622 = DIRECTION('',(0.,0.,1.));
#8623 = ORIENTED_EDGE('',*,*,#8624,.T.);
#8624 = EDGE_CURVE('',#8617,#8625,#8627,.T.);
#8625 = VERTEX_POINT('',#8626);
#8626 = CARTESIAN_POINT('',(120.,12.,175.5));
#8627 = LINE('',#8628,#8629);
#8628 = CARTESIAN_POINT('',(16.,12.,175.5));
#8629 = VECTOR('',#8630,1.);
#8630 = DIRECTION('',(1.,0.,0.));
#8631 = ORIENTED_EDGE('',*,*,#8632,.F.);
#8632 = EDGE_CURVE('',#8633,#8625,#8635,.T.);
#8633 = VERTEX_POINT('',#8634);
#8634 = CARTESIAN_POINT('',(120.,12.,174.));
#8635 = LINE('',#8636,#8637);
#8636 = CARTESIAN_POINT('',(120.,12.,174.));
#8637 = VECTOR('',#8638,1.);
#8638 = DIRECTION('',(0.,0.,1.));
#8639 = ORIENTED_EDGE('',*,*,#8640,.F.);
#8640 = EDGE_CURVE('',#8615,#8633,#8641,.T.);
#8641 = LINE('',#8642,#8643);
#8642 = CARTESIAN_POINT('',(16.,12.,174.));
#8643 = VECTOR('',#8644,1.);
#8644 = DIRECTION('',(1.,0.,0.));
#8645 = PLANE('',#8646);
#8646 = AXIS2_PLACEMENT_3D('',#8647,#8648,#8649);
#8647 = CARTESIAN_POINT('',(16.,12.,174.));
#8648 = DIRECTION('',(0.,1.,0.));
#8649 = DIRECTION('',(1.,0.,0.));
#8650 = ADVANCED_FACE('',(#8651),#8678,.T.);
#8651 = FACE_BOUND('',#8652,.F.);
#8652 = EDGE_LOOP('',(#8653,#8663,#8670,#8671));
#8653 = ORIENTED_EDGE('',*,*,#8654,.T.);
#8654 = EDGE_CURVE('',#8655,#8657,#8659,.T.);
#8655 = VERTEX_POINT('',#8656);
#8656 = CARTESIAN_POINT('',(12.,16.,174.));
#8657 = VERTEX_POINT('',#8658);
#8658 = CARTESIAN_POINT('',(12.,16.,175.5));
#8659 = LINE('',#8660,#8661);
#8660 = CARTESIAN_POINT('',(12.,16.,174.));
#8661 = VECTOR('',#8662,1.);
#8662 = DIRECTION('',(0.,0.,1.));
#8663 = ORIENTED_EDGE('',*,*,#8664,.T.);
#8664 = EDGE_CURVE('',#8657,#8617,#8665,.T.);
#8665 = CIRCLE('',#8666,4.);
#8666 = AXIS2_PLACEMENT_3D('',#8667,#8668,#8669);
#8667 = CARTESIAN_POINT('',(16.,16.,175.5));
#8668 = DIRECTION('',(0.,0.,1.));
#8669 = DIRECTION('',(-1.,-3.5527136788E-15,0.));
#8670 = ORIENTED_EDGE('',*,*,#8614,.F.);
#8671 = ORIENTED_EDGE('',*,*,#8672,.F.);
#8672 = EDGE_CURVE('',#8655,#8615,#8673,.T.);
#8673 = CIRCLE('',#8674,4.);
#8674 = AXIS2_PLACEMENT_3D('',#8675,#8676,#8677);
#8675 = CARTESIAN_POINT('',(16.,16.,174.));
#8676 = DIRECTION('',(0.,0.,1.));
#8677 = DIRECTION('',(-1.,-3.5527136788E-15,0.));
#8678 = CYLINDRICAL_SURFACE('',#8679,4.);
#8679 = AXIS2_PLACEMENT_3D('',#8680,#8681,#8682);
#8680 = CARTESIAN_POINT('',(16.,16.,174.));
#8681 = DIRECTION('',(-0.,-0.,-1.));
#8682 = DIRECTION('',(-1.,-3.5527136788E-15,0.));
#8683 = ADVANCED_FACE('',(#8684),#8711,.T.);
#8684 = FACE_BOUND('',#8685,.F.);
#8685 = EDGE_LOOP('',(#8686,#8687,#8696,#8704));
#8686 = ORIENTED_EDGE('',*,*,#8632,.T.);
#8687 = ORIENTED_EDGE('',*,*,#8688,.T.);
#8688 = EDGE_CURVE('',#8625,#8689,#8691,.T.);
#8689 = VERTEX_POINT('',#8690);
#8690 = CARTESIAN_POINT('',(124.,16.,175.5));
#8691 = CIRCLE('',#8692,4.);
#8692 = AXIS2_PLACEMENT_3D('',#8693,#8694,#8695);
#8693 = CARTESIAN_POINT('',(120.,16.,175.5));
#8694 = DIRECTION('',(-0.,0.,1.));
#8695 = DIRECTION('',(1.7763568394E-15,-1.,0.));
#8696 = ORIENTED_EDGE('',*,*,#8697,.F.);
#8697 = EDGE_CURVE('',#8698,#8689,#8700,.T.);
#8698 = VERTEX_POINT('',#8699);
#8699 = CARTESIAN_POINT('',(124.,16.,174.));
#8700 = LINE('',#8701,#8702);
#8701 = CARTESIAN_POINT('',(124.,16.,174.));
#8702 = VECTOR('',#8703,1.);
#8703 = DIRECTION('',(0.,0.,1.));
#8704 = ORIENTED_EDGE('',*,*,#8705,.F.);
#8705 = EDGE_CURVE('',#8633,#8698,#8706,.T.);
#8706 = CIRCLE('',#8707,4.);
#8707 = AXIS2_PLACEMENT_3D('',#8708,#8709,#8710);
#8708 = CARTESIAN_POINT('',(120.,16.,174.));
#8709 = DIRECTION('',(-0.,0.,1.));
#8710 = DIRECTION('',(1.7763568394E-15,-1.,0.));
#8711 = CYLINDRICAL_SURFACE('',#8712,4.);
#8712 = AXIS2_PLACEMENT_3D('',#8713,#8714,#8715);
#8713 = CARTESIAN_POINT('',(120.,16.,174.));
#8714 = DIRECTION('',(-0.,-0.,-1.));
#8715 = DIRECTION('',(1.7763568394E-15,-1.,0.));
#8716 = ADVANCED_FACE('',(#8717,#8762,#8832),#8902,.F.);
#8717 = FACE_BOUND('',#8718,.F.);
#8718 = EDGE_LOOP('',(#8719,#8720,#8721,#8729,#8738,#8746,#8755,#8761));
#8719 = ORIENTED_EDGE('',*,*,#8640,.T.);
#8720 = ORIENTED_EDGE('',*,*,#8705,.T.);
#8721 = ORIENTED_EDGE('',*,*,#8722,.T.);
#8722 = EDGE_CURVE('',#8698,#8723,#8725,.T.);
#8723 = VERTEX_POINT('',#8724);
#8724 = CARTESIAN_POINT('',(124.,214.,174.));
#8725 = LINE('',#8726,#8727);
#8726 = CARTESIAN_POINT('',(124.,16.,174.));
#8727 = VECTOR('',#8728,1.);
#8728 = DIRECTION('',(0.,1.,0.));
#8729 = ORIENTED_EDGE('',*,*,#8730,.T.);
#8730 = EDGE_CURVE('',#8723,#8731,#8733,.T.);
#8731 = VERTEX_POINT('',#8732);
#8732 = CARTESIAN_POINT('',(120.,218.,174.));
#8733 = CIRCLE('',#8734,4.);
#8734 = AXIS2_PLACEMENT_3D('',#8735,#8736,#8737);
#8735 = CARTESIAN_POINT('',(120.,214.,174.));
#8736 = DIRECTION('',(0.,-0.,1.));
#8737 = DIRECTION('',(1.,3.5527136788E-15,0.));
#8738 = ORIENTED_EDGE('',*,*,#8739,.T.);
#8739 = EDGE_CURVE('',#8731,#8740,#8742,.T.);
#8740 = VERTEX_POINT('',#8741);
#8741 = CARTESIAN_POINT('',(16.,218.,174.));
#8742 = LINE('',#8743,#8744);
#8743 = CARTESIAN_POINT('',(120.,218.,174.));
#8744 = VECTOR('',#8745,1.);
#8745 = DIRECTION('',(-1.,0.,0.));
#8746 = ORIENTED_EDGE('',*,*,#8747,.T.);
#8747 = EDGE_CURVE('',#8740,#8748,#8750,.T.);
#8748 = VERTEX_POINT('',#8749);
#8749 = CARTESIAN_POINT('',(12.,214.,174.));
#8750 = CIRCLE('',#8751,4.);
#8751 = AXIS2_PLACEMENT_3D('',#8752,#8753,#8754);
#8752 = CARTESIAN_POINT('',(16.,214.,174.));
#8753 = DIRECTION('',(0.,0.,1.));
#8754 = DIRECTION('',(-1.7763568394E-15,1.,0.));
#8755 = ORIENTED_EDGE('',*,*,#8756,.T.);
#8756 = EDGE_CURVE('',#8748,#8655,#8757,.T.);
#8757 = LINE('',#8758,#8759);
#8758 = CARTESIAN_POINT('',(12.,214.,174.));
#8759 = VECTOR('',#8760,1.);
#8760 = DIRECTION('',(0.,-1.,0.));
#8761 = ORIENTED_EDGE('',*,*,#8672,.T.);
#8762 = FACE_BOUND('',#8763,.F.);
#8763 = EDGE_LOOP('',(#8764,#8775,#8783,#8792,#8800,#8809,#8817,#8826));
#8764 = ORIENTED_EDGE('',*,*,#8765,.T.);
#8765 = EDGE_CURVE('',#8766,#8768,#8770,.T.);
#8766 = VERTEX_POINT('',#8767);
#8767 = CARTESIAN_POINT('',(113.,27.,174.));
#8768 = VERTEX_POINT('',#8769);
#8769 = CARTESIAN_POINT('',(108.,22.,174.));
#8770 = CIRCLE('',#8771,5.);
#8771 = AXIS2_PLACEMENT_3D('',#8772,#8773,#8774);
#8772 = CARTESIAN_POINT('',(108.,27.,174.));
#8773 = DIRECTION('',(-0.,-0.,-1.));
#8774 = DIRECTION('',(0.,-1.,0.));
#8775 = ORIENTED_EDGE('',*,*,#8776,.T.);
#8776 = EDGE_CURVE('',#8768,#8777,#8779,.T.);
#8777 = VERTEX_POINT('',#8778);
#8778 = CARTESIAN_POINT('',(28.,22.,174.));
#8779 = LINE('',#8780,#8781);
#8780 = CARTESIAN_POINT('',(48.,22.,174.));
#8781 = VECTOR('',#8782,1.);
#8782 = DIRECTION('',(-1.,0.,0.));
#8783 = ORIENTED_EDGE('',*,*,#8784,.T.);
#8784 = EDGE_CURVE('',#8777,#8785,#8787,.T.);
#8785 = VERTEX_POINT('',#8786);
#8786 = CARTESIAN_POINT('',(23.,27.,174.));
#8787 = CIRCLE('',#8788,5.);
#8788 = AXIS2_PLACEMENT_3D('',#8789,#8790,#8791);
#8789 = CARTESIAN_POINT('',(28.,27.,174.));
#8790 = DIRECTION('',(0.,0.,-1.));
#8791 = DIRECTION('',(-1.,0.,0.));
#8792 = ORIENTED_EDGE('',*,*,#8793,.T.);
#8793 = EDGE_CURVE('',#8785,#8794,#8796,.T.);
#8794 = VERTEX_POINT('',#8795);
#8795 = CARTESIAN_POINT('',(23.,57.,174.));
#8796 = LINE('',#8797,#8798);
#8797 = CARTESIAN_POINT('',(23.,86.,174.));
#8798 = VECTOR('',#8799,1.);
#8799 = DIRECTION('',(0.,1.,0.));
#8800 = ORIENTED_EDGE('',*,*,#8801,.T.);
#8801 = EDGE_CURVE('',#8794,#8802,#8804,.T.);
#8802 = VERTEX_POINT('',#8803);
#8803 = CARTESIAN_POINT('',(28.,62.,174.));
#8804 = CIRCLE('',#8805,5.);
#8805 = AXIS2_PLACEMENT_3D('',#8806,#8807,#8808);
#8806 = CARTESIAN_POINT('',(28.,57.,174.));
#8807 = DIRECTION('',(0.,0.,-1.));
#8808 = DIRECTION('',(0.,1.,0.));
#8809 = ORIENTED_EDGE('',*,*,#8810,.T.);
#8810 = EDGE_CURVE('',#8802,#8811,#8813,.T.);
#8811 = VERTEX_POINT('',#8812);
#8812 = CARTESIAN_POINT('',(108.,62.,174.));
#8813 = LINE('',#8814,#8815);
#8814 = CARTESIAN_POINT('',(88.,62.,174.));
#8815 = VECTOR('',#8816,1.);
#8816 = DIRECTION('',(1.,0.,0.));
#8817 = ORIENTED_EDGE('',*,*,#8818,.T.);
#8818 = EDGE_CURVE('',#8811,#8819,#8821,.T.);
#8819 = VERTEX_POINT('',#8820);
#8820 = CARTESIAN_POINT('',(113.,57.,174.));
#8821 = CIRCLE('',#8822,5.);
#8822 = AXIS2_PLACEMENT_3D('',#8823,#8824,#8825);
#8823 = CARTESIAN_POINT('',(108.,57.,174.));
#8824 = DIRECTION('',(0.,0.,-1.));
#8825 = DIRECTION('',(1.,0.,0.));
#8826 = ORIENTED_EDGE('',*,*,#8827,.T.);
#8827 = EDGE_CURVE('',#8819,#8766,#8828,.T.);
#8828 = LINE('',#8829,#8830);
#8829 = CARTESIAN_POINT('',(113.,71.,174.));
#8830 = VECTOR('',#8831,1.);
#8831 = DIRECTION('',(0.,-1.,0.));
#8832 = FACE_BOUND('',#8833,.F.);
#8833 = EDGE_LOOP('',(#8834,#8845,#8853,#8862,#8870,#8879,#8887,#8896));
#8834 = ORIENTED_EDGE('',*,*,#8835,.T.);
#8835 = EDGE_CURVE('',#8836,#8838,#8840,.T.);
#8836 = VERTEX_POINT('',#8837);
#8837 = CARTESIAN_POINT('',(113.,107.,174.));
#8838 = VERTEX_POINT('',#8839);
#8839 = CARTESIAN_POINT('',(108.,102.,174.));
#8840 = CIRCLE('',#8841,5.);
#8841 = AXIS2_PLACEMENT_3D('',#8842,#8843,#8844);
#8842 = CARTESIAN_POINT('',(108.,107.,174.));
#8843 = DIRECTION('',(-0.,-0.,-1.));
#8844 = DIRECTION('',(0.,-1.,0.));
#8845 = ORIENTED_EDGE('',*,*,#8846,.T.);
#8846 = EDGE_CURVE('',#8838,#8847,#8849,.T.);
#8847 = VERTEX_POINT('',#8848);
#8848 = CARTESIAN_POINT('',(28.,102.,174.));
#8849 = LINE('',#8850,#8851);
#8850 = CARTESIAN_POINT('',(48.,102.,174.));
#8851 = VECTOR('',#8852,1.);
#8852 = DIRECTION('',(-1.,0.,0.));
#8853 = ORIENTED_EDGE('',*,*,#8854,.T.);
#8854 = EDGE_CURVE('',#8847,#8855,#8857,.T.);
#8855 = VERTEX_POINT('',#8856);
#8856 = CARTESIAN_POINT('',(23.,107.,174.));
#8857 = CIRCLE('',#8858,5.);
#8858 = AXIS2_PLACEMENT_3D('',#8859,#8860,#8861);
#8859 = CARTESIAN_POINT('',(28.,107.,174.));
#8860 = DIRECTION('',(0.,0.,-1.));
#8861 = DIRECTION('',(-1.,0.,0.));
#8862 = ORIENTED_EDGE('',*,*,#8863,.T.);
#8863 = EDGE_CURVE('',#8855,#8864,#8866,.T.);
#8864 = VERTEX_POINT('',#8865);
#8865 = CARTESIAN_POINT('',(23.,203.,174.));
#8866 = LINE('',#8867,#8868);
#8867 = CARTESIAN_POINT('',(23.,159.,174.));
#8868 = VECTOR('',#8869,1.);
#8869 = DIRECTION('',(0.,1.,0.));
#8870 = ORIENTED_EDGE('',*,*,#8871,.T.);
#8871 = EDGE_CURVE('',#8864,#8872,#8874,.T.);
#8872 = VERTEX_POINT('',#8873);
#8873 = CARTESIAN_POINT('',(28.,208.,174.));
#8874 = CIRCLE('',#8875,5.);
#8875 = AXIS2_PLACEMENT_3D('',#8876,#8877,#8878);
#8876 = CARTESIAN_POINT('',(28.,203.,174.));
#8877 = DIRECTION('',(0.,0.,-1.));
#8878 = DIRECTION('',(0.,1.,0.));
#8879 = ORIENTED_EDGE('',*,*,#8880,.T.);
#8880 = EDGE_CURVE('',#8872,#8881,#8883,.T.);
#8881 = VERTEX_POINT('',#8882);
#8882 = CARTESIAN_POINT('',(108.,208.,174.));
#8883 = LINE('',#8884,#8885);
#8884 = CARTESIAN_POINT('',(88.,208.,174.));
#8885 = VECTOR('',#8886,1.);
#8886 = DIRECTION('',(1.,0.,0.));
#8887 = ORIENTED_EDGE('',*,*,#8888,.T.);
#8888 = EDGE_CURVE('',#8881,#8889,#8891,.T.);
#8889 = VERTEX_POINT('',#8890);
#8890 = CARTESIAN_POINT('',(113.,203.,174.));
#8891 = CIRCLE('',#8892,5.);
#8892 = AXIS2_PLACEMENT_3D('',#8893,#8894,#8895);
#8893 = CARTESIAN_POINT('',(108.,203.,174.));
#8894 = DIRECTION('',(0.,0.,-1.));
#8895 = DIRECTION('',(1.,0.,0.));
#8896 = ORIENTED_EDGE('',*,*,#8897,.T.);
#8897 = EDGE_CURVE('',#8889,#8836,#8898,.T.);
#8898 = LINE('',#8899,#8900);
#8899 = CARTESIAN_POINT('',(113.,111.,174.));
#8900 = VECTOR('',#8901,1.);
#8901 = DIRECTION('',(0.,-1.,0.));
#8902 = PLANE('',#8903);
#8903 = AXIS2_PLACEMENT_3D('',#8904,#8905,#8906);
#8904 = CARTESIAN_POINT('',(68.,115.,174.));
#8905 = DIRECTION('',(0.,0.,1.));
#8906 = DIRECTION('',(1.,0.,0.));
#8907 = ADVANCED_FACE('',(#8908,#8953,#9023),#9093,.T.);
#8908 = FACE_BOUND('',#8909,.T.);
#8909 = EDGE_LOOP('',(#8910,#8911,#8912,#8920,#8929,#8937,#8946,#8952));
#8910 = ORIENTED_EDGE('',*,*,#8624,.T.);
#8911 = ORIENTED_EDGE('',*,*,#8688,.T.);
#8912 = ORIENTED_EDGE('',*,*,#8913,.T.);
#8913 = EDGE_CURVE('',#8689,#8914,#8916,.T.);
#8914 = VERTEX_POINT('',#8915);
#8915 = CARTESIAN_POINT('',(124.,214.,175.5));
#8916 = LINE('',#8917,#8918);
#8917 = CARTESIAN_POINT('',(124.,16.,175.5));
#8918 = VECTOR('',#8919,1.);
#8919 = DIRECTION('',(0.,1.,0.));
#8920 = ORIENTED_EDGE('',*,*,#8921,.T.);
#8921 = EDGE_CURVE('',#8914,#8922,#8924,.T.);
#8922 = VERTEX_POINT('',#8923);
#8923 = CARTESIAN_POINT('',(120.,218.,175.5));
#8924 = CIRCLE('',#8925,4.);
#8925 = AXIS2_PLACEMENT_3D('',#8926,#8927,#8928);
#8926 = CARTESIAN_POINT('',(120.,214.,175.5));
#8927 = DIRECTION('',(0.,-0.,1.));
#8928 = DIRECTION('',(1.,3.5527136788E-15,0.));
#8929 = ORIENTED_EDGE('',*,*,#8930,.T.);
#8930 = EDGE_CURVE('',#8922,#8931,#8933,.T.);
#8931 = VERTEX_POINT('',#8932);
#8932 = CARTESIAN_POINT('',(16.,218.,175.5));
#8933 = LINE('',#8934,#8935);
#8934 = CARTESIAN_POINT('',(120.,218.,175.5));
#8935 = VECTOR('',#8936,1.);
#8936 = DIRECTION('',(-1.,0.,0.));
#8937 = ORIENTED_EDGE('',*,*,#8938,.T.);
#8938 = EDGE_CURVE('',#8931,#8939,#8941,.T.);
#8939 = VERTEX_POINT('',#8940);
#8940 = CARTESIAN_POINT('',(12.,214.,175.5));
#8941 = CIRCLE('',#8942,4.);
#8942 = AXIS2_PLACEMENT_3D('',#8943,#8944,#8945);
#8943 = CARTESIAN_POINT('',(16.,214.,175.5));
#8944 = DIRECTION('',(0.,0.,1.));
#8945 = DIRECTION('',(-1.7763568394E-15,1.,0.));
#8946 = ORIENTED_EDGE('',*,*,#8947,.T.);
#8947 = EDGE_CURVE('',#8939,#8657,#8948,.T.);
#8948 = LINE('',#8949,#8950);
#8949 = CARTESIAN_POINT('',(12.,214.,175.5));
#8950 = VECTOR('',#8951,1.);
#8951 = DIRECTION('',(0.,-1.,0.));
#8952 = ORIENTED_EDGE('',*,*,#8664,.T.);
#8953 = FACE_BOUND('',#8954,.T.);
#8954 = EDGE_LOOP('',(#8955,#8966,#8974,#8983,#8991,#9000,#9008,#9017));
#8955 = ORIENTED_EDGE('',*,*,#8956,.T.);
#8956 = EDGE_CURVE('',#8957,#8959,#8961,.T.);
#8957 = VERTEX_POINT('',#8958);
#8958 = CARTESIAN_POINT('',(113.,27.,175.5));
#8959 = VERTEX_POINT('',#8960);
#8960 = CARTESIAN_POINT('',(108.,22.,175.5));
#8961 = CIRCLE('',#8962,5.);
#8962 = AXIS2_PLACEMENT_3D('',#8963,#8964,#8965);
#8963 = CARTESIAN_POINT('',(108.,27.,175.5));
#8964 = DIRECTION('',(-0.,-0.,-1.));
#8965 = DIRECTION('',(0.,-1.,0.));
#8966 = ORIENTED_EDGE('',*,*,#8967,.T.);
#8967 = EDGE_CURVE('',#8959,#8968,#8970,.T.);
#8968 = VERTEX_POINT('',#8969);
#8969 = CARTESIAN_POINT('',(28.,22.,175.5));
#8970 = LINE('',#8971,#8972);
#8971 = CARTESIAN_POINT('',(48.,22.,175.5));
#8972 = VECTOR('',#8973,1.);
#8973 = DIRECTION('',(-1.,0.,0.));
#8974 = ORIENTED_EDGE('',*,*,#8975,.T.);
#8975 = EDGE_CURVE('',#8968,#8976,#8978,.T.);
#8976 = VERTEX_POINT('',#8977);
#8977 = CARTESIAN_POINT('',(23.,27.,175.5));
#8978 = CIRCLE('',#8979,5.);
#8979 = AXIS2_PLACEMENT_3D('',#8980,#8981,#8982);
#8980 = CARTESIAN_POINT('',(28.,27.,175.5));
#8981 = DIRECTION('',(0.,0.,-1.));
#8982 = DIRECTION('',(-1.,0.,0.));
#8983 = ORIENTED_EDGE('',*,*,#8984,.T.);
#8984 = EDGE_CURVE('',#8976,#8985,#8987,.T.);
#8985 = VERTEX_POINT('',#8986);
#8986 = CARTESIAN_POINT('',(23.,57.,175.5));
#8987 = LINE('',#8988,#8989);
#8988 = CARTESIAN_POINT('',(23.,86.,175.5));
#8989 = VECTOR('',#8990,1.);
#8990 = DIRECTION('',(0.,1.,0.));
#8991 = ORIENTED_EDGE('',*,*,#8992,.T.);
#8992 = EDGE_CURVE('',#8985,#8993,#8995,.T.);
#8993 = VERTEX_POINT('',#8994);
#8994 = CARTESIAN_POINT('',(28.,62.,175.5));
#8995 = CIRCLE('',#8996,5.);
#8996 = AXIS2_PLACEMENT_3D('',#8997,#8998,#8999);
#8997 = CARTESIAN_POINT('',(28.,57.,175.5));
#8998 = DIRECTION('',(0.,0.,-1.));
#8999 = DIRECTION('',(0.,1.,0.));
#9000 = ORIENTED_EDGE('',*,*,#9001,.T.);
#9001 = EDGE_CURVE('',#8993,#9002,#9004,.T.);
#9002 = VERTEX_POINT('',#9003);
#9003 = CARTESIAN_POINT('',(108.,62.,175.5));
#9004 = LINE('',#9005,#9006);
#9005 = CARTESIAN_POINT('',(88.,62.,175.5));
#9006 = VECTOR('',#9007,1.);
#9007 = DIRECTION('',(1.,0.,0.));
#9008 = ORIENTED_EDGE('',*,*,#9009,.T.);
#9009 = EDGE_CURVE('',#9002,#9010,#9012,.T.);
#9010 = VERTEX_POINT('',#9011);
#9011 = CARTESIAN_POINT('',(113.,57.,175.5));
#9012 = CIRCLE('',#9013,5.);
#9013 = AXIS2_PLACEMENT_3D('',#9014,#9015,#9016);
#9014 = CARTESIAN_POINT('',(108.,57.,175.5));
#9015 = DIRECTION('',(0.,0.,-1.));
#9016 = DIRECTION('',(1.,0.,0.));
#9017 = ORIENTED_EDGE('',*,*,#9018,.T.);
#9018 = EDGE_CURVE('',#9010,#8957,#9019,.T.);
#9019 = LINE('',#9020,#9021);
#9020 = CARTESIAN_POINT('',(113.,71.,175.5));
#9021 = VECTOR('',#9022,1.);
#9022 = DIRECTION('',(0.,-1.,0.));
#9023 = FACE_BOUND('',#9024,.T.);
#9024 = EDGE_LOOP('',(#9025,#9036,#9044,#9053,#9061,#9070,#9078,#9087));
#9025 = ORIENTED_EDGE('',*,*,#9026,.T.);
#9026 = EDGE_CURVE('',#9027,#9029,#9031,.T.);
#9027 = VERTEX_POINT('',#9028);
#9028 = CARTESIAN_POINT('',(113.,107.,175.5));
#9029 = VERTEX_POINT('',#9030);
#9030 = CARTESIAN_POINT('',(108.,102.,175.5));
#9031 = CIRCLE('',#9032,5.);
#9032 = AXIS2_PLACEMENT_3D('',#9033,#9034,#9035);
#9033 = CARTESIAN_POINT('',(108.,107.,175.5));
#9034 = DIRECTION('',(-0.,-0.,-1.));
#9035 = DIRECTION('',(0.,-1.,0.));
#9036 = ORIENTED_EDGE('',*,*,#9037,.T.);
#9037 = EDGE_CURVE('',#9029,#9038,#9040,.T.);
#9038 = VERTEX_POINT('',#9039);
#9039 = CARTESIAN_POINT('',(28.,102.,175.5));
#9040 = LINE('',#9041,#9042);
#9041 = CARTESIAN_POINT('',(48.,102.,175.5));
#9042 = VECTOR('',#9043,1.);
#9043 = DIRECTION('',(-1.,0.,0.));
#9044 = ORIENTED_EDGE('',*,*,#9045,.T.);
#9045 = EDGE_CURVE('',#9038,#9046,#9048,.T.);
#9046 = VERTEX_POINT('',#9047);
#9047 = CARTESIAN_POINT('',(23.,107.,175.5));
#9048 = CIRCLE('',#9049,5.);
#9049 = AXIS2_PLACEMENT_3D('',#9050,#9051,#9052);
#9050 = CARTESIAN_POINT('',(28.,107.,175.5));
#9051 = DIRECTION('',(0.,0.,-1.));
#9052 = DIRECTION('',(-1.,0.,0.));
#9053 = ORIENTED_EDGE('',*,*,#9054,.T.);
#9054 = EDGE_CURVE('',#9046,#9055,#9057,.T.);
#9055 = VERTEX_POINT('',#9056);
#9056 = CARTESIAN_POINT('',(23.,203.,175.5));
#9057 = LINE('',#9058,#9059);
#9058 = CARTESIAN_POINT('',(23.,159.,175.5));
#9059 = VECTOR('',#9060,1.);
#9060 = DIRECTION('',(0.,1.,0.));
#9061 = ORIENTED_EDGE('',*,*,#9062,.T.);
#9062 = EDGE_CURVE('',#9055,#9063,#9065,.T.);
#9063 = VERTEX_POINT('',#9064);
#9064 = CARTESIAN_POINT('',(28.,208.,175.5));
#9065 = CIRCLE('',#9066,5.);
#9066 = AXIS2_PLACEMENT_3D('',#9067,#9068,#9069);
#9067 = CARTESIAN_POINT('',(28.,203.,175.5));
#9068 = DIRECTION('',(0.,0.,-1.));
#9069 = DIRECTION('',(0.,1.,0.));
#9070 = ORIENTED_EDGE('',*,*,#9071,.T.);
#9071 = EDGE_CURVE('',#9063,#9072,#9074,.T.);
#9072 = VERTEX_POINT('',#9073);
#9073 = CARTESIAN_POINT('',(108.,208.,175.5));
#9074 = LINE('',#9075,#9076);
#9075 = CARTESIAN_POINT('',(88.,208.,175.5));
#9076 = VECTOR('',#9077,1.);
#9077 = DIRECTION('',(1.,0.,0.));
#9078 = ORIENTED_EDGE('',*,*,#9079,.T.);
#9079 = EDGE_CURVE('',#9072,#9080,#9082,.T.);
#9080 = VERTEX_POINT('',#9081);
#9081 = CARTESIAN_POINT('',(113.,203.,175.5));
#9082 = CIRCLE('',#9083,5.);
#9083 = AXIS2_PLACEMENT_3D('',#9084,#9085,#9086);
#9084 = CARTESIAN_POINT('',(108.,203.,175.5));
#9085 = DIRECTION('',(0.,0.,-1.));
#9086 = DIRECTION('',(1.,0.,0.));
#9087 = ORIENTED_EDGE('',*,*,#9088,.T.);
#9088 = EDGE_CURVE('',#9080,#9027,#9089,.T.);
#9089 = LINE('',#9090,#9091);
#9090 = CARTESIAN_POINT('',(113.,111.,175.5));
#9091 = VECTOR('',#9092,1.);
#9092 = DIRECTION('',(0.,-1.,0.));
#9093 = PLANE('',#9094);
#9094 = AXIS2_PLACEMENT_3D('',#9095,#9096,#9097);
#9095 = CARTESIAN_POINT('',(68.,115.,175.5));
#9096 = DIRECTION('',(0.,0.,1.));
#9097 = DIRECTION('',(1.,0.,0.));
#9098 = ADVANCED_FACE('',(#9099),#9110,.F.);
#9099 = FACE_BOUND('',#9100,.F.);
#9100 = EDGE_LOOP('',(#9101,#9107,#9108,#9109));
#9101 = ORIENTED_EDGE('',*,*,#9102,.T.);
#9102 = EDGE_CURVE('',#8748,#8939,#9103,.T.);
#9103 = LINE('',#9104,#9105);
#9104 = CARTESIAN_POINT('',(12.,214.,174.));
#9105 = VECTOR('',#9106,1.);
#9106 = DIRECTION('',(0.,0.,1.));
#9107 = ORIENTED_EDGE('',*,*,#8947,.T.);
#9108 = ORIENTED_EDGE('',*,*,#8654,.F.);
#9109 = ORIENTED_EDGE('',*,*,#8756,.F.);
#9110 = PLANE('',#9111);
#9111 = AXIS2_PLACEMENT_3D('',#9112,#9113,#9114);
#9112 = CARTESIAN_POINT('',(12.,214.,174.));
#9113 = DIRECTION('',(1.,0.,0.));
#9114 = DIRECTION('',(0.,-1.,0.));
#9115 = ADVANCED_FACE('',(#9116),#9127,.F.);
#9116 = FACE_BOUND('',#9117,.F.);
#9117 = EDGE_LOOP('',(#9118,#9119,#9120,#9126));
#9118 = ORIENTED_EDGE('',*,*,#8697,.T.);
#9119 = ORIENTED_EDGE('',*,*,#8913,.T.);
#9120 = ORIENTED_EDGE('',*,*,#9121,.F.);
#9121 = EDGE_CURVE('',#8723,#8914,#9122,.T.);
#9122 = LINE('',#9123,#9124);
#9123 = CARTESIAN_POINT('',(124.,214.,174.));
#9124 = VECTOR('',#9125,1.);
#9125 = DIRECTION('',(0.,0.,1.));
#9126 = ORIENTED_EDGE('',*,*,#8722,.F.);
#9127 = PLANE('',#9128);
#9128 = AXIS2_PLACEMENT_3D('',#9129,#9130,#9131);
#9129 = CARTESIAN_POINT('',(124.,16.,174.));
#9130 = DIRECTION('',(-1.,0.,0.));
#9131 = DIRECTION('',(0.,1.,0.));
#9132 = ADVANCED_FACE('',(#9133),#9144,.T.);
#9133 = FACE_BOUND('',#9134,.F.);
#9134 = EDGE_LOOP('',(#9135,#9141,#9142,#9143));
#9135 = ORIENTED_EDGE('',*,*,#9136,.T.);
#9136 = EDGE_CURVE('',#8740,#8931,#9137,.T.);
#9137 = LINE('',#9138,#9139);
#9138 = CARTESIAN_POINT('',(16.,218.,174.));
#9139 = VECTOR('',#9140,1.);
#9140 = DIRECTION('',(0.,0.,1.));
#9141 = ORIENTED_EDGE('',*,*,#8938,.T.);
#9142 = ORIENTED_EDGE('',*,*,#9102,.F.);
#9143 = ORIENTED_EDGE('',*,*,#8747,.F.);
#9144 = CYLINDRICAL_SURFACE('',#9145,4.);
#9145 = AXIS2_PLACEMENT_3D('',#9146,#9147,#9148);
#9146 = CARTESIAN_POINT('',(16.,214.,174.));
#9147 = DIRECTION('',(-0.,-0.,-1.));
#9148 = DIRECTION('',(-1.7763568394E-15,1.,0.));
#9149 = ADVANCED_FACE('',(#9150),#9161,.T.);
#9150 = FACE_BOUND('',#9151,.F.);
#9151 = EDGE_LOOP('',(#9152,#9153,#9154,#9160));
#9152 = ORIENTED_EDGE('',*,*,#9121,.T.);
#9153 = ORIENTED_EDGE('',*,*,#8921,.T.);
#9154 = ORIENTED_EDGE('',*,*,#9155,.F.);
#9155 = EDGE_CURVE('',#8731,#8922,#9156,.T.);
#9156 = LINE('',#9157,#9158);
#9157 = CARTESIAN_POINT('',(120.,218.,174.));
#9158 = VECTOR('',#9159,1.);
#9159 = DIRECTION('',(0.,0.,1.));
#9160 = ORIENTED_EDGE('',*,*,#8730,.F.);
#9161 = CYLINDRICAL_SURFACE('',#9162,4.);
#9162 = AXIS2_PLACEMENT_3D('',#9163,#9164,#9165);
#9163 = CARTESIAN_POINT('',(120.,214.,174.));
#9164 = DIRECTION('',(-0.,-0.,-1.));
#9165 = DIRECTION('',(1.,3.5527136788E-15,0.));
#9166 = ADVANCED_FACE('',(#9167),#9173,.F.);
#9167 = FACE_BOUND('',#9168,.F.);
#9168 = EDGE_LOOP('',(#9169,#9170,#9171,#9172));
#9169 = ORIENTED_EDGE('',*,*,#9155,.T.);
#9170 = ORIENTED_EDGE('',*,*,#8930,.T.);
#9171 = ORIENTED_EDGE('',*,*,#9136,.F.);
#9172 = ORIENTED_EDGE('',*,*,#8739,.F.);
#9173 = PLANE('',#9174);
#9174 = AXIS2_PLACEMENT_3D('',#9175,#9176,#9177);
#9175 = CARTESIAN_POINT('',(120.,218.,174.));
#9176 = DIRECTION('',(0.,-1.,0.));
#9177 = DIRECTION('',(-1.,0.,0.));
#9178 = ADVANCED_FACE('',(#9179),#9195,.F.);
#9179 = FACE_BOUND('',#9180,.T.);
#9180 = EDGE_LOOP('',(#9181,#9182,#9188,#9189));
#9181 = ORIENTED_EDGE('',*,*,#8765,.T.);
#9182 = ORIENTED_EDGE('',*,*,#9183,.T.);
#9183 = EDGE_CURVE('',#8768,#8959,#9184,.T.);
#9184 = LINE('',#9185,#9186);
#9185 = CARTESIAN_POINT('',(108.,22.,173.5));
#9186 = VECTOR('',#9187,1.);
#9187 = DIRECTION('',(0.,0.,1.));
#9188 = ORIENTED_EDGE('',*,*,#8956,.F.);
#9189 = ORIENTED_EDGE('',*,*,#9190,.F.);
#9190 = EDGE_CURVE('',#8766,#8957,#9191,.T.);
#9191 = LINE('',#9192,#9193);
#9192 = CARTESIAN_POINT('',(113.,27.,173.5));
#9193 = VECTOR('',#9194,1.);
#9194 = DIRECTION('',(0.,0.,1.));
#9195 = CYLINDRICAL_SURFACE('',#9196,5.);
#9196 = AXIS2_PLACEMENT_3D('',#9197,#9198,#9199);
#9197 = CARTESIAN_POINT('',(108.,27.,173.5));
#9198 = DIRECTION('',(-0.,-0.,-1.));
#9199 = DIRECTION('',(0.,-1.,0.));
#9200 = ADVANCED_FACE('',(#9201),#9212,.T.);
#9201 = FACE_BOUND('',#9202,.T.);
#9202 = EDGE_LOOP('',(#9203,#9204,#9205,#9206));
#9203 = ORIENTED_EDGE('',*,*,#8827,.T.);
#9204 = ORIENTED_EDGE('',*,*,#9190,.T.);
#9205 = ORIENTED_EDGE('',*,*,#9018,.F.);
#9206 = ORIENTED_EDGE('',*,*,#9207,.F.);
#9207 = EDGE_CURVE('',#8819,#9010,#9208,.T.);
#9208 = LINE('',#9209,#9210);
#9209 = CARTESIAN_POINT('',(113.,57.,173.5));
#9210 = VECTOR('',#9211,1.);
#9211 = DIRECTION('',(0.,0.,1.));
#9212 = PLANE('',#9213);
#9213 = AXIS2_PLACEMENT_3D('',#9214,#9215,#9216);
#9214 = CARTESIAN_POINT('',(113.,27.,173.5));
#9215 = DIRECTION('',(-1.,0.,0.));
#9216 = DIRECTION('',(0.,1.,0.));
#9217 = ADVANCED_FACE('',(#9218),#9229,.F.);
#9218 = FACE_BOUND('',#9219,.T.);
#9219 = EDGE_LOOP('',(#9220,#9221,#9222,#9223));
#9220 = ORIENTED_EDGE('',*,*,#8818,.T.);
#9221 = ORIENTED_EDGE('',*,*,#9207,.T.);
#9222 = ORIENTED_EDGE('',*,*,#9009,.F.);
#9223 = ORIENTED_EDGE('',*,*,#9224,.F.);
#9224 = EDGE_CURVE('',#8811,#9002,#9225,.T.);
#9225 = LINE('',#9226,#9227);
#9226 = CARTESIAN_POINT('',(108.,62.,173.5));
#9227 = VECTOR('',#9228,1.);
#9228 = DIRECTION('',(0.,0.,1.));
#9229 = CYLINDRICAL_SURFACE('',#9230,5.);
#9230 = AXIS2_PLACEMENT_3D('',#9231,#9232,#9233);
#9231 = CARTESIAN_POINT('',(108.,57.,173.5));
#9232 = DIRECTION('',(-0.,-0.,-1.));
#9233 = DIRECTION('',(1.,0.,0.));
#9234 = ADVANCED_FACE('',(#9235),#9246,.T.);
#9235 = FACE_BOUND('',#9236,.T.);
#9236 = EDGE_LOOP('',(#9237,#9238,#9239,#9240));
#9237 = ORIENTED_EDGE('',*,*,#8810,.T.);
#9238 = ORIENTED_EDGE('',*,*,#9224,.T.);
#9239 = ORIENTED_EDGE('',*,*,#9001,.F.);
#9240 = ORIENTED_EDGE('',*,*,#9241,.F.);
#9241 = EDGE_CURVE('',#8802,#8993,#9242,.T.);
#9242 = LINE('',#9243,#9244);
#9243 = CARTESIAN_POINT('',(28.,62.,173.5));
#9244 = VECTOR('',#9245,1.);
#9245 = DIRECTION('',(0.,0.,1.));
#9246 = PLANE('',#9247);
#9247 = AXIS2_PLACEMENT_3D('',#9248,#9249,#9250);
#9248 = CARTESIAN_POINT('',(108.,62.,173.5));
#9249 = DIRECTION('',(0.,-1.,0.));
#9250 = DIRECTION('',(-1.,0.,0.));
#9251 = ADVANCED_FACE('',(#9252),#9263,.F.);
#9252 = FACE_BOUND('',#9253,.T.);
#9253 = EDGE_LOOP('',(#9254,#9255,#9256,#9257));
#9254 = ORIENTED_EDGE('',*,*,#8801,.T.);
#9255 = ORIENTED_EDGE('',*,*,#9241,.T.);
#9256 = ORIENTED_EDGE('',*,*,#8992,.F.);
#9257 = ORIENTED_EDGE('',*,*,#9258,.F.);
#9258 = EDGE_CURVE('',#8794,#8985,#9259,.T.);
#9259 = LINE('',#9260,#9261);
#9260 = CARTESIAN_POINT('',(23.,57.,173.5));
#9261 = VECTOR('',#9262,1.);
#9262 = DIRECTION('',(0.,0.,1.));
#9263 = CYLINDRICAL_SURFACE('',#9264,5.);
#9264 = AXIS2_PLACEMENT_3D('',#9265,#9266,#9267);
#9265 = CARTESIAN_POINT('',(28.,57.,173.5));
#9266 = DIRECTION('',(0.,0.,-1.));
#9267 = DIRECTION('',(0.,1.,0.));
#9268 = ADVANCED_FACE('',(#9269),#9280,.T.);
#9269 = FACE_BOUND('',#9270,.T.);
#9270 = EDGE_LOOP('',(#9271,#9272,#9273,#9274));
#9271 = ORIENTED_EDGE('',*,*,#8793,.T.);
#9272 = ORIENTED_EDGE('',*,*,#9258,.T.);
#9273 = ORIENTED_EDGE('',*,*,#8984,.F.);
#9274 = ORIENTED_EDGE('',*,*,#9275,.F.);
#9275 = EDGE_CURVE('',#8785,#8976,#9276,.T.);
#9276 = LINE('',#9277,#9278);
#9277 = CARTESIAN_POINT('',(23.,27.,173.5));
#9278 = VECTOR('',#9279,1.);
#9279 = DIRECTION('',(0.,0.,1.));
#9280 = PLANE('',#9281);
#9281 = AXIS2_PLACEMENT_3D('',#9282,#9283,#9284);
#9282 = CARTESIAN_POINT('',(23.,57.,173.5));
#9283 = DIRECTION('',(1.,0.,0.));
#9284 = DIRECTION('',(0.,-1.,0.));
#9285 = ADVANCED_FACE('',(#9286),#9297,.F.);
#9286 = FACE_BOUND('',#9287,.T.);
#9287 = EDGE_LOOP('',(#9288,#9289,#9290,#9291));
#9288 = ORIENTED_EDGE('',*,*,#8784,.T.);
#9289 = ORIENTED_EDGE('',*,*,#9275,.T.);
#9290 = ORIENTED_EDGE('',*,*,#8975,.F.);
#9291 = ORIENTED_EDGE('',*,*,#9292,.F.);
#9292 = EDGE_CURVE('',#8777,#8968,#9293,.T.);
#9293 = LINE('',#9294,#9295);
#9294 = CARTESIAN_POINT('',(28.,22.,173.5));
#9295 = VECTOR('',#9296,1.);
#9296 = DIRECTION('',(0.,0.,1.));
#9297 = CYLINDRICAL_SURFACE('',#9298,5.);
#9298 = AXIS2_PLACEMENT_3D('',#9299,#9300,#9301);
#9299 = CARTESIAN_POINT('',(28.,27.,173.5));
#9300 = DIRECTION('',(-0.,-0.,-1.));
#9301 = DIRECTION('',(-1.,0.,0.));
#9302 = ADVANCED_FACE('',(#9303),#9309,.T.);
#9303 = FACE_BOUND('',#9304,.T.);
#9304 = EDGE_LOOP('',(#9305,#9306,#9307,#9308));
#9305 = ORIENTED_EDGE('',*,*,#8776,.T.);
#9306 = ORIENTED_EDGE('',*,*,#9292,.T.);
#9307 = ORIENTED_EDGE('',*,*,#8967,.F.);
#9308 = ORIENTED_EDGE('',*,*,#9183,.F.);
#9309 = PLANE('',#9310);
#9310 = AXIS2_PLACEMENT_3D('',#9311,#9312,#9313);
#9311 = CARTESIAN_POINT('',(28.,22.,173.5));
#9312 = DIRECTION('',(0.,1.,0.));
#9313 = DIRECTION('',(1.,0.,0.));
#9314 = ADVANCED_FACE('',(#9315),#9331,.F.);
#9315 = FACE_BOUND('',#9316,.T.);
#9316 = EDGE_LOOP('',(#9317,#9318,#9324,#9325));
#9317 = ORIENTED_EDGE('',*,*,#8835,.T.);
#9318 = ORIENTED_EDGE('',*,*,#9319,.T.);
#9319 = EDGE_CURVE('',#8838,#9029,#9320,.T.);
#9320 = LINE('',#9321,#9322);
#9321 = CARTESIAN_POINT('',(108.,102.,173.5));
#9322 = VECTOR('',#9323,1.);
#9323 = DIRECTION('',(0.,0.,1.));
#9324 = ORIENTED_EDGE('',*,*,#9026,.F.);
#9325 = ORIENTED_EDGE('',*,*,#9326,.F.);
#9326 = EDGE_CURVE('',#8836,#9027,#9327,.T.);
#9327 = LINE('',#9328,#9329);
#9328 = CARTESIAN_POINT('',(113.,107.,173.5));
#9329 = VECTOR('',#9330,1.);
#9330 = DIRECTION('',(0.,0.,1.));
#9331 = CYLINDRICAL_SURFACE('',#9332,5.);
#9332 = AXIS2_PLACEMENT_3D('',#9333,#9334,#9335);
#9333 = CARTESIAN_POINT('',(108.,107.,173.5));
#9334 = DIRECTION('',(-0.,-0.,-1.));
#9335 = DIRECTION('',(0.,-1.,0.));
#9336 = ADVANCED_FACE('',(#9337),#9348,.T.);
#9337 = FACE_BOUND('',#9338,.T.);
#9338 = EDGE_LOOP('',(#9339,#9340,#9341,#9342));
#9339 = ORIENTED_EDGE('',*,*,#8897,.T.);
#9340 = ORIENTED_EDGE('',*,*,#9326,.T.);
#9341 = ORIENTED_EDGE('',*,*,#9088,.F.);
#9342 = ORIENTED_EDGE('',*,*,#9343,.F.);
#9343 = EDGE_CURVE('',#8889,#9080,#9344,.T.);
#9344 = LINE('',#9345,#9346);
#9345 = CARTESIAN_POINT('',(113.,203.,173.5));
#9346 = VECTOR('',#9347,1.);
#9347 = DIRECTION('',(0.,0.,1.));
#9348 = PLANE('',#9349);
#9349 = AXIS2_PLACEMENT_3D('',#9350,#9351,#9352);
#9350 = CARTESIAN_POINT('',(113.,107.,173.5));
#9351 = DIRECTION('',(-1.,0.,0.));
#9352 = DIRECTION('',(0.,1.,0.));
#9353 = ADVANCED_FACE('',(#9354),#9365,.T.);
#9354 = FACE_BOUND('',#9355,.T.);
#9355 = EDGE_LOOP('',(#9356,#9357,#9363,#9364));
#9356 = ORIENTED_EDGE('',*,*,#8846,.T.);
#9357 = ORIENTED_EDGE('',*,*,#9358,.T.);
#9358 = EDGE_CURVE('',#8847,#9038,#9359,.T.);
#9359 = LINE('',#9360,#9361);
#9360 = CARTESIAN_POINT('',(28.,102.,173.5));
#9361 = VECTOR('',#9362,1.);
#9362 = DIRECTION('',(0.,0.,1.));
#9363 = ORIENTED_EDGE('',*,*,#9037,.F.);
#9364 = ORIENTED_EDGE('',*,*,#9319,.F.);
#9365 = PLANE('',#9366);
#9366 = AXIS2_PLACEMENT_3D('',#9367,#9368,#9369);
#9367 = CARTESIAN_POINT('',(28.,102.,173.5));
#9368 = DIRECTION('',(0.,1.,0.));
#9369 = DIRECTION('',(1.,0.,0.));
#9370 = ADVANCED_FACE('',(#9371),#9382,.F.);
#9371 = FACE_BOUND('',#9372,.T.);
#9372 = EDGE_LOOP('',(#9373,#9374,#9375,#9376));
#9373 = ORIENTED_EDGE('',*,*,#8888,.T.);
#9374 = ORIENTED_EDGE('',*,*,#9343,.T.);
#9375 = ORIENTED_EDGE('',*,*,#9079,.F.);
#9376 = ORIENTED_EDGE('',*,*,#9377,.F.);
#9377 = EDGE_CURVE('',#8881,#9072,#9378,.T.);
#9378 = LINE('',#9379,#9380);
#9379 = CARTESIAN_POINT('',(108.,208.,173.5));
#9380 = VECTOR('',#9381,1.);
#9381 = DIRECTION('',(0.,0.,1.));
#9382 = CYLINDRICAL_SURFACE('',#9383,5.);
#9383 = AXIS2_PLACEMENT_3D('',#9384,#9385,#9386);
#9384 = CARTESIAN_POINT('',(108.,203.,173.5));
#9385 = DIRECTION('',(-0.,-0.,-1.));
#9386 = DIRECTION('',(1.,0.,0.));
#9387 = ADVANCED_FACE('',(#9388),#9399,.F.);
#9388 = FACE_BOUND('',#9389,.T.);
#9389 = EDGE_LOOP('',(#9390,#9391,#9397,#9398));
#9390 = ORIENTED_EDGE('',*,*,#8854,.T.);
#9391 = ORIENTED_EDGE('',*,*,#9392,.T.);
#9392 = EDGE_CURVE('',#8855,#9046,#9393,.T.);
#9393 = LINE('',#9394,#9395);
#9394 = CARTESIAN_POINT('',(23.,107.,173.5));
#9395 = VECTOR('',#9396,1.);
#9396 = DIRECTION('',(0.,0.,1.));
#9397 = ORIENTED_EDGE('',*,*,#9045,.F.);
#9398 = ORIENTED_EDGE('',*,*,#9358,.F.);
#9399 = CYLINDRICAL_SURFACE('',#9400,5.);
#9400 = AXIS2_PLACEMENT_3D('',#9401,#9402,#9403);
#9401 = CARTESIAN_POINT('',(28.,107.,173.5));
#9402 = DIRECTION('',(-0.,-0.,-1.));
#9403 = DIRECTION('',(-1.,0.,0.));
#9404 = ADVANCED_FACE('',(#9405),#9416,.T.);
#9405 = FACE_BOUND('',#9406,.T.);
#9406 = EDGE_LOOP('',(#9407,#9408,#9409,#9410));
#9407 = ORIENTED_EDGE('',*,*,#8880,.T.);
#9408 = ORIENTED_EDGE('',*,*,#9377,.T.);
#9409 = ORIENTED_EDGE('',*,*,#9071,.F.);
#9410 = ORIENTED_EDGE('',*,*,#9411,.F.);
#9411 = EDGE_CURVE('',#8872,#9063,#9412,.T.);
#9412 = LINE('',#9413,#9414);
#9413 = CARTESIAN_POINT('',(28.,208.,173.5));
#9414 = VECTOR('',#9415,1.);
#9415 = DIRECTION('',(0.,0.,1.));
#9416 = PLANE('',#9417);
#9417 = AXIS2_PLACEMENT_3D('',#9418,#9419,#9420);
#9418 = CARTESIAN_POINT('',(108.,208.,173.5));
#9419 = DIRECTION('',(0.,-1.,0.));
#9420 = DIRECTION('',(-1.,0.,0.));
#9421 = ADVANCED_FACE('',(#9422),#9433,.T.);
#9422 = FACE_BOUND('',#9423,.T.);
#9423 = EDGE_LOOP('',(#9424,#9425,#9431,#9432));
#9424 = ORIENTED_EDGE('',*,*,#8863,.T.);
#9425 = ORIENTED_EDGE('',*,*,#9426,.T.);
#9426 = EDGE_CURVE('',#8864,#9055,#9427,.T.);
#9427 = LINE('',#9428,#9429);
#9428 = CARTESIAN_POINT('',(23.,203.,173.5));
#9429 = VECTOR('',#9430,1.);
#9430 = DIRECTION('',(0.,0.,1.));
#9431 = ORIENTED_EDGE('',*,*,#9054,.F.);
#9432 = ORIENTED_EDGE('',*,*,#9392,.F.);
#9433 = PLANE('',#9434);
#9434 = AXIS2_PLACEMENT_3D('',#9435,#9436,#9437);
#9435 = CARTESIAN_POINT('',(23.,203.,173.5));
#9436 = DIRECTION('',(1.,0.,0.));
#9437 = DIRECTION('',(0.,-1.,0.));
#9438 = ADVANCED_FACE('',(#9439),#9445,.F.);
#9439 = FACE_BOUND('',#9440,.T.);
#9440 = EDGE_LOOP('',(#9441,#9442,#9443,#9444));
#9441 = ORIENTED_EDGE('',*,*,#8871,.T.);
#9442 = ORIENTED_EDGE('',*,*,#9411,.T.);
#9443 = ORIENTED_EDGE('',*,*,#9062,.F.);
#9444 = ORIENTED_EDGE('',*,*,#9426,.F.);
#9445 = CYLINDRICAL_SURFACE('',#9446,5.);
#9446 = AXIS2_PLACEMENT_3D('',#9447,#9448,#9449);
#9447 = CARTESIAN_POINT('',(28.,203.,173.5));
#9448 = DIRECTION('',(0.,0.,-1.));
#9449 = DIRECTION('',(0.,1.,0.));
#9450 = ( GEOMETRIC_REPRESENTATION_CONTEXT(3) 
GLOBAL_UNCERTAINTY_ASSIGNED_CONTEXT((#9454)) 
GLOBAL_UNIT_ASSIGNED_CONTEXT((#9451,#9452,#9453)) REPRESENTATION_CONTEXT
('Context #1','3D Context with UNIT and UNCERTAINTY') );
#9451 = ( LENGTH_UNIT() NAMED_UNIT(*) SI_UNIT(.MILLI.,.METRE.) );
#9452 = ( NAMED_UNIT(*) PLANE_ANGLE_UNIT() SI_UNIT($,.RADIAN.) );
#9453 = ( NAMED_UNIT(*) SI_UNIT($,.STERADIAN.) SOLID_ANGLE_UNIT() );
#9454 = UNCERTAINTY_MEASURE_WITH_UNIT(LENGTH_MEASURE(1.E-07),#9451,
  'distance_accuracy_value','confusion accuracy');
#9455 = PRODUCT_RELATED_PRODUCT_CATEGORY('part',$,(#7));
ENDSEC;
END-ISO-10303-21;
